DATA_BASE;TIPO_DESENROLA;UNIDADE_FEDERACAO;COD_CONGLOMERADO_FINANCEIRO;NOME_CONGLOMERADO_FINANCEIRO;NUMERO_OPERACOES;VOLUME_OPERACOES
202309;2;AC;49906;BB;142;1421991,10
202309;2;AC;10045;BRADESCO;15;83829,79
202309;2;AC;49944;BTG PACTUAL;7;37788,79
202309;2;AC;51626;CAIXA ECONÔMICA FEDERAL;81;246145,92
202309;2;AC;51884;INTER;4;12306,86
202309;2;AC;10069;ITAU;144;316331,72
202309;2;AC;30379;SANTANDER;232;1024530,13
202309;2;AC;51011;VOTORANTIM;16;63205,99
202309;2;AL;49906;BB;363;1913928,14
202309;2;AL;13009717;BCO DO EST. DE SE S.A.;1;3362,67
202309;2;AL;10045;BRADESCO;108;511735,61
202309;2;AL;49944;BTG PACTUAL;21;132834,28
202309;2;AL;51626;CAIXA ECONÔMICA FEDERAL;312;693197,85
202309;2;AL;51884;INTER;35;134651,20
202309;2;AL;10069;ITAU;1358;2958270,91
202309;2;AL;30379;SANTANDER;1259;4865549,91
202309;2;AL;51011;VOTORANTIM;48;148710,10
202309;2;AM;49906;BB;306;2447504,32
202309;2;AM;10045;BRADESCO;368;2483097,52
202309;2;AM;49944;BTG PACTUAL;21;153686,00
202309;2;AM;51626;CAIXA ECONÔMICA FEDERAL;218;438181,32
202309;2;AM;51884;INTER;22;74837,60
202309;2;AM;10069;ITAU;1305;3174839,79
202309;2;AM;30379;SANTANDER;2019;8378315,91
202309;2;AM;51011;VOTORANTIM;63;613296,71
202309;2;AP;49906;BB;222;2057480,43
202309;2;AP;10045;BRADESCO;18;187564,28
202309;2;AP;49944;BTG PACTUAL;7;36848,42
202309;2;AP;51626;CAIXA ECONÔMICA FEDERAL;66;150355,33
202309;2;AP;51884;INTER;14;48998,53
202309;2;AP;10069;ITAU;200;468681,72
202309;2;AP;30379;SANTANDER;407;1472417,07
202309;2;AP;51011;VOTORANTIM;11;59548,56
202309;2;BA;49906;BB;1535;11123296,17
202309;2;BA;10045;BRADESCO;681;3687763,09
202309;2;BA;49944;BTG PACTUAL;75;352497,84
202309;2;BA;51626;CAIXA ECONÔMICA FEDERAL;1198;2069243,18
202309;2;BA;51884;INTER;128;556487,82
202309;2;BA;10069;ITAU;6891;15364399,76
202309;2;BA;30379;SANTANDER;8116;29214649,42
202309;2;BA;51011;VOTORANTIM;192;1293828,45
202309;2;CE;49906;BB;973;6981888,88
202309;2;CE;10045;BRADESCO;431;2998785,50
202309;2;CE;49944;BTG PACTUAL;41;175565,65
202309;2;CE;51626;CAIXA ECONÔMICA FEDERAL;711;1299682,86
202309;2;CE;51884;INTER;77;376253,75
202309;2;CE;10069;ITAU;4048;8987457,97
202309;2;CE;30379;SANTANDER;4294;17221507,89
202309;2;CE;51011;VOTORANTIM;160;798643,76
202309;2;DF;49906;BB;400;4220774,28
202309;2;DF;10045;BRADESCO;169;911548,15
202309;2;DF;49944;BTG PACTUAL;35;217515,46
202309;2;DF;51626;CAIXA ECONÔMICA FEDERAL;444;1049676,79
202309;2;DF;51884;INTER;59;365436,86
202309;2;DF;10069;ITAU;2256;6192745,64
202309;2;DF;30379;SANTANDER;2493;14386697,12
202309;2;DF;51011;VOTORANTIM;77;452691,98
202309;2;ES;49906;BB;292;1968526,87
202309;2;ES;10045;BRADESCO;152;1048216,27
202309;2;ES;49944;BTG PACTUAL;15;42593,50
202309;2;ES;51626;CAIXA ECONÔMICA FEDERAL;361;705873,54
202309;2;ES;51884;INTER;53;234107,98
202309;2;ES;10069;ITAU;1511;3541674,83
202309;2;ES;30379;SANTANDER;2091;8672540,78
202309;2;ES;51011;VOTORANTIM;93;530402,84
202309;2;GO;49906;BB;662;4598286,93
202309;2;GO;10045;BRADESCO;323;2082691,70
202309;2;GO;49944;BTG PACTUAL;42;238775,52
202309;2;GO;51626;CAIXA ECONÔMICA FEDERAL;1071;2122004,77
202309;2;GO;51884;INTER;73;334468,97
202309;2;GO;10069;ITAU;3993;9617629,21
202309;2;GO;30379;SANTANDER;3740;15773650,87
202309;2;GO;51011;VOTORANTIM;171;1150371,15
202309;2;MA;49906;BB;1081;7578866,55
202309;2;MA;10045;BRADESCO;248;1232452,89
202309;2;MA;49944;BTG PACTUAL;25;215612,95
202309;2;MA;51626;CAIXA ECONÔMICA FEDERAL;321;542159,53
202309;2;MA;51884;INTER;28;122086,39
202309;2;MA;10069;ITAU;1401;3071844,10
202309;2;MA;30379;SANTANDER;1941;7420282,93
202309;2;MA;51011;VOTORANTIM;81;694436,73
202309;2;MG;49906;BB;1785;15715114,79
202309;2;MG;10045;BRADESCO;792;4450288,49
202309;2;MG;49944;BTG PACTUAL;108;680150,12
202309;2;MG;51626;CAIXA ECONÔMICA FEDERAL;1918;3224008,51
202309;2;MG;51884;INTER;329;1371674,62
202309;2;MG;10069;ITAU;11094;25793531,00
202309;2;MG;30379;SANTANDER;11117;47495599,89
202309;2;MG;51011;VOTORANTIM;552;2958359,05
202309;2;MS;49906;BB;478;3651703,07
202309;2;MS;10045;BRADESCO;255;1920002,83
202309;2;MS;49944;BTG PACTUAL;16;105489,09
202309;2;MS;51626;CAIXA ECONÔMICA FEDERAL;302;532184,85
202309;2;MS;51884;INTER;21;145094,22
202309;2;MS;10069;ITAU;1003;2466696,90
202309;2;MS;30379;SANTANDER;1804;8446618,10
202309;2;MS;51011;VOTORANTIM;150;1061853,40
202309;2;MT;49906;BB;538;4232667,86
202309;2;MT;10045;BRADESCO;201;1444357,42
202309;2;MT;49944;BTG PACTUAL;16;150234,67
202309;2;MT;51626;CAIXA ECONÔMICA FEDERAL;319;593721,84
202309;2;MT;51884;INTER;38;215852,55
202309;2;MT;10069;ITAU;1063;2630873,00
202309;2;MT;30379;SANTANDER;1523;8063816,46
202309;2;MT;51011;VOTORANTIM;117;854615,33
202309;2;PA;49906;BB;858;5940895,07
202309;2;PA;10045;BRADESCO;350;2238950,66
202309;2;PA;49944;BTG PACTUAL;37;328941,60
202309;2;PA;51626;CAIXA ECONÔMICA FEDERAL;534;876895,33
202309;2;PA;51884;INTER;53;166117,43
202309;2;PA;10069;ITAU;2218;4904138,56
202309;2;PA;30379;SANTANDER;2869;10646449,27
202309;2;PA;51011;VOTORANTIM;103;935395,94
202309;2;PB;49906;BB;505;3238703,11
202309;2;PB;10045;BRADESCO;192;954527,27
202309;2;PB;49944;BTG PACTUAL;29;66923,05
202309;2;PB;51626;CAIXA ECONÔMICA FEDERAL;310;577605,31
202309;2;PB;51884;INTER;32;103839,54
202309;2;PB;10069;ITAU;2118;5277151,05
202309;2;PB;30379;SANTANDER;1986;7796690,03
202309;2;PB;51011;VOTORANTIM;96;537513,08
202309;2;PE;49906;BB;776;4787368,49
202309;2;PE;10045;BRADESCO;482;3319105,38
202309;2;PE;49944;BTG PACTUAL;65;260209,44
202309;2;PE;51626;CAIXA ECONÔMICA FEDERAL;620;954527,72
202309;2;PE;51884;INTER;78;352102,38
202309;2;PE;10069;ITAU;5336;12140452,61
202309;2;PE;30379;SANTANDER;5597;23336897,49
202309;2;PE;51011;VOTORANTIM;134;752789,86
202309;2;PI;49906;BB;635;4202100,76
202309;2;PI;10045;BRADESCO;97;450542,18
202309;2;PI;49944;BTG PACTUAL;25;59721,69
202309;2;PI;51626;CAIXA ECONÔMICA FEDERAL;364;687492,63
202309;2;PI;51884;INTER;27;99953,35
202309;2;PI;10069;ITAU;1027;2049488,25
202309;2;PI;30379;SANTANDER;1072;4229645,13
202309;2;PI;51011;VOTORANTIM;56;331480,73
202309;2;PR;49906;BB;749;5265309,78
202309;2;PR;10045;BRADESCO;606;3707587,46
202309;2;PR;49944;BTG PACTUAL;80;688144,01
202309;2;PR;51626;CAIXA ECONÔMICA FEDERAL;1806;3980464,66
202309;2;PR;51884;INTER;105;481094,33
202309;2;PR;10069;ITAU;6894;18380896,09
202309;2;PR;30379;SANTANDER;6817;30264936,09
202309;2;PR;51011;VOTORANTIM;470;3106807,69
202309;2;RJ;49906;BB;1016;8235855,94
202309;2;RJ;13009717;BCO DO EST. DE SE S.A.;1;6162,61
202309;2;RJ;10045;BRADESCO;1401;9536290,18
202309;2;RJ;49944;BTG PACTUAL;148;909381,28
202309;2;RJ;51626;CAIXA ECONÔMICA FEDERAL;1449;2604605,23
202309;2;RJ;51884;INTER;156;819773,96
202309;2;RJ;10069;ITAU;18191;42760302,13
202309;2;RJ;30379;SANTANDER;19828;89756710,17
202309;2;RJ;51011;VOTORANTIM;522;3497058,82
202309;2;RN;49906;BB;602;4654464,31
202309;2;RN;10045;BRADESCO;113;627074,49
202309;2;RN;49944;BTG PACTUAL;14;60528,93
202309;2;RN;51626;CAIXA ECONÔMICA FEDERAL;286;628503,55
202309;2;RN;51884;INTER;45;172322,86
202309;2;RN;10069;ITAU;1746;3854450,91
202309;2;RN;30379;SANTANDER;1755;7319779,23
202309;2;RN;51011;VOTORANTIM;91;442117,64
202309;2;RO;49906;BB;251;2971267,06
202309;2;RO;10045;BRADESCO;56;315609,62
202309;2;RO;49944;BTG PACTUAL;8;22097,62
202309;2;RO;51626;CAIXA ECONÔMICA FEDERAL;189;360081,86
202309;2;RO;51884;INTER;17;89880,38
202309;2;RO;10069;ITAU;348;889699,28
202309;2;RO;30379;SANTANDER;544;2833389,50
202309;2;RO;51011;VOTORANTIM;44;397045,38
202309;2;RR;49906;BB;139;1230805,17
202309;2;RR;10045;BRADESCO;15;128990,25
202309;2;RR;49944;BTG PACTUAL;4;13661,74
202309;2;RR;51626;CAIXA ECONÔMICA FEDERAL;56;147379,20
202309;2;RR;51884;INTER;5;44723,51
202309;2;RR;10069;ITAU;217;433423,89
202309;2;RR;30379;SANTANDER;308;821201,41
202309;2;RR;51011;VOTORANTIM;13;115647,06
202309;2;RS;49906;BB;692;4560585,82
202309;2;RS;10045;BRADESCO;286;1744096,34
202309;2;RS;49944;BTG PACTUAL;77;491758,08
202309;2;RS;51626;CAIXA ECONÔMICA FEDERAL;1741;3837881,24
202309;2;RS;51884;INTER;70;336269,06
202309;2;RS;10069;ITAU;4496;10102154,44
202309;2;RS;30379;SANTANDER;6260;25102168,93
202309;2;RS;51011;VOTORANTIM;314;1923797,55
202309;2;SC;49906;BB;698;5220895,95
202309;2;SC;10045;BRADESCO;290;2211704,06
202309;2;SC;49944;BTG PACTUAL;53;532260,69
202309;2;SC;51626;CAIXA ECONÔMICA FEDERAL;1119;2612646,63
202309;2;SC;51884;INTER;57;217159,84
202309;2;SC;10069;ITAU;3243;8077997,86
202309;2;SC;30379;SANTANDER;3528;15658847,06
202309;2;SC;51011;VOTORANTIM;353;2615836,71
202309;2;SE;49906;BB;233;1396925,16
202309;2;SE;13009717;BCO DO EST. DE SE S.A.;104;578089,76
202309;2;SE;10045;BRADESCO;58;219746,57
202309;2;SE;49944;BTG PACTUAL;9;34133,79
202309;2;SE;51626;CAIXA ECONÔMICA FEDERAL;214;311011,38
202309;2;SE;51884;INTER;11;80264,52
202309;2;SE;10069;ITAU;885;1922766,06
202309;2;SE;30379;SANTANDER;892;3364338,65
202309;2;SE;51011;VOTORANTIM;41;137712,82
202309;2;SP;49906;BB;3442;25233055,13
202309;2;SP;13009717;BCO DO EST. DE SE S.A.;2;10144,96
202309;2;SP;10045;BRADESCO;4189;25480390,73
202309;2;SP;49944;BTG PACTUAL;481;3235784,66
202309;2;SP;51626;CAIXA ECONÔMICA FEDERAL;4436;8265408,42
202309;2;SP;51884;INTER;587;2950358,72
202309;2;SP;10069;ITAU;41405;106970682,23
202309;2;SP;30379;SANTANDER;46420;214381420,12
202309;2;SP;51011;VOTORANTIM;2134;12337781,78
202309;2;TO;49906;BB;264;2177883,53
202309;2;TO;10045;BRADESCO;80;665578,73
202309;2;TO;49944;BTG PACTUAL;6;36191,19
202309;2;TO;51626;CAIXA ECONÔMICA FEDERAL;139;280314,04
202309;2;TO;51884;INTER;14;74673,71
202309;2;TO;10069;ITAU;273;501316,82
202309;2;TO;30379;SANTANDER;397;1486758,35
202309;2;TO;51011;VOTORANTIM;32;177195,75
202310;1;AC;51750;BANCO SICOOB;1;434,02
202310;1;AC;49906;BB;58;34550,72
202310;1;AC;30290;BMG;37;28745,90
202310;1;AC;10045;BRADESCO;24;12782,17
202310;1;AC;49944;BTG PACTUAL;67;53302,58
202310;1;AC;52072;C6 BANK;7;3372,69
202310;1;AC;51626;CAIXA ECONÔMICA FEDERAL;56;40733,02
202310;1;AC;51884;INTER;170;124914,70
202310;1;AC;10069;ITAU;23;18147,59
202310;1;AC;52058;NUBANK;373;233735,36
202310;1;AC;30379;SANTANDER;40;25853,03
202310;1;AC;3632872;SICOOB CREDISUL;2;3118,90
202310;1;AC;51011;VOTORANTIM;3;2978,62
202310;1;AL;51750;BANCO SICOOB;2;2103,80
202310;1;AL;49906;BB;118;66544,29
202310;1;AL;30290;BMG;170;142878,35
202310;1;AL;10045;BRADESCO;123;88367,98
202310;1;AL;49944;BTG PACTUAL;303;222783,24
202310;1;AL;52072;C6 BANK;37;20096,41
202310;1;AL;51626;CAIXA ECONÔMICA FEDERAL;187;106527,00
202310;1;AL;51884;INTER;735;545084,13
202310;1;AL;10069;ITAU;156;108772,50
202310;1;AL;52058;NUBANK;966;605016,88
202310;1;AL;30379;SANTANDER;110;78461,19
202310;1;AL;51011;VOTORANTIM;11;11360,30
202310;1;AM;51750;BANCO SICOOB;1;410,28
202310;1;AM;49906;BB;75;38216,78
202310;1;AM;30290;BMG;195;198332,56
202310;1;AM;10045;BRADESCO;417;301391,96
202310;1;AM;49944;BTG PACTUAL;435;341490,47
202310;1;AM;52072;C6 BANK;48;38976,37
202310;1;AM;51626;CAIXA ECONÔMICA FEDERAL;215;161028,29
202310;1;AM;2015588;CCLA DO CENTRO SUL RONDONIENSE;1;1229,59
202310;1;AM;51884;INTER;943;761277,80
202310;1;AM;10069;ITAU;277;210187,72
202310;1;AM;52058;NUBANK;1662;1133334,75
202310;1;AM;30379;SANTANDER;255;173403,63
202310;1;AM;5203605;SICOOB AMAZÔNIA;1;242,13
202310;1;AM;51011;VOTORANTIM;12;6225,29
202310;1;AP;49906;BB;40;20192,93
202310;1;AP;30290;BMG;31;27033,28
202310;1;AP;10045;BRADESCO;26;19867,23
202310;1;AP;49944;BTG PACTUAL;60;48818,75
202310;1;AP;52072;C6 BANK;15;7823,60
202310;1;AP;51626;CAIXA ECONÔMICA FEDERAL;23;12487,90
202310;1;AP;51884;INTER;121;84460,81
202310;1;AP;10069;ITAU;30;18269,23
202310;1;AP;52058;NUBANK;254;141421,31
202310;1;AP;30379;SANTANDER;27;12747,58
202310;1;AP;51011;VOTORANTIM;1;1058,74
202310;1;BA;51750;BANCO SICOOB;5;2924,84
202310;1;BA;49906;BB;522;293796,75
202310;1;BA;30290;BMG;699;563689,60
202310;1;BA;10045;BRADESCO;941;614026,92
202310;1;BA;49944;BTG PACTUAL;1426;1090235,26
202310;1;BA;52072;C6 BANK;203;119606,00
202310;1;BA;51626;CAIXA ECONÔMICA FEDERAL;664;451902,25
202310;1;BA;4174720;CC SICOOB COOPEMAR;2;465,87
202310;1;BA;4321309;CC SICOOB CRED EXECUTIVO;1;496,42
202310;1;BA;2282165;CC SICOOB CREDICONQUISTA;1;973,13
202310;1;BA;2876918;CC SICOOB NORTE SUL;2;1241,14
202310;1;BA;51884;INTER;2884;2103936,21
202310;1;BA;10069;ITAU;728;550865,27
202310;1;BA;52058;NUBANK;4285;2660712,23
202310;1;BA;30379;SANTANDER;691;489365,11
202310;1;BA;73398646;SOC CC SICOOB COOPERE;4;3408,89
202310;1;BA;51011;VOTORANTIM;49;44426,28
202310;1;CE;51750;BANCO SICOOB;1;346,99
202310;1;CE;49906;BB;441;273208,37
202310;1;CE;30290;BMG;652;557002,33
202310;1;CE;10045;BRADESCO;942;673387,48
202310;1;CE;49944;BTG PACTUAL;1272;1014181,68
202310;1;CE;52072;C6 BANK;157;94982,17
202310;1;CE;51626;CAIXA ECONÔMICA FEDERAL;648;442266,38
202310;1;CE;51884;INTER;2896;2172772,68
202310;1;CE;10069;ITAU;554;422141,11
202310;1;CE;52058;NUBANK;4350;2864293,74
202310;1;CE;30379;SANTANDER;655;494938,06
202310;1;CE;51011;VOTORANTIM;50;42538,11
202310;1;DF;51750;BANCO SICOOB;8;3853,67
202310;1;DF;49906;BB;178;100589,47
202310;1;DF;30290;BMG;283;233126,84
202310;1;DF;10045;BRADESCO;152;101866,50
202310;1;DF;49944;BTG PACTUAL;486;369342,87
202310;1;DF;52072;C6 BANK;93;60232,59
202310;1;DF;51626;CAIXA ECONÔMICA FEDERAL;181;119226,40
202310;1;DF;694877;COOP SICOOB EXECUTIVO LTDA.;1;193,48
202310;1;DF;51884;INTER;1229;916712,09
202310;1;DF;10069;ITAU;261;200511,05
202310;1;DF;52058;NUBANK;1698;1096404,81
202310;1;DF;30379;SANTANDER;253;183782,30
202310;1;DF;51011;VOTORANTIM;8;8369,14
202310;1;ES;51750;BANCO SICOOB;25;24421,71
202310;1;ES;49906;BB;91;59510,26
202310;1;ES;30290;BMG;206;177883,29
202310;1;ES;10045;BRADESCO;133;92062,57
202310;1;ES;49944;BTG PACTUAL;358;279489,86
202310;1;ES;52072;C6 BANK;38;21979,84
202310;1;ES;51626;CAIXA ECONÔMICA FEDERAL;212;135907,08
202310;1;ES;51884;INTER;909;656090,62
202310;1;ES;10069;ITAU;220;158037,79
202310;1;ES;52058;NUBANK;1201;752313,06
202310;1;ES;30379;SANTANDER;237;186503,54
202310;1;ES;51011;VOTORANTIM;11;9591,39
202310;1;GO;51750;BANCO SICOOB;10;8290,70
202310;1;GO;49906;BB;146;82611,63
202310;1;GO;30290;BMG;339;279217,78
202310;1;GO;10045;BRADESCO;248;160870,67
202310;1;GO;49944;BTG PACTUAL;720;579711,98
202310;1;GO;52072;C6 BANK;95;64800,73
202310;1;GO;51626;CAIXA ECONÔMICA FEDERAL;317;182327,68
202310;1;GO;33579731;CCLA CENTRO-SUL GOIANO;2;1542,89
202310;1;GO;2282709;COOP CENTRO NORTE BRASILEIRO;1;610,26
202310;1;GO;51884;INTER;1406;1072190,57
202310;1;GO;10069;ITAU;437;307758,71
202310;1;GO;52058;NUBANK;2091;1286586,50
202310;1;GO;30379;SANTANDER;287;187223,61
202310;1;GO;51011;VOTORANTIM;17;14446,79
202310;1;MA;51750;BANCO SICOOB;2;967,11
202310;1;MA;49906;BB;278;138553,18
202310;1;MA;30290;BMG;216;177471,79
202310;1;MA;10045;BRADESCO;247;154734,49
202310;1;MA;49944;BTG PACTUAL;356;258830,62
202310;1;MA;52072;C6 BANK;54;33289,04
202310;1;MA;51626;CAIXA ECONÔMICA FEDERAL;214;145041,88
202310;1;MA;51884;INTER;870;614724,05
202310;1;MA;10069;ITAU;155;101324,26
202310;1;MA;52058;NUBANK;1616;965161,36
202310;1;MA;30379;SANTANDER;180;124990,41
202310;1;MA;51011;VOTORANTIM;10;8702,13
202310;1;MG;51750;BANCO SICOOB;55;48582,41
202310;1;MG;49906;BB;474;267067,77
202310;1;MG;30290;BMG;1509;1260440,95
202310;1;MG;10045;BRADESCO;858;591549,01
202310;1;MG;49944;BTG PACTUAL;1766;1403373,32
202310;1;MG;52072;C6 BANK;289;208013,03
202310;1;MG;51626;CAIXA ECONÔMICA FEDERAL;1049;681524,22
202310;1;MG;66398496;CC CREDIARA LTDA.;1;655,76
202310;1;MG;14046512;CCLA MARGEM ESQUERDA DO URUCUI;1;235,04
202310;1;MG;1736516;CCLA REG. CTR. E OESTE MINEIRO;3;3120,36
202310;1;MG;1703620;CCLA UNIÃO CENTRO OESTE MINAS;2;3108,08
202310;1;MG;51884;INTER;5984;4407388,70
202310;1;MG;10069;ITAU;1399;986735,93
202310;1;MG;52058;NUBANK;5406;3571139,45
202310;1;MG;30379;SANTANDER;963;659068,45
202310;1;MG;51011;VOTORANTIM;55;38897,94
202310;1;MS;51750;BANCO SICOOB;10;6140,77
202310;1;MS;49906;BB;160;100053,13
202310;1;MS;30290;BMG;255;222528,96
202310;1;MS;10045;BRADESCO;349;261701,52
202310;1;MS;49944;BTG PACTUAL;498;414412,57
202310;1;MS;52072;C6 BANK;74;53386,06
202310;1;MS;51626;CAIXA ECONÔMICA FEDERAL;279;202190,10
202310;1;MS;51884;INTER;853;646431,95
202310;1;MS;10069;ITAU;170;121829,23
202310;1;MS;52058;NUBANK;1652;1135079,68
202310;1;MS;30379;SANTANDER;250;182907,20
202310;1;MS;51011;VOTORANTIM;21;18831,57
202310;1;MT;51750;BANCO SICOOB;8;10952,23
202310;1;MT;49906;BB;140;95409,29
202310;1;MT;30290;BMG;181;144150,55
202310;1;MT;10045;BRADESCO;171;142507,54
202310;1;MT;49944;BTG PACTUAL;370;326472,46
202310;1;MT;52072;C6 BANK;61;47567,64
202310;1;MT;51626;CAIXA ECONÔMICA FEDERAL;111;96602,52
202310;1;MT;2015588;CCLA DO CENTRO SUL RONDONIENSE;2;3146,23
202310;1;MT;23623636;CCLA NORTE DE MATO GROSSO - SICOOB NORTE MT;2;2962,93
202310;1;MT;51884;INTER;637;536726,81
202310;1;MT;10069;ITAU;141;109349,09
202310;1;MT;52058;NUBANK;1120;814658,71
202310;1;MT;30379;SANTANDER;127;97888,97
202310;1;MT;3632872;SICOOB CREDISUL;3;2930,27
202310;1;MT;51011;VOTORANTIM;28;25947,39
202310;1;PA;51750;BANCO SICOOB;2;4210,09
202310;1;PA;49906;BB;221;112054,40
202310;1;PA;30290;BMG;288;218356,71
202310;1;PA;10045;BRADESCO;312;204129,53
202310;1;PA;49944;BTG PACTUAL;588;424802,80
202310;1;PA;52072;C6 BANK;78;49397,24
202310;1;PA;51626;CAIXA ECONÔMICA FEDERAL;270;149931,42
202310;1;PA;51884;INTER;1425;994034,07
202310;1;PA;10069;ITAU;304;218638,50
202310;1;PA;52058;NUBANK;2350;1383941,66
202310;1;PA;30379;SANTANDER;315;195795,52
202310;1;PA;51011;VOTORANTIM;28;19796,07
202310;1;PB;49906;BB;175;100084,33
202310;1;PB;30290;BMG;275;234480,52
202310;1;PB;10045;BRADESCO;326;226253,13
202310;1;PB;49944;BTG PACTUAL;474;371373,61
202310;1;PB;52072;C6 BANK;41;31662,77
202310;1;PB;51626;CAIXA ECONÔMICA FEDERAL;253;162972,33
202310;1;PB;51884;INTER;971;766266,36
202310;1;PB;10069;ITAU;169;120784,42
202310;1;PB;52058;NUBANK;1445;934090,08
202310;1;PB;30379;SANTANDER;184;136495,55
202310;1;PB;51011;VOTORANTIM;14;8726,31
202310;1;PE;51750;BANCO SICOOB;4;4430,54
202310;1;PE;49906;BB;329;202590,86
202310;1;PE;30290;BMG;558;449976,38
202310;1;PE;10045;BRADESCO;644;443896,31
202310;1;PE;49944;BTG PACTUAL;925;691118,47
202310;1;PE;52072;C6 BANK;124;82795,71
202310;1;PE;51626;CAIXA ECONÔMICA FEDERAL;569;379637,82
202310;1;PE;4174720;CC SICOOB COOPEMAR;1;2256,10
202310;1;PE;51884;INTER;2104;1502935,64
202310;1;PE;10069;ITAU;606;435842,28
202310;1;PE;52058;NUBANK;3078;2014234,99
202310;1;PE;30379;SANTANDER;574;382190,33
202310;1;PE;51011;VOTORANTIM;27;23210,51
202310;1;PI;51750;BANCO SICOOB;2;685,98
202310;1;PI;49906;BB;252;158765,14
202310;1;PI;30290;BMG;182;151673,64
202310;1;PI;10045;BRADESCO;168;136133,49
202310;1;PI;49944;BTG PACTUAL;341;270787,66
202310;1;PI;52072;C6 BANK;50;37367,48
202310;1;PI;51626;CAIXA ECONÔMICA FEDERAL;205;175401,87
202310;1;PI;23623636;CCLA NORTE DE MATO GROSSO - SICOOB NORTE MT;1;1039,09
202310;1;PI;51884;INTER;750;632035,05
202310;1;PI;10069;ITAU;114;76337,08
202310;1;PI;52058;NUBANK;1365;1028999,46
202310;1;PI;30379;SANTANDER;124;100146,63
202310;1;PI;51011;VOTORANTIM;12;7359,87
202310;1;PR;51750;BANCO SICOOB;25;15174,91
202310;1;PR;49906;BB;204;124099,54
202310;1;PR;30290;BMG;516;420002,68
202310;1;PR;10045;BRADESCO;492;313532,35
202310;1;PR;49944;BTG PACTUAL;1069;837163,76
202310;1;PR;52072;C6 BANK;227;143196,32
202310;1;PR;51626;CAIXA ECONÔMICA FEDERAL;458;301857,88
202310;1;PR;2466552;CC SICOOB VALE SUL;5;5849,06
202310;1;PR;2015588;CCLA DO CENTRO SUL RONDONIENSE;1;678,62
202310;1;PR;23623636;CCLA NORTE DE MATO GROSSO - SICOOB NORTE MT;1;514,63
202310;1;PR;7026923;CCLA SICOOB ARENITO PARANÁ / SÃO PAULO;1;880,99
202310;1;PR;78862083;COOP NOVOS CAMPOS;1;1011,52
202310;1;PR;51884;INTER;1906;1439342,14
202310;1;PR;10069;ITAU;755;523254,40
202310;1;PR;52058;NUBANK;3148;2043202,88
202310;1;PR;30379;SANTANDER;474;309769,21
202310;1;PR;3632872;SICOOB CREDISUL;1;384,35
202310;1;PR;51011;VOTORANTIM;23;20431,05
202310;1;RJ;51750;BANCO SICOOB;16;12502,81
202310;1;RJ;49906;BB;474;253832,70
202310;1;RJ;30290;BMG;1300;1005105,51
202310;1;RJ;10045;BRADESCO;1733;1134565,67
202310;1;RJ;49944;BTG PACTUAL;2595;1942158,24
202310;1;RJ;52072;C6 BANK;591;384319,37
202310;1;RJ;51626;CAIXA ECONÔMICA FEDERAL;1234;781063,38
202310;1;RJ;51884;INTER;5452;3922114,48
202310;1;RJ;10069;ITAU;3247;2116966,94
202310;1;RJ;52058;NUBANK;9340;5632069,58
202310;1;RJ;30379;SANTANDER;2208;1438498,53
202310;1;RJ;51011;VOTORANTIM;79;60321,99
202310;1;RN;51750;BANCO SICOOB;1;532,19
202310;1;RN;49906;BB;204;118482,00
202310;1;RN;30290;BMG;210;177193,23
202310;1;RN;10045;BRADESCO;196;134249,98
202310;1;RN;49944;BTG PACTUAL;398;284076,79
202310;1;RN;52072;C6 BANK;57;36966,00
202310;1;RN;51626;CAIXA ECONÔMICA FEDERAL;176;123505,79
202310;1;RN;51884;INTER;841;629271,34
202310;1;RN;10069;ITAU;147;105843,43
202310;1;RN;52058;NUBANK;1209;795900,40
202310;1;RN;30379;SANTANDER;150;106821,08
202310;1;RN;51011;VOTORANTIM;16;13220,52
202310;1;RO;51750;BANCO SICOOB;5;5749,39
202310;1;RO;49906;BB;99;62189,23
202310;1;RO;30290;BMG;100;87100,79
202310;1;RO;10045;BRADESCO;112;87657,84
202310;1;RO;49944;BTG PACTUAL;215;199611,97
202310;1;RO;8044854;C.C. DO CENTRO DO ESTADO DE RONDÔNIA;9;8377,64
202310;1;RO;52072;C6 BANK;27;13996,08
202310;1;RO;51626;CAIXA ECONÔMICA FEDERAL;98;69812,95
202310;1;RO;4751713;CC INV DE RONDÔNIA - SICOOB CREDJURD;1;278,39
202310;1;RO;2015588;CCLA DO CENTRO SUL RONDONIENSE;37;49410,47
202310;1;RO;51884;INTER;401;348683,51
202310;1;RO;10069;ITAU;78;59499,17
202310;1;RO;52058;NUBANK;966;693429,55
202310;1;RO;30379;SANTANDER;104;83663,71
202310;1;RO;5203605;SICOOB AMAZÔNIA;1;603,07
202310;1;RO;3632872;SICOOB CREDISUL;10;9202,29
202310;1;RO;51011;VOTORANTIM;11;9937,55
202310;1;RR;49906;BB;27;12894,17
202310;1;RR;30290;BMG;24;17319,21
202310;1;RR;10045;BRADESCO;8;5322,03
202310;1;RR;49944;BTG PACTUAL;38;26926,86
202310;1;RR;52072;C6 BANK;7;6225,41
202310;1;RR;51626;CAIXA ECONÔMICA FEDERAL;23;15275,65
202310;1;RR;51884;INTER;100;73846,91
202310;1;RR;10069;ITAU;25;19042,32
202310;1;RR;52058;NUBANK;170;115717,31
202310;1;RR;30379;SANTANDER;26;15874,33
202310;1;RS;51750;BANCO SICOOB;8;7197,22
202310;1;RS;49906;BB;249;137802,05
202310;1;RS;30290;BMG;544;459651,42
202310;1;RS;10045;BRADESCO;414;309388,99
202310;1;RS;49944;BTG PACTUAL;1056;816856,81
202310;1;RS;52072;C6 BANK;185;124996,44
202310;1;RS;51626;CAIXA ECONÔMICA FEDERAL;662;419482,46
202310;1;RS;2466552;CC SICOOB VALE SUL;1;783,28
202310;1;RS;78825270;CCLA MAXI ALFA;3;2962,98
202310;1;RS;2090126;CCLA SICOOB VALCREDI SUL;1;2691,12
202310;1;RS;81014060;CCLAA ITAIPU SICOOB CREDITAIPU;1;1289,26
202310;1;RS;78862083;COOP NOVOS CAMPOS;1;4203,69
202310;1;RS;51884;INTER;2100;1569316,48
202310;1;RS;10069;ITAU;571;404243,89
202310;1;RS;52058;NUBANK;3112;2072747,35
202310;1;RS;30379;SANTANDER;610;394551,01
202310;1;RS;51011;VOTORANTIM;42;40901,02
202310;1;SC;51750;BANCO SICOOB;15;9112,48
202310;1;SC;49906;BB;153;92977,36
202310;1;SC;30290;BMG;272;218987,53
202310;1;SC;10045;BRADESCO;298;211816,03
202310;1;SC;49944;BTG PACTUAL;586;468640,98
202310;1;SC;52072;C6 BANK;97;73526,49
202310;1;SC;51626;CAIXA ECONÔMICA FEDERAL;245;173822,66
202310;1;SC;85291086;CC LITORÂNEA;4;3197,99
202310;1;SC;2015588;CCLA DO CENTRO SUL RONDONIENSE;1;1256,70
202310;1;SC;86829827;CCLA DO VALE;2;2365,84
202310;1;SC;78825270;CCLA MAXI ALFA;18;26357,90
202310;1;SC;2090126;CCLA SICOOB VALCREDI SUL;1;1082,82
202310;1;SC;51884;INTER;1047;879139,21
202310;1;SC;10069;ITAU;252;197427,93
202310;1;SC;52058;NUBANK;1585;1088721,63
202310;1;SC;30379;SANTANDER;239;164394,51
202310;1;SC;51011;VOTORANTIM;26;26205,80
202310;1;SE;51750;BANCO SICOOB;1;1039,97
202310;1;SE;49906;BB;79;41298,50
202310;1;SE;30290;BMG;132;92822,91
202310;1;SE;10045;BRADESCO;89;60118,70
202310;1;SE;49944;BTG PACTUAL;257;195250,13
202310;1;SE;52072;C6 BANK;29;21859,03
202310;1;SE;51626;CAIXA ECONÔMICA FEDERAL;165;116071,99
202310;1;SE;51884;INTER;604;406629,56
202310;1;SE;10069;ITAU;71;53324,37
202310;1;SE;52058;NUBANK;842;509044,81
202310;1;SE;30379;SANTANDER;102;69834,19
202310;1;SE;51011;VOTORANTIM;4;2080,28
202310;1;SP;51750;BANCO SICOOB;25;19541,09
202310;1;SP;49906;BB;1261;743057,50
202310;1;SP;30290;BMG;3211;2559527,98
202310;1;SP;10045;BRADESCO;4239;2812756,00
202310;1;SP;49944;BTG PACTUAL;6598;5077750,16
202310;1;SP;52072;C6 BANK;1211;778377,29
202310;1;SP;51626;CAIXA ECONÔMICA FEDERAL;2543;1665521,93
202310;1;SP;51884;INTER;11568;8663060,94
202310;1;SP;10069;ITAU;5979;4198670,47
202310;1;SP;52058;NUBANK;20167;12956613,29
202310;1;SP;30379;SANTANDER;4926;3386812,90
202310;1;SP;3632872;SICOOB CREDISUL;1;608,17
202310;1;SP;51011;VOTORANTIM;240;207724,08
202310;1;TO;51750;BANCO SICOOB;1;387,71
202310;1;TO;49906;BB;70;31801,81
202310;1;TO;30290;BMG;60;35203,60
202310;1;TO;10045;BRADESCO;52;34810,90
202310;1;TO;49944;BTG PACTUAL;102;69205,73
202310;1;TO;52072;C6 BANK;21;12742,20
202310;1;TO;51626;CAIXA ECONÔMICA FEDERAL;52;34128,32
202310;1;TO;51884;INTER;266;185020,04
202310;1;TO;10069;ITAU;51;41345,50
202310;1;TO;52058;NUBANK;456;267244,94
202310;1;TO;30379;SANTANDER;28;16260,53
202310;1;TO;51011;VOTORANTIM;1;585,91
202310;2;AC;49906;BB;41;523081,73
202310;2;AC;17351180;BCO TRIANGULO S.A.;37;52228,83
202310;2;AC;10045;BRADESCO;9;31475,33
202310;2;AC;51626;CAIXA ECONÔMICA FEDERAL;23;48550,07
202310;2;AC;10069;ITAU;20;81267,41
202310;2;AC;30379;SANTANDER;34;169757,21
202310;2;AC;51011;VOTORANTIM;7;63198,53
202310;2;AL;49906;BB;94;384098,63
202310;2;AL;17351180;BCO TRIANGULO S.A.;39;46406,45
202310;2;AL;10045;BRADESCO;41;342452,33
202310;2;AL;49944;BTG PACTUAL;5;17558,75
202310;2;AL;51626;CAIXA ECONÔMICA FEDERAL;93;131206,83
202310;2;AL;51884;INTER;9;56692,95
202310;2;AL;10069;ITAU;211;705155,66
202310;2;AL;30379;SANTANDER;193;862430,64
202310;2;AL;51011;VOTORANTIM;22;113781,75
202310;2;AM;49906;BB;77;588493,67
202310;2;AM;17351180;BCO TRIANGULO S.A.;75;89408,59
202310;2;AM;10045;BRADESCO;228;2667261,30
202310;2;AM;49944;BTG PACTUAL;10;40860,82
202310;2;AM;51626;CAIXA ECONÔMICA FEDERAL;50;68107,42
202310;2;AM;51884;INTER;11;69763,31
202310;2;AM;10069;ITAU;205;551237,29
202310;2;AM;30379;SANTANDER;285;1393146,87
202310;2;AM;51011;VOTORANTIM;21;168309,67
202310;2;AP;49906;BB;64;434455,46
202310;2;AP;17351180;BCO TRIANGULO S.A.;9;12697,26
202310;2;AP;10045;BRADESCO;16;146252,41
202310;2;AP;49944;BTG PACTUAL;3;7392,52
202310;2;AP;51626;CAIXA ECONÔMICA FEDERAL;11;10306,04
202310;2;AP;51884;INTER;1;2109,36
202310;2;AP;10069;ITAU;27;76714,91
202310;2;AP;30379;SANTANDER;47;320496,96
202310;2;AP;51011;VOTORANTIM;2;4822,36
202310;2;BA;49906;BB;477;3227208,09
202310;2;BA;13009717;BCO DO EST. DE SE S.A.;2;3290,59
202310;2;BA;17351180;BCO TRIANGULO S.A.;124;164667,90
202310;2;BA;10045;BRADESCO;373;4293634,50
202310;2;BA;49944;BTG PACTUAL;12;37084,49
202310;2;BA;51626;CAIXA ECONÔMICA FEDERAL;333;432576,53
202310;2;BA;51884;INTER;23;85281,48
202310;2;BA;10069;ITAU;1002;3111318,09
202310;2;BA;30379;SANTANDER;1125;6521233,97
202310;2;BA;51011;VOTORANTIM;65;343561,59
202310;2;CE;49906;BB;296;2698942,88
202310;2;CE;17351180;BCO TRIANGULO S.A.;61;71152,78
202310;2;CE;10045;BRADESCO;245;3146114,92
202310;2;CE;49944;BTG PACTUAL;7;54218,98
202310;2;CE;51626;CAIXA ECONÔMICA FEDERAL;193;266818,22
202310;2;CE;51884;INTER;25;110177,99
202310;2;CE;10069;ITAU;491;1541738,10
202310;2;CE;30379;SANTANDER;615;3216039,96
202310;2;CE;51011;VOTORANTIM;54;244926,21
202310;2;DF;49906;BB;99;676474,28
202310;2;DF;17351180;BCO TRIANGULO S.A.;31;41230,86
202310;2;DF;10045;BRADESCO;84;1333579,86
202310;2;DF;49944;BTG PACTUAL;6;45192,47
202310;2;DF;51626;CAIXA ECONÔMICA FEDERAL;132;261944,91
202310;2;DF;51884;INTER;13;66151,82
202310;2;DF;10069;ITAU;292;941864,74
202310;2;DF;30379;SANTANDER;325;2436297,28
202310;2;DF;51011;VOTORANTIM;37;161714,65
202310;2;ES;49906;BB;87;510330,98
202310;2;ES;17351180;BCO TRIANGULO S.A.;36;62940,63
202310;2;ES;10045;BRADESCO;63;585177,78
202310;2;ES;49944;BTG PACTUAL;8;36266,87
202310;2;ES;51626;CAIXA ECONÔMICA FEDERAL;92;163705,04
202310;2;ES;51884;INTER;13;61482,08
202310;2;ES;10069;ITAU;203;642832,02
202310;2;ES;30379;SANTANDER;295;1555607,10
202310;2;ES;51011;VOTORANTIM;33;216100,69
202310;2;GO;49906;BB;204;1439904,51
202310;2;GO;17351180;BCO TRIANGULO S.A.;42;45331,18
202310;2;GO;10045;BRADESCO;194;2551897,62
202310;2;GO;49944;BTG PACTUAL;9;24528,62
202310;2;GO;51626;CAIXA ECONÔMICA FEDERAL;285;515782,12
202310;2;GO;51884;INTER;12;38195,35
202310;2;GO;10069;ITAU;540;1586382,11
202310;2;GO;30379;SANTANDER;427;2875516,66
202310;2;GO;51011;VOTORANTIM;71;574881,94
202310;2;MA;49906;BB;327;2110881,83
202310;2;MA;17351180;BCO TRIANGULO S.A.;41;63949,75
202310;2;MA;10045;BRADESCO;147;1405276,17
202310;2;MA;49944;BTG PACTUAL;9;25607,75
202310;2;MA;51626;CAIXA ECONÔMICA FEDERAL;87;123235,28
202310;2;MA;51884;INTER;6;29286,94
202310;2;MA;10069;ITAU;153;381359,70
202310;2;MA;30379;SANTANDER;291;1470329,91
202310;2;MA;51011;VOTORANTIM;34;258403,32
202310;2;MG;49906;BB;528;4057616,63
202310;2;MG;17351180;BCO TRIANGULO S.A.;154;163009,15
202310;2;MG;10045;BRADESCO;417;4884315,22
202310;2;MG;49944;BTG PACTUAL;28;207128,95
202310;2;MG;51626;CAIXA ECONÔMICA FEDERAL;521;747736,08
202310;2;MG;51884;INTER;74;444170,17
202310;2;MG;10069;ITAU;1414;4237232,43
202310;2;MG;30379;SANTANDER;1605;10716236,41
202310;2;MG;51011;VOTORANTIM;211;966084,32
202310;2;MS;49906;BB;129;1295001,73
202310;2;MS;17351180;BCO TRIANGULO S.A.;37;47673,70
202310;2;MS;10045;BRADESCO;134;1775072,65
202310;2;MS;49944;BTG PACTUAL;3;15058,68
202310;2;MS;51626;CAIXA ECONÔMICA FEDERAL;71;150317,69
202310;2;MS;51884;INTER;6;18472,85
202310;2;MS;10069;ITAU;189;587350,58
202310;2;MS;30379;SANTANDER;261;1531986,49
202310;2;MS;51011;VOTORANTIM;67;444689,42
202310;2;MT;49906;BB;194;1611960,09
202310;2;MT;17351180;BCO TRIANGULO S.A.;27;33704,61
202310;2;MT;10045;BRADESCO;116;1464862,78
202310;2;MT;49944;BTG PACTUAL;5;14758,98
202310;2;MT;51626;CAIXA ECONÔMICA FEDERAL;86;156411,35
202310;2;MT;51884;INTER;9;51720,70
202310;2;MT;10069;ITAU;151;487948,84
202310;2;MT;30379;SANTANDER;219;1294211,71
202310;2;MT;51011;VOTORANTIM;55;361237,56
202310;2;PA;49906;BB;267;1531920,57
202310;2;PA;17351180;BCO TRIANGULO S.A.;109;124782,67
202310;2;PA;10045;BRADESCO;165;1924537,76
202310;2;PA;49944;BTG PACTUAL;3;11186,63
202310;2;PA;51626;CAIXA ECONÔMICA FEDERAL;135;173989,79
202310;2;PA;51884;INTER;19;79435,24
202310;2;PA;10069;ITAU;247;794949,61
202310;2;PA;30379;SANTANDER;436;2306695,61
202310;2;PA;51011;VOTORANTIM;43;331344,53
202310;2;PB;49906;BB;160;1127183,84
202310;2;PB;17351180;BCO TRIANGULO S.A.;53;54885,23
202310;2;PB;10045;BRADESCO;107;1347129,99
202310;2;PB;49944;BTG PACTUAL;5;7174,84
202310;2;PB;51626;CAIXA ECONÔMICA FEDERAL;103;193767,64
202310;2;PB;51884;INTER;9;22566,28
202310;2;PB;10069;ITAU;286;946366,63
202310;2;PB;30379;SANTANDER;256;1142597,09
202310;2;PB;51011;VOTORANTIM;39;268550,78
202310;2;PE;49906;BB;251;1568432,81
202310;2;PE;17351180;BCO TRIANGULO S.A.;84;69312,48
202310;2;PE;10045;BRADESCO;251;3855132,54
202310;2;PE;49944;BTG PACTUAL;9;21269,61
202310;2;PE;51626;CAIXA ECONÔMICA FEDERAL;155;192227,65
202310;2;PE;51884;INTER;16;81031,92
202310;2;PE;10069;ITAU;737;2167476,37
202310;2;PE;30379;SANTANDER;749;4449825,70
202310;2;PE;51011;VOTORANTIM;61;474788,16
202310;2;PI;49906;BB;196;1175794,09
202310;2;PI;17351180;BCO TRIANGULO S.A.;17;20310,94
202310;2;PI;10045;BRADESCO;49;379679,20
202310;2;PI;49944;BTG PACTUAL;1;774,29
202310;2;PI;51626;CAIXA ECONÔMICA FEDERAL;101;163376,24
202310;2;PI;51884;INTER;2;4893,33
202310;2;PI;10069;ITAU;110;290583,12
202310;2;PI;30379;SANTANDER;149;589911,99
202310;2;PI;51011;VOTORANTIM;30;235045,83
202310;2;PR;49906;BB;255;2239808,95
202310;2;PR;17351180;BCO TRIANGULO S.A.;100;194373,40
202310;2;PR;10045;BRADESCO;320;5389260,25
202310;2;PR;49944;BTG PACTUAL;18;223681,21
202310;2;PR;51626;CAIXA ECONÔMICA FEDERAL;374;727556,30
202310;2;PR;51884;INTER;28;153241,27
202310;2;PR;10069;ITAU;994;2975550,99
202310;2;PR;30379;SANTANDER;943;6877168,73
202310;2;PR;51011;VOTORANTIM;197;1213712,92
202310;2;RJ;49906;BB;288;2037557,19
202310;2;RJ;17351180;BCO TRIANGULO S.A.;140;264929,16
202310;2;RJ;10045;BRADESCO;668;9776145,98
202310;2;RJ;49944;BTG PACTUAL;36;186138,52
202310;2;RJ;51626;CAIXA ECONÔMICA FEDERAL;389;612898,03
202310;2;RJ;51884;INTER;50;340243,15
202310;2;RJ;10069;ITAU;2921;7445134,39
202310;2;RJ;30379;SANTANDER;2579;17966393,68
202310;2;RJ;51011;VOTORANTIM;212;1282236,62
202310;2;RN;49906;BB;162;1044681,50
202310;2;RN;17351180;BCO TRIANGULO S.A.;60;54583,24
202310;2;RN;10045;BRADESCO;60;582620,99
202310;2;RN;49944;BTG PACTUAL;7;11044,76
202310;2;RN;51626;CAIXA ECONÔMICA FEDERAL;82;141254,37
202310;2;RN;51884;INTER;9;22059,16
202310;2;RN;10069;ITAU;222;568997,87
202310;2;RN;30379;SANTANDER;251;1380485,28
202310;2;RN;51011;VOTORANTIM;34;157569,26
202310;2;RO;49906;BB;73;494304,82
202310;2;RO;17351180;BCO TRIANGULO S.A.;19;18813,17
202310;2;RO;10045;BRADESCO;38;802270,18
202310;2;RO;49944;BTG PACTUAL;3;39757,34
202310;2;RO;51626;CAIXA ECONÔMICA FEDERAL;49;102571,51
202310;2;RO;51884;INTER;5;29711,72
202310;2;RO;10069;ITAU;45;150634,21
202310;2;RO;30379;SANTANDER;96;559903,99
202310;2;RO;51011;VOTORANTIM;16;55866,87
202310;2;RR;49906;BB;48;706866,20
202310;2;RR;17351180;BCO TRIANGULO S.A.;2;3529,72
202310;2;RR;10045;BRADESCO;12;227162,03
202310;2;RR;49944;BTG PACTUAL;1;2005,43
202310;2;RR;51626;CAIXA ECONÔMICA FEDERAL;9;5232,87
202310;2;RR;51884;INTER;2;6932,49
202310;2;RR;10069;ITAU;17;54388,43
202310;2;RR;30379;SANTANDER;34;153692,04
202310;2;RR;51011;VOTORANTIM;6;42383,43
202310;2;RS;49906;BB;232;1497969,72
202310;2;RS;17351180;BCO TRIANGULO S.A.;90;121179,77
202310;2;RS;10045;BRADESCO;154;1781286,63
202310;2;RS;49944;BTG PACTUAL;13;78167,30
202310;2;RS;51626;CAIXA ECONÔMICA FEDERAL;394;731600,48
202310;2;RS;51884;INTER;23;92255,79
202310;2;RS;10069;ITAU;838;2163034,11
202310;2;RS;30379;SANTANDER;872;4686935,43
202310;2;RS;51011;VOTORANTIM;133;920357,96
202310;2;SC;49906;BB;242;1834729,07
202310;2;SC;17351180;BCO TRIANGULO S.A.;78;82853,28
202310;2;SC;10045;BRADESCO;218;3282998,60
202310;2;SC;49944;BTG PACTUAL;10;84615,52
202310;2;SC;51626;CAIXA ECONÔMICA FEDERAL;253;446511,07
202310;2;SC;51884;INTER;22;129297,66
202310;2;SC;10069;ITAU;556;1826570,34
202310;2;SC;30379;SANTANDER;519;3070454,94
202310;2;SC;51011;VOTORANTIM;133;932520,00
202310;2;SE;49906;BB;75;344818,46
202310;2;SE;13009717;BCO DO EST. DE SE S.A.;32;251060,52
202310;2;SE;17351180;BCO TRIANGULO S.A.;8;4874,09
202310;2;SE;10045;BRADESCO;20;82061,20
202310;2;SE;49944;BTG PACTUAL;1;1637,42
202310;2;SE;51626;CAIXA ECONÔMICA FEDERAL;62;72037,33
202310;2;SE;51884;INTER;6;21407,35
202310;2;SE;10069;ITAU;159;423838,40
202310;2;SE;30379;SANTANDER;136;762691,64
202310;2;SE;51011;VOTORANTIM;13;119291,08
202310;2;SP;49906;BB;1004;7964577,15
202310;2;SP;17351180;BCO TRIANGULO S.A.;306;416716,48
202310;2;SP;10045;BRADESCO;2244;28664465,25
202310;2;SP;49944;BTG PACTUAL;108;602411,38
202310;2;SP;51626;CAIXA ECONÔMICA FEDERAL;1177;1840237,41
202310;2;SP;51884;INTER;156;722570,62
202310;2;SP;10069;ITAU;6568;18757906,73
202310;2;SP;30379;SANTANDER;6619;43760500,98
202310;2;SP;51011;VOTORANTIM;894;5204999,51
202310;2;TO;49906;BB;92;582686,27
202310;2;TO;17351180;BCO TRIANGULO S.A.;6;4714,53
202310;2;TO;10045;BRADESCO;35;421121,39
202310;2;TO;49944;BTG PACTUAL;1;1792,18
202310;2;TO;51626;CAIXA ECONÔMICA FEDERAL;32;43121,34
202310;2;TO;51884;INTER;1;5120,23
202310;2;TO;10069;ITAU;26;98165,29
202310;2;TO;30379;SANTANDER;53;274018,18
202310;2;TO;51011;VOTORANTIM;15;114396,92
202311;1;AC;49906;BB;149;138811,97
202311;1;AC;30290;BMG;108;120279,29
202311;1;AC;10045;BRADESCO;32;39489,66
202311;1;AC;31976;BRB;1;753,30
202311;1;AC;49944;BTG PACTUAL;105;128933,36
202311;1;AC;51626;CAIXA ECONÔMICA FEDERAL;135;147874,52
202311;1;AC;51884;INTER;165;180498,72
202311;1;AC;10069;ITAU;46;47594,07
202311;1;AC;52058;NUBANK;459;458304,00
202311;1;AC;30379;SANTANDER;59;53947,02
202311;1;AC;3632872;SICOOB CREDISUL;6;12133,17
202311;1;AC;51011;VOTORANTIM;3;3146,77
202311;1;AL;51750;BANCO SICOOB;5;8320,07
202311;1;AL;30173;BANRISUL;3;3089,65
202311;1;AL;49906;BB;251;200370,29
202311;1;AL;30290;BMG;539;556374,23
202311;1;AL;10045;BRADESCO;132;113168,91
202311;1;AL;31976;BRB;8;7170,91
202311;1;AL;49944;BTG PACTUAL;364;358304,71
202311;1;AL;52072;C6 BANK;4;2884,71
202311;1;AL;51626;CAIXA ECONÔMICA FEDERAL;440;379711,91
202311;1;AL;51884;INTER;901;926012,36
202311;1;AL;10069;ITAU;134;131869,92
202311;1;AL;52058;NUBANK;1097;914038,79
202311;1;AL;30379;SANTANDER;181;159584,96
202311;1;AL;51011;VOTORANTIM;20;23485,68
202311;1;AM;51750;BANCO SICOOB;6;6218,79
202311;1;AM;30173;BANRISUL;1;989,83
202311;1;AM;49906;BB;348;348035,97
202311;1;AM;30290;BMG;673;878039,68
202311;1;AM;10045;BRADESCO;678;711915,65
202311;1;AM;31976;BRB;12;11742,04
202311;1;AM;49944;BTG PACTUAL;901;1174426,51
202311;1;AM;52072;C6 BANK;2;2701,61
202311;1;AM;51626;CAIXA ECONÔMICA FEDERAL;845;938319,43
202311;1;AM;2282709;COOP CENTRO NORTE BRASILEIRO;5;11179,06
202311;1;AM;51884;INTER;1597;2050709,44
202311;1;AM;10069;ITAU;623;746518,95
202311;1;AM;52058;NUBANK;3009;3153554,98
202311;1;AM;30379;SANTANDER;482;540931,96
202311;1;AM;5203605;SICOOB AMAZÔNIA;6;7592,07
202311;1;AM;3632872;SICOOB CREDISUL;1;709,33
202311;1;AM;51011;VOTORANTIM;30;43554,64
202311;1;AP;49906;BB;117;91262,25
202311;1;AP;30290;BMG;72;81177,04
202311;1;AP;10045;BRADESCO;15;16728,22
202311;1;AP;31976;BRB;1;542,56
202311;1;AP;49944;BTG PACTUAL;93;107608,81
202311;1;AP;52072;C6 BANK;1;241,47
202311;1;AP;51626;CAIXA ECONÔMICA FEDERAL;59;78373,35
202311;1;AP;51884;INTER;209;211399,18
202311;1;AP;10069;ITAU;42;37345,62
202311;1;AP;52058;NUBANK;276;230288,84
202311;1;AP;30379;SANTANDER;62;62224,54
202311;1;AP;51011;VOTORANTIM;4;5245,41
202311;1;BA;51750;BANCO SICOOB;22;26317,80
202311;1;BA;30173;BANRISUL;11;8713,69
202311;1;BA;49906;BB;1248;1120900,29
202311;1;BA;30290;BMG;1927;2288986,42
202311;1;BA;10045;BRADESCO;1026;1014601,64
202311;1;BA;31976;BRB;31;33371,82
202311;1;BA;49944;BTG PACTUAL;1845;2042015,61
202311;1;BA;52072;C6 BANK;13;11937,91
202311;1;BA;51626;CAIXA ECONÔMICA FEDERAL;1994;1876901,67
202311;1;BA;4174720;CC SICOOB COOPEMAR;2;1209,79
202311;1;BA;4321309;CC SICOOB CRED EXECUTIVO;2;3437,08
202311;1;BA;2528151;CC SICOOB CREDCOOP;1;556,90
202311;1;BA;2282165;CC SICOOB CREDICONQUISTA;4;7957,87
202311;1;BA;2876918;CC SICOOB NORTE SUL;3;1681,92
202311;1;BA;51884;INTER;3346;3686895,13
202311;1;BA;10069;ITAU;960;998473,01
202311;1;BA;52058;NUBANK;5419;4970410,24
202311;1;BA;30379;SANTANDER;1046;991676,48
202311;1;BA;73398646;SOC CC SICOOB COOPERE;7;10428,64
202311;1;BA;51011;VOTORANTIM;82;90340,85
202311;1;CE;51750;BANCO SICOOB;6;3802,75
202311;1;CE;30173;BANRISUL;5;3325,92
202311;1;CE;49906;BB;1098;923367,38
202311;1;CE;30290;BMG;1484;1635982,27
202311;1;CE;10045;BRADESCO;874;843534,73
202311;1;CE;31976;BRB;14;11781,61
202311;1;CE;49944;BTG PACTUAL;1405;1516327,70
202311;1;CE;52072;C6 BANK;3;1814,44
202311;1;CE;51626;CAIXA ECONÔMICA FEDERAL;1484;1408491,31
202311;1;CE;51884;INTER;3387;3542342,31
202311;1;CE;10069;ITAU;748;714841,71
202311;1;CE;52058;NUBANK;4852;4364355,17
202311;1;CE;30379;SANTANDER;857;829123,33
202311;1;CE;51011;VOTORANTIM;77;84684,60
202311;1;DF;51750;BANCO SICOOB;15;15001,58
202311;1;DF;30173;BANRISUL;7;11167,84
202311;1;DF;49906;BB;529;499289,29
202311;1;DF;30290;BMG;867;1162740,58
202311;1;DF;10045;BRADESCO;146;146258,00
202311;1;DF;31976;BRB;258;294972,46
202311;1;DF;49944;BTG PACTUAL;790;1017073,49
202311;1;DF;52072;C6 BANK;3;2442,40
202311;1;DF;51626;CAIXA ECONÔMICA FEDERAL;673;736846,28
202311;1;DF;1187961;CC DISTRITO FEDERAL E ENTORNO;6;7692,83
202311;1;DF;37079720;CCLA SICOOB CREDIJUSTRA;1;4755,08
202311;1;DF;694877;COOP SICOOB EXECUTIVO LTDA.;3;3258,29
202311;1;DF;51884;INTER;1880;2316265,69
202311;1;DF;10069;ITAU;441;544681,28
202311;1;DF;52058;NUBANK;2340;2283795,96
202311;1;DF;30379;SANTANDER;388;422806,80
202311;1;DF;3632872;SICOOB CREDISUL;1;556,76
202311;1;DF;51011;VOTORANTIM;24;31572,19
202311;1;ES;51750;BANCO SICOOB;87;81579,66
202311;1;ES;30173;BANRISUL;3;5303,68
202311;1;ES;49906;BB;196;187332,34
202311;1;ES;30290;BMG;615;779956,99
202311;1;ES;10045;BRADESCO;105;114284,17
202311;1;ES;31976;BRB;5;2345,62
202311;1;ES;49944;BTG PACTUAL;483;658122,82
202311;1;ES;51626;CAIXA ECONÔMICA FEDERAL;526;563103,69
202311;1;ES;51884;INTER;1071;1443448,08
202311;1;ES;10069;ITAU;298;334651,42
202311;1;ES;52058;NUBANK;1467;1440570,26
202311;1;ES;30379;SANTANDER;285;328725,89
202311;1;ES;3632872;SICOOB CREDISUL;1;2319,67
202311;1;ES;51011;VOTORANTIM;19;30454,59
202311;1;GO;51750;BANCO SICOOB;27;40291,20
202311;1;GO;30173;BANRISUL;1;695,71
202311;1;GO;49906;BB;394;400039,25
202311;1;GO;30290;BMG;952;1202325,16
202311;1;GO;10045;BRADESCO;282;295918,81
202311;1;GO;31976;BRB;70;118963,30
202311;1;GO;49944;BTG PACTUAL;946;1145709,94
202311;1;GO;52072;C6 BANK;3;5485,30
202311;1;GO;51626;CAIXA ECONÔMICA FEDERAL;784;729733,40
202311;1;GO;1187961;CC DISTRITO FEDERAL E ENTORNO;1;1195,65
202311;1;GO;33579731;CCLA CENTRO-SUL GOIANO;3;5742,99
202311;1;GO;2282709;COOP CENTRO NORTE BRASILEIRO;1;882,34
202311;1;GO;694877;COOP SICOOB EXECUTIVO LTDA.;4;2589,73
202311;1;GO;51884;INTER;1810;2235137,14
202311;1;GO;10069;ITAU;674;765538,46
202311;1;GO;52058;NUBANK;2533;2353802,37
202311;1;GO;30379;SANTANDER;469;512843,34
202311;1;GO;73398646;SOC CC SICOOB COOPERE;1;2601,63
202311;1;GO;51011;VOTORANTIM;42;57938,03
202311;1;MA;51750;BANCO SICOOB;6;6616,30
202311;1;MA;30173;BANRISUL;3;1169,94
202311;1;MA;49906;BB;739;566826,52
202311;1;MA;30290;BMG;526;663442,80
202311;1;MA;10045;BRADESCO;278;240091,43
202311;1;MA;31976;BRB;4;2083,73
202311;1;MA;49944;BTG PACTUAL;499;555328,82
202311;1;MA;52072;C6 BANK;3;3343,00
202311;1;MA;51626;CAIXA ECONÔMICA FEDERAL;493;440840,27
202311;1;MA;51884;INTER;1090;1149364,81
202311;1;MA;10069;ITAU;229;213613,32
202311;1;MA;52058;NUBANK;1990;1692916,09
202311;1;MA;30379;SANTANDER;275;276077,87
202311;1;MA;51011;VOTORANTIM;18;23762,50
202311;1;MG;51750;BANCO SICOOB;217;269362,55
202311;1;MG;30173;BANRISUL;10;16843,63
202311;1;MG;49906;BB;1223;1149915,20
202311;1;MG;30290;BMG;3901;4897662,03
202311;1;MG;10045;BRADESCO;924;974608,30
202311;1;MG;31976;BRB;23;23889,91
202311;1;MG;49944;BTG PACTUAL;2361;2985925,18
202311;1;MG;52072;C6 BANK;8;8879,24
202311;1;MG;51626;CAIXA ECONÔMICA FEDERAL;2961;3116299,05
202311;1;MG;2466552;CC SICOOB VALE SUL;2;1619,95
202311;1;MG;65239402;CC UNIÃO DO CENTRO OESTE DE MINAS;3;6038,11
202311;1;MG;2015588;CCLA DO CENTRO SUL RONDONIENSE;1;1954,62
202311;1;MG;14046512;CCLA MARGEM ESQUERDA DO URUCUI;11;13417,51
202311;1;MG;64480833;CCLA MARTINHO CAMPOS;1;1454,12
202311;1;MG;1736516;CCLA REG. CTR. E OESTE MINEIRO;2;2073,63
202311;1;MG;1703620;CCLA UNIÃO CENTRO OESTE MINAS;9;13422,96
202311;1;MG;19402130;CECM EMPR EST HOSP BH RM ZM;1;762,14
202311;1;MG;51884;INTER;7552;8517472,62
202311;1;MG;10069;ITAU;2095;2195671,39
202311;1;MG;52058;NUBANK;7233;7183088,47
202311;1;MG;30379;SANTANDER;1462;1465134,49
202311;1;MG;51011;VOTORANTIM;87;111452,39
202311;1;MS;51750;BANCO SICOOB;16;13790,73
202311;1;MS;30173;BANRISUL;3;1629,38
202311;1;MS;49906;BB;387;398233,49
202311;1;MS;30290;BMG;655;808011,44
202311;1;MS;10045;BRADESCO;347;378517,76
202311;1;MS;31976;BRB;5;5140,73
202311;1;MS;49944;BTG PACTUAL;567;689117,95
202311;1;MS;52072;C6 BANK;6;6450,20
202311;1;MS;51626;CAIXA ECONÔMICA FEDERAL;641;691530,07
202311;1;MS;51884;INTER;839;959856,73
202311;1;MS;10069;ITAU;224;277465,33
202311;1;MS;52058;NUBANK;1901;1775056,54
202311;1;MS;30379;SANTANDER;360;405550,80
202311;1;MS;51011;VOTORANTIM;30;29856,62
202311;1;MT;51750;BANCO SICOOB;30;34472,94
202311;1;MT;30173;BANRISUL;1;965,85
202311;1;MT;49906;BB;433;493919,61
202311;1;MT;30290;BMG;575;787667,25
202311;1;MT;10045;BRADESCO;221;278404,16
202311;1;MT;31976;BRB;7;9788,09
202311;1;MT;49944;BTG PACTUAL;615;876954,44
202311;1;MT;52072;C6 BANK;1;768,38
202311;1;MT;51626;CAIXA ECONÔMICA FEDERAL;422;536341,65
202311;1;MT;2015588;CCLA DO CENTRO SUL RONDONIENSE;9;17722,09
202311;1;MT;23623636;CCLA NORTE DE MATO GROSSO - SICOOB NORTE MT;4;11815,59
202311;1;MT;51884;INTER;930;1283495,23
202311;1;MT;10069;ITAU;191;246863,07
202311;1;MT;52058;NUBANK;1686;1973455,25
202311;1;MT;30379;SANTANDER;261;324920,04
202311;1;MT;3632872;SICOOB CREDISUL;13;19359,45
202311;1;MT;51011;VOTORANTIM;42;64656,46
202311;1;PA;51750;BANCO SICOOB;5;7246,88
202311;1;PA;30173;BANRISUL;6;7141,12
202311;1;PA;49906;BB;613;512215,77
202311;1;PA;4913711;BCO DO EST. DO PA S.A.;1;2108,07
202311;1;PA;30290;BMG;689;828531,95
202311;1;PA;10045;BRADESCO;300;262709,01
202311;1;PA;31976;BRB;10;18618,45
202311;1;PA;49944;BTG PACTUAL;823;904457,65
202311;1;PA;52072;C6 BANK;3;3235,70
202311;1;PA;51626;CAIXA ECONÔMICA FEDERAL;663;557896,73
202311;1;PA;37079720;CCLA SICOOB CREDIJUSTRA;1;477,55
202311;1;PA;51884;INTER;1766;1852538,54
202311;1;PA;10069;ITAU;457;461514,70
202311;1;PA;52058;NUBANK;2832;2426970,00
202311;1;PA;30379;SANTANDER;480;450467,85
202311;1;PA;51011;VOTORANTIM;47;50429,22
202311;1;PB;51750;BANCO SICOOB;5;6815,09
202311;1;PB;49906;BB;406;352899,77
202311;1;PB;30290;BMG;662;750993,63
202311;1;PB;10045;BRADESCO;300;288373,22
202311;1;PB;31976;BRB;26;20787,13
202311;1;PB;49944;BTG PACTUAL;554;632845,76
202311;1;PB;52072;C6 BANK;1;3634,85
202311;1;PB;51626;CAIXA ECONÔMICA FEDERAL;635;601252,43
202311;1;PB;51884;INTER;1094;1200518,99
202311;1;PB;10069;ITAU;221;220487,51
202311;1;PB;52058;NUBANK;1749;1612557,94
202311;1;PB;30379;SANTANDER;223;222578,14
202311;1;PB;51011;VOTORANTIM;22;25688,51
202311;1;PE;51750;BANCO SICOOB;7;5947,00
202311;1;PE;30173;BANRISUL;4;4904,99
202311;1;PE;49906;BB;735;627740,91
202311;1;PE;30290;BMG;1363;1610246,30
202311;1;PE;10045;BRADESCO;592;556151,40
202311;1;PE;31976;BRB;10;11655,78
202311;1;PE;49944;BTG PACTUAL;1257;1438901,64
202311;1;PE;52072;C6 BANK;5;4645,13
202311;1;PE;51626;CAIXA ECONÔMICA FEDERAL;1346;1352442,85
202311;1;PE;4174720;CC SICOOB COOPEMAR;1;1550,27
202311;1;PE;51884;INTER;2486;2805267,79
202311;1;PE;10069;ITAU;714;729855,19
202311;1;PE;52058;NUBANK;3638;3319828,31
202311;1;PE;30379;SANTANDER;773;758551,33
202311;1;PE;51011;VOTORANTIM;32;38622,13
202311;1;PI;51750;BANCO SICOOB;3;3168,63
202311;1;PI;30173;BANRISUL;4;3389,00
202311;1;PI;49906;BB;633;557515,63
202311;1;PI;30290;BMG;470;556554,06
202311;1;PI;10045;BRADESCO;129;161331,81
202311;1;PI;31976;BRB;6;12790,40
202311;1;PI;49944;BTG PACTUAL;454;490925,26
202311;1;PI;52072;C6 BANK;1;2878,94
202311;1;PI;51626;CAIXA ECONÔMICA FEDERAL;568;572653,70
202311;1;PI;2282709;COOP CENTRO NORTE BRASILEIRO;1;4083,63
202311;1;PI;51884;INTER;827;887902,93
202311;1;PI;10069;ITAU;130;122995,73
202311;1;PI;52058;NUBANK;1539;1490798,80
202311;1;PI;30379;SANTANDER;135;123867,37
202311;1;PI;51011;VOTORANTIM;15;18500,91
202311;1;PR;51750;BANCO SICOOB;54;68226,79
202311;1;PR;30173;BANRISUL;4;3866,01
202311;1;PR;49906;BB;573;560926,06
202311;1;PR;30290;BMG;1537;2031724,07
202311;1;PR;10045;BRADESCO;495;482769,81
202311;1;PR;31976;BRB;6;9020,47
202311;1;PR;49944;BTG PACTUAL;1550;1889700,46
202311;1;PR;52072;C6 BANK;5;4764,04
202311;1;PR;51626;CAIXA ECONÔMICA FEDERAL;1256;1324078,92
202311;1;PR;2466552;CC SICOOB VALE SUL;8;9423,80
202311;1;PR;7026923;CCLA SICOOB ARENITO PARANÁ / SÃO PAULO;2;966,89
202311;1;PR;51884;INTER;2197;2743202,92
202311;1;PR;10069;ITAU;937;988853,99
202311;1;PR;52058;NUBANK;3626;3552207,39
202311;1;PR;30379;SANTANDER;652;674115,09
202311;1;PR;51011;VOTORANTIM;56;82466,33
202311;1;RJ;51750;BANCO SICOOB;50;45338,12
202311;1;RJ;30173;BANRISUL;11;13999,84
202311;1;RJ;49906;BB;1030;912996,20
202311;1;RJ;30290;BMG;3237;3731283,00
202311;1;RJ;10045;BRADESCO;1550;1466710,51
202311;1;RJ;31976;BRB;83;63116,04
202311;1;RJ;49944;BTG PACTUAL;3090;3438159,81
202311;1;RJ;52072;C6 BANK;17;10200,47
202311;1;RJ;51626;CAIXA ECONÔMICA FEDERAL;2862;2769204,96
202311;1;RJ;51884;INTER;5673;6282457,51
202311;1;RJ;10069;ITAU;3918;3956933,63
202311;1;RJ;52058;NUBANK;9436;8388986,68
202311;1;RJ;30379;SANTANDER;2665;2525273,45
202311;1;RJ;3632872;SICOOB CREDISUL;2;1102,14
202311;1;RJ;51011;VOTORANTIM;100;100793,87
202311;1;RN;51750;BANCO SICOOB;7;6991,41
202311;1;RN;30173;BANRISUL;5;7172,74
202311;1;RN;49906;BB;454;411925,93
202311;1;RN;30290;BMG;493;583246,91
202311;1;RN;10045;BRADESCO;170;165459,66
202311;1;RN;31976;BRB;1;1984,17
202311;1;RN;49944;BTG PACTUAL;457;512482,57
202311;1;RN;52072;C6 BANK;3;1669,05
202311;1;RN;51626;CAIXA ECONÔMICA FEDERAL;486;478564,29
202311;1;RN;51884;INTER;1062;1111921,78
202311;1;RN;10069;ITAU;199;190191,31
202311;1;RN;52058;NUBANK;1474;1304198,43
202311;1;RN;30379;SANTANDER;205;204752,00
202311;1;RN;51011;VOTORANTIM;37;38618,55
202311;1;RO;51750;BANCO SICOOB;15;27120,35
202311;1;RO;49906;BB;302;301999,97
202311;1;RO;30290;BMG;313;404544,88
202311;1;RO;10045;BRADESCO;133;159334,58
202311;1;RO;31976;BRB;1;322,15
202311;1;RO;49944;BTG PACTUAL;344;468150,00
202311;1;RO;8044854;C.C. DO CENTRO DO ESTADO DE RONDÔNIA;12;8923,85
202311;1;RO;52072;C6 BANK;2;3227,52
202311;1;RO;51626;CAIXA ECONÔMICA FEDERAL;342;353883,54
202311;1;RO;4751713;CC INV DE RONDÔNIA - SICOOB CREDJURD;3;3797,76
202311;1;RO;2015588;CCLA DO CENTRO SUL RONDONIENSE;38;74114,57
202311;1;RO;51884;INTER;565;660433,66
202311;1;RO;10069;ITAU;142;167004,58
202311;1;RO;52058;NUBANK;1248;1252839,04
202311;1;RO;30379;SANTANDER;149;156660,24
202311;1;RO;5203605;SICOOB AMAZÔNIA;10;16192,39
202311;1;RO;3632872;SICOOB CREDISUL;16;16153,90
202311;1;RO;51011;VOTORANTIM;14;18286,46
202311;1;RR;49906;BB;96;96477,77
202311;1;RR;30290;BMG;57;66268,58
202311;1;RR;10045;BRADESCO;15;15361,15
202311;1;RR;31976;BRB;1;869,65
202311;1;RR;49944;BTG PACTUAL;63;90398,13
202311;1;RR;52072;C6 BANK;1;1057,08
202311;1;RR;51626;CAIXA ECONÔMICA FEDERAL;78;75091,40
202311;1;RR;51884;INTER;160;211797,55
202311;1;RR;10069;ITAU;36;38024,18
202311;1;RR;52058;NUBANK;296;279091,65
202311;1;RR;30379;SANTANDER;50;56646,29
202311;1;RR;51011;VOTORANTIM;1;1219,01
202311;1;RS;51750;BANCO SICOOB;25;26426,72
202311;1;RS;30173;BANRISUL;828;915524,74
202311;1;RS;49906;BB;593;539001,36
202311;1;RS;30290;BMG;1656;2029194,94
202311;1;RS;10045;BRADESCO;401;397674,23
202311;1;RS;31976;BRB;7;12908,21
202311;1;RS;49944;BTG PACTUAL;1554;1806196,48
202311;1;RS;52072;C6 BANK;10;5268,22
202311;1;RS;51626;CAIXA ECONÔMICA FEDERAL;1660;1715220,37
202311;1;RS;85291086;CC LITORÂNEA;1;679,01
202311;1;RS;78825270;CCLA MAXI ALFA;5;10714,37
202311;1;RS;2090126;CCLA SICOOB VALCREDI SUL;3;2290,50
202311;1;RS;81014060;CCLAA ITAIPU SICOOB CREDITAIPU;2;1689,02
202311;1;RS;51884;INTER;2480;2941103,78
202311;1;RS;10069;ITAU;691;664074,63
202311;1;RS;52058;NUBANK;4281;4136602,90
202311;1;RS;30379;SANTANDER;907;908940,99
202311;1;RS;51011;VOTORANTIM;64;68549,63
202311;1;SC;51750;BANCO SICOOB;42;52079,58
202311;1;SC;30173;BANRISUL;24;20243,84
202311;1;SC;49906;BB;373;357696,24
202311;1;SC;30290;BMG;946;1210682,57
202311;1;SC;10045;BRADESCO;263;268663,96
202311;1;SC;31976;BRB;4;2607,13
202311;1;SC;49944;BTG PACTUAL;871;1184731,68
202311;1;SC;52072;C6 BANK;4;7280,49
202311;1;SC;51626;CAIXA ECONÔMICA FEDERAL;653;741373,16
202311;1;SC;85291086;CC LITORÂNEA;5;7484,72
202311;1;SC;86829827;CCLA DO VALE;1;135,29
202311;1;SC;78825270;CCLA MAXI ALFA;31;56502,67
202311;1;SC;2090126;CCLA SICOOB VALCREDI SUL;6;3774,49
202311;1;SC;81014060;CCLAA ITAIPU SICOOB CREDITAIPU;2;2333,39
202311;1;SC;78862083;COOP NOVOS CAMPOS;2;723,76
202311;1;SC;51884;INTER;1296;1672162,97
202311;1;SC;10069;ITAU;381;405676,28
202311;1;SC;52058;NUBANK;2152;2248114,29
202311;1;SC;30379;SANTANDER;363;420863,80
202311;1;SC;86791837;SICOOB VALE DOS PINHAIS;2;1680,59
202311;1;SC;51011;VOTORANTIM;30;39789,65
202311;1;SE;51750;BANCO SICOOB;1;682,06
202311;1;SE;30173;BANRISUL;4;3583,58
202311;1;SE;49906;BB;189;146820,46
202311;1;SE;30290;BMG;330;422819,40
202311;1;SE;10045;BRADESCO;73;74957,55
202311;1;SE;31976;BRB;4;3105,47
202311;1;SE;49944;BTG PACTUAL;323;352505,09
202311;1;SE;52072;C6 BANK;3;1269,90
202311;1;SE;51626;CAIXA ECONÔMICA FEDERAL;363;359191,93
202311;1;SE;51884;INTER;685;720466,50
202311;1;SE;10069;ITAU;78;88419,25
202311;1;SE;52058;NUBANK;929;868994,30
202311;1;SE;30379;SANTANDER;126;114319,22
202311;1;SE;51011;VOTORANTIM;12;12982,29
202311;1;SP;51750;BANCO SICOOB;90;101697,48
202311;1;SP;30173;BANRISUL;30;41314,49
202311;1;SP;49906;BB;2902;2698983,32
202311;1;SP;4913711;BCO DO EST. DO PA S.A.;1;1751,79
202311;1;SP;30290;BMG;8590;10538271,79
202311;1;SP;10045;BRADESCO;3866;3798615,73
202311;1;SP;31976;BRB;51;66788,00
202311;1;SP;49944;BTG PACTUAL;8800;10381473,05
202311;1;SP;52072;C6 BANK;51;60037,10
202311;1;SP;51626;CAIXA ECONÔMICA FEDERAL;5586;5655645,24
202311;1;SP;2282165;CC SICOOB CREDICONQUISTA;1;2460,55
202311;1;SP;7026923;CCLA SICOOB ARENITO PARANÁ / SÃO PAULO;1;1743,82
202311;1;SP;69346856;CECM DOS PROFISSIONAIS DA SAUDE DA REG ALTA MOGIANA;1;3348,52
202311;1;SP;51884;INTER;13134;15367601,10
202311;1;SP;10069;ITAU;7723;7805355,57
202311;1;SP;52058;NUBANK;23859;22429592,90
202311;1;SP;30379;SANTANDER;6499;6494683,21
202311;1;SP;51011;VOTORANTIM;358;411534,73
202311;1;TO;51750;BANCO SICOOB;1;2091,80
202311;1;TO;49906;BB;172;135930,25
202311;1;TO;30290;BMG;149;174436,26
202311;1;TO;10045;BRADESCO;63;63830,65
202311;1;TO;31976;BRB;2;1960,21
202311;1;TO;49944;BTG PACTUAL;119;129947,12
202311;1;TO;52072;C6 BANK;2;3889,20
202311;1;TO;51626;CAIXA ECONÔMICA FEDERAL;128;111853,56
202311;1;TO;37079720;CCLA SICOOB CREDIJUSTRA;1;220,97
202311;1;TO;51884;INTER;323;352533,56
202311;1;TO;10069;ITAU;49;61571,66
202311;1;TO;52058;NUBANK;549;486948,22
202311;1;TO;30379;SANTANDER;59;49773,68
202311;1;TO;51011;VOTORANTIM;10;19232,78
202311;2;AC;49906;BB;21;209588,73
202311;2;AC;17351180;BCO TRIANGULO S.A.;13;14054,16
202311;2;AC;10045;BRADESCO;15;76612,61
202311;2;AC;49944;BTG PACTUAL;4;38273,78
202311;2;AC;52072;C6 BANK;9;10222,01
202311;2;AC;51626;CAIXA ECONÔMICA FEDERAL;39;197864,08
202311;2;AC;51884;INTER;5;16991,23
202311;2;AC;10069;ITAU;17;160760,39
202311;2;AC;30379;SANTANDER;40;122042,22
202311;2;AC;51011;VOTORANTIM;3;48702,61
202311;2;AL;49906;BB;48;338086,66
202311;2;AL;17351180;BCO TRIANGULO S.A.;14;15405,90
202311;2;AL;10045;BRADESCO;30;156940,56
202311;2;AL;49944;BTG PACTUAL;3;36058,82
202311;2;AL;52072;C6 BANK;124;216288,52
202311;2;AL;51626;CAIXA ECONÔMICA FEDERAL;145;375057,98
202311;2;AL;51884;INTER;41;139448,12
202311;2;AL;10069;ITAU;208;645838,02
202311;2;AL;30379;SANTANDER;133;621573,63
202311;2;AL;51011;VOTORANTIM;11;59776,94
202311;2;AM;49906;BB;39;338585,74
202311;2;AM;17351180;BCO TRIANGULO S.A.;45;59819,61
202311;2;AM;10045;BRADESCO;221;2086905,80
202311;2;AM;49944;BTG PACTUAL;5;10765,69
202311;2;AM;52072;C6 BANK;127;385117,17
202311;2;AM;51626;CAIXA ECONÔMICA FEDERAL;97;266627,19
202311;2;AM;51884;INTER;26;94325,45
202311;2;AM;10069;ITAU;194;638052,62
202311;2;AM;30379;SANTANDER;227;1303102,39
202311;2;AM;51011;VOTORANTIM;21;151743,64
202311;2;AP;49906;BB;36;403844,96
202311;2;AP;17351180;BCO TRIANGULO S.A.;1;1432,61
202311;2;AP;10045;BRADESCO;12;121280,42
202311;2;AP;49944;BTG PACTUAL;1;5957,15
202311;2;AP;52072;C6 BANK;21;34045,83
202311;2;AP;51626;CAIXA ECONÔMICA FEDERAL;44;145956,09
202311;2;AP;51884;INTER;14;45107,21
202311;2;AP;10069;ITAU;16;23567,86
202311;2;AP;30379;SANTANDER;33;294477,88
202311;2;AP;51011;VOTORANTIM;2;9300,25
202311;2;BA;49906;BB;197;1420078,43
202311;2;BA;17351180;BCO TRIANGULO S.A.;76;103407,38
202311;2;BA;10045;BRADESCO;447;2715035,83
202311;2;BA;49944;BTG PACTUAL;21;63199,03
202311;2;BA;52072;C6 BANK;548;1177986,64
202311;2;BA;51626;CAIXA ECONÔMICA FEDERAL;645;1293367,90
202311;2;BA;51884;INTER;144;567514,71
202311;2;BA;10069;ITAU;1042;2732244,57
202311;2;BA;30379;SANTANDER;1024;4498566,52
202311;2;BA;51011;VOTORANTIM;42;212995,24
202311;2;CE;49906;BB;139;1310103,95
202311;2;CE;17351180;BCO TRIANGULO S.A.;34;27362,62
202311;2;CE;10045;BRADESCO;285;2520834,16
202311;2;CE;49944;BTG PACTUAL;9;12371,67
202311;2;CE;52072;C6 BANK;348;685550,92
202311;2;CE;51626;CAIXA ECONÔMICA FEDERAL;368;878982,90
202311;2;CE;51884;INTER;90;411583,08
202311;2;CE;10069;ITAU;472;1439251,54
202311;2;CE;30379;SANTANDER;536;2581739,09
202311;2;CE;51011;VOTORANTIM;41;256833,90
202311;2;DF;49906;BB;67;1088303,50
202311;2;DF;17351180;BCO TRIANGULO S.A.;10;17945,30
202311;2;DF;10045;BRADESCO;114;715393,95
202311;2;DF;49944;BTG PACTUAL;5;20722,71
202311;2;DF;52072;C6 BANK;236;864325,79
202311;2;DF;51626;CAIXA ECONÔMICA FEDERAL;259;976586,91
202311;2;DF;51884;INTER;73;385043,86
202311;2;DF;10069;ITAU;352;1046566,57
202311;2;DF;30379;SANTANDER;272;1631309,23
202311;2;DF;51011;VOTORANTIM;20;172275,20
202311;2;ES;49906;BB;30;250093,33
202311;2;ES;17351180;BCO TRIANGULO S.A.;10;6454,28
202311;2;ES;10045;BRADESCO;77;428274,09
202311;2;ES;49944;BTG PACTUAL;1;1189,20
202311;2;ES;52072;C6 BANK;124;239289,20
202311;2;ES;51626;CAIXA ECONÔMICA FEDERAL;154;197972,22
202311;2;ES;51884;INTER;60;256955,48
202311;2;ES;10069;ITAU;212;453436,86
202311;2;ES;30379;SANTANDER;187;962185,13
202311;2;ES;51011;VOTORANTIM;20;96918,20
202311;2;GO;49906;BB;120;1135248,28
202311;2;GO;17351180;BCO TRIANGULO S.A.;15;18658,60
202311;2;GO;10045;BRADESCO;239;2270121,38
202311;2;GO;49944;BTG PACTUAL;10;35993,32
202311;2;GO;52072;C6 BANK;347;922630,50
202311;2;GO;51626;CAIXA ECONÔMICA FEDERAL;515;1257100,69
202311;2;GO;51884;INTER;94;475573,39
202311;2;GO;10069;ITAU;484;1420460,54
202311;2;GO;30379;SANTANDER;399;2401079,31
202311;2;GO;51011;VOTORANTIM;40;377815,48
202311;2;MA;49906;BB;187;1719053,17
202311;2;MA;17351180;BCO TRIANGULO S.A.;18;44460,07
202311;2;MA;10045;BRADESCO;130;767873,35
202311;2;MA;49944;BTG PACTUAL;2;10260,60
202311;2;MA;52072;C6 BANK;117;219098,55
202311;2;MA;51626;CAIXA ECONÔMICA FEDERAL;168;405851,65
202311;2;MA;51884;INTER;34;132838,68
202311;2;MA;10069;ITAU;183;494183,09
202311;2;MA;30379;SANTANDER;174;899263,90
202311;2;MA;51011;VOTORANTIM;21;167014,68
202311;2;MG;49906;BB;210;1966952,02
202311;2;MG;13009717;BCO DO EST. DE SE S.A.;1;2721,29
202311;2;MG;17351180;BCO TRIANGULO S.A.;60;64183,96
202311;2;MG;10045;BRADESCO;454;2920765,09
202311;2;MG;49944;BTG PACTUAL;22;120090,75
202311;2;MG;52072;C6 BANK;821;2020800,69
202311;2;MG;51626;CAIXA ECONÔMICA FEDERAL;869;1746885,53
202311;2;MG;51884;INTER;365;1453083,35
202311;2;MG;10069;ITAU;1332;3637097,94
202311;2;MG;30379;SANTANDER;1278;7286900,25
202311;2;MG;51011;VOTORANTIM;148;1127588,50
202311;2;MS;49906;BB;74;1019972,40
202311;2;MS;17351180;BCO TRIANGULO S.A.;22;22194,55
202311;2;MS;10045;BRADESCO;135;1320979,08
202311;2;MS;49944;BTG PACTUAL;1;924,35
202311;2;MS;52072;C6 BANK;111;196322,61
202311;2;MS;51626;CAIXA ECONÔMICA FEDERAL;140;269097,68
202311;2;MS;51884;INTER;27;154824,38
202311;2;MS;10069;ITAU;149;332028,99
202311;2;MS;30379;SANTANDER;238;1582210,61
202311;2;MS;51011;VOTORANTIM;46;412604,03
202311;2;MT;49906;BB;85;743260,12
202311;2;MT;17351180;BCO TRIANGULO S.A.;14;18341,79
202311;2;MT;10045;BRADESCO;126;995267,36
202311;2;MT;49944;BTG PACTUAL;3;20915,15
202311;2;MT;52072;C6 BANK;106;364747,14
202311;2;MT;51626;CAIXA ECONÔMICA FEDERAL;144;335533,29
202311;2;MT;51884;INTER;50;240770,59
202311;2;MT;10069;ITAU;131;367490,29
202311;2;MT;30379;SANTANDER;190;1085346,24
202311;2;MT;51011;VOTORANTIM;35;305939,71
202311;2;PA;49906;BB;129;1161278,11
202311;2;PA;17351180;BCO TRIANGULO S.A.;63;65450,56
202311;2;PA;10045;BRADESCO;217;1768771,78
202311;2;PA;49944;BTG PACTUAL;6;15195,67
202311;2;PA;52072;C6 BANK;263;475657,06
202311;2;PA;51626;CAIXA ECONÔMICA FEDERAL;242;429412,74
202311;2;PA;51884;INTER;61;192860,00
202311;2;PA;10069;ITAU;284;860947,97
202311;2;PA;30379;SANTANDER;288;1357601,31
202311;2;PA;51011;VOTORANTIM;37;423858,20
202311;2;PB;49906;BB;56;355853,20
202311;2;PB;17351180;BCO TRIANGULO S.A.;25;19851,27
202311;2;PB;10045;BRADESCO;151;1227952,84
202311;2;PB;49944;BTG PACTUAL;4;4789,13
202311;2;PB;52072;C6 BANK;128;422396,27
202311;2;PB;51626;CAIXA ECONÔMICA FEDERAL;166;233506,41
202311;2;PB;51884;INTER;42;134954,84
202311;2;PB;10069;ITAU;232;705518,54
202311;2;PB;30379;SANTANDER;165;772334,39
202311;2;PB;51011;VOTORANTIM;24;123931,56
202311;2;PE;49906;BB;102;804862,39
202311;2;PE;17351180;BCO TRIANGULO S.A.;59;53042,57
202311;2;PE;10045;BRADESCO;304;2207667,85
202311;2;PE;49944;BTG PACTUAL;13;27768,01
202311;2;PE;52072;C6 BANK;389;716866,18
202311;2;PE;51626;CAIXA ECONÔMICA FEDERAL;262;463033,22
202311;2;PE;51884;INTER;91;406341,39
202311;2;PE;10069;ITAU;628;1915097,10
202311;2;PE;30379;SANTANDER;534;2460128,05
202311;2;PE;51011;VOTORANTIM;40;245139,50
202311;2;PI;49906;BB;85;544574,12
202311;2;PI;17351180;BCO TRIANGULO S.A.;5;7146,10
202311;2;PI;10045;BRADESCO;47;394102,56
202311;2;PI;49944;BTG PACTUAL;2;6094,10
202311;2;PI;52072;C6 BANK;82;95422,16
202311;2;PI;51626;CAIXA ECONÔMICA FEDERAL;179;503389,23
202311;2;PI;51884;INTER;28;96882,17
202311;2;PI;10069;ITAU;79;236483,48
202311;2;PI;30379;SANTANDER;120;515887,46
202311;2;PI;51011;VOTORANTIM;17;154954,12
202311;2;PR;49906;BB;141;1148108,66
202311;2;PR;17351180;BCO TRIANGULO S.A.;37;71205,88
202311;2;PR;10045;BRADESCO;371;3319273,47
202311;2;PR;49944;BTG PACTUAL;7;36603,63
202311;2;PR;52072;C6 BANK;787;1972286,12
202311;2;PR;51626;CAIXA ECONÔMICA FEDERAL;667;2006600,04
202311;2;PR;51884;INTER;122;496901,93
202311;2;PR;10069;ITAU;869;2205767,72
202311;2;PR;30379;SANTANDER;677;4000545,77
202311;2;PR;51011;VOTORANTIM;109;784183,82
202311;2;RJ;49906;BB;146;1617043,91
202311;2;RJ;17351180;BCO TRIANGULO S.A.;75;131202,50
202311;2;RJ;10045;BRADESCO;906;7086076,83
202311;2;RJ;49944;BTG PACTUAL;34;190950,94
202311;2;RJ;52072;C6 BANK;1170;2374434,76
202311;2;RJ;51626;CAIXA ECONÔMICA FEDERAL;735;1478541,08
202311;2;RJ;51884;INTER;187;927688,91
202311;2;RJ;10069;ITAU;2424;5825144,37
202311;2;RJ;30379;SANTANDER;1701;10275577,54
202311;2;RJ;51011;VOTORANTIM;128;1135232,87
202311;2;RN;49906;BB;73;863112,64
202311;2;RN;17351180;BCO TRIANGULO S.A.;33;27333,35
202311;2;RN;10045;BRADESCO;64;311202,43
202311;2;RN;49944;BTG PACTUAL;10;22151,32
202311;2;RN;52072;C6 BANK;134;169003,83
202311;2;RN;51626;CAIXA ECONÔMICA FEDERAL;107;249661,43
202311;2;RN;51884;INTER;46;167919,94
202311;2;RN;10069;ITAU;185;510345,40
202311;2;RN;30379;SANTANDER;143;649064,18
202311;2;RN;51011;VOTORANTIM;24;125885,25
202311;2;RO;49906;BB;39;365055,02
202311;2;RO;17351180;BCO TRIANGULO S.A.;5;9815,12
202311;2;RO;10045;BRADESCO;38;225686,19
202311;2;RO;49944;BTG PACTUAL;1;2725,76
202311;2;RO;52072;C6 BANK;37;107995,34
202311;2;RO;51626;CAIXA ECONÔMICA FEDERAL;75;82760,18
202311;2;RO;51884;INTER;18;82033,93
202311;2;RO;10069;ITAU;33;88124,92
202311;2;RO;30379;SANTANDER;89;455191,48
202311;2;RO;51011;VOTORANTIM;12;90917,96
202311;2;RR;49906;BB;19;251418,23
202311;2;RR;17351180;BCO TRIANGULO S.A.;3;2028,29
202311;2;RR;10045;BRADESCO;9;65391,78
202311;2;RR;49944;BTG PACTUAL;5;11826,78
202311;2;RR;52072;C6 BANK;15;40515,82
202311;2;RR;51626;CAIXA ECONÔMICA FEDERAL;21;75337,84
202311;2;RR;51884;INTER;5;44260,87
202311;2;RR;10069;ITAU;14;16407,42
202311;2;RR;30379;SANTANDER;18;98914,50
202311;2;RR;51011;VOTORANTIM;1;3745,09
202311;2;RS;49906;BB;101;1756130,84
202311;2;RS;17351180;BCO TRIANGULO S.A.;52;57927,45
202311;2;RS;10045;BRADESCO;186;1483729,91
202311;2;RS;49944;BTG PACTUAL;14;68734,53
202311;2;RS;52072;C6 BANK;352;884566,93
202311;2;RS;51626;CAIXA ECONÔMICA FEDERAL;594;1138581,28
202311;2;RS;51884;INTER;82;385344,65
202311;2;RS;10069;ITAU;741;1804246,66
202311;2;RS;30379;SANTANDER;656;3696321,84
202311;2;RS;51011;VOTORANTIM;76;476897,98
202311;2;SC;49906;BB;109;892315,07
202311;2;SC;17351180;BCO TRIANGULO S.A.;40;58541,84
202311;2;SC;10045;BRADESCO;212;1588759,65
202311;2;SC;49944;BTG PACTUAL;13;47625,13
202311;2;SC;52072;C6 BANK;403;787769,37
202311;2;SC;51626;CAIXA ECONÔMICA FEDERAL;413;1067009,81
202311;2;SC;51884;INTER;65;217476,04
202311;2;SC;10069;ITAU;509;1323911,60
202311;2;SC;30379;SANTANDER;303;2209580,40
202311;2;SC;51011;VOTORANTIM;99;628997,31
202311;2;SE;49906;BB;26;140396,66
202311;2;SE;13009717;BCO DO EST. DE SE S.A.;28;162722,50
202311;2;SE;17351180;BCO TRIANGULO S.A.;5;2039,52
202311;2;SE;10045;BRADESCO;16;56038,31
202311;2;SE;49944;BTG PACTUAL;1;2003,07
202311;2;SE;52072;C6 BANK;72;200781,12
202311;2;SE;51626;CAIXA ECONÔMICA FEDERAL;96;190128,34
202311;2;SE;51884;INTER;15;81706,59
202311;2;SE;10069;ITAU;102;271117,52
202311;2;SE;30379;SANTANDER;69;300512,25
202311;2;SE;51011;VOTORANTIM;14;97828,86
202311;2;SP;49906;BB;462;4904524,98
202311;2;SP;17351180;BCO TRIANGULO S.A.;134;168883,78
202311;2;SP;10045;BRADESCO;2364;19179515,94
202311;2;SP;49944;BTG PACTUAL;84;338411,31
202311;2;SP;52072;C6 BANK;3105;7012206,74
202311;2;SP;51626;CAIXA ECONÔMICA FEDERAL;1872;3506510,20
202311;2;SP;51884;INTER;637;3015870,68
202311;2;SP;10069;ITAU;5383;14189180,59
202311;2;SP;30379;SANTANDER;4633;27508065,56
202311;2;SP;51011;VOTORANTIM;480;2829924,88
202311;2;TO;49906;BB;43;311460,71
202311;2;TO;17351180;BCO TRIANGULO S.A.;6;8814,47
202311;2;TO;10045;BRADESCO;30;185611,32
202311;2;TO;49944;BTG PACTUAL;1;14408,27
202311;2;TO;52072;C6 BANK;29;55214,43
202311;2;TO;51626;CAIXA ECONÔMICA FEDERAL;51;105628,40
202311;2;TO;51884;INTER;18;90385,01
202311;2;TO;10069;ITAU;25;64862,44
202311;2;TO;30379;SANTANDER;50;304549,60
202311;2;TO;51011;VOTORANTIM;11;135896,25
202312;1;AC;49906;BB;165;215279,61
202312;1;AC;30290;BMG;25;59319,01
202312;1;AC;10045;BRADESCO;13;11729,93
202312;1;AC;31976;BRB;1;309,11
202312;1;AC;49944;BTG PACTUAL;169;272260,61
202312;1;AC;52072;C6 BANK;7;9585,25
202312;1;AC;51626;CAIXA ECONÔMICA FEDERAL;162;172567,57
202312;1;AC;51884;INTER;123;169463,32
202312;1;AC;10069;ITAU;23;26597,74
202312;1;AC;52058;NUBANK;287;347603,84
202312;1;AC;30379;SANTANDER;61;60229,86
202312;1;AC;3632872;SICOOB CREDISUL;1;747,02
202312;1;AC;51011;VOTORANTIM;3;2026,80
202312;1;AL;51750;BANCO SICOOB;4;4302,43
202312;1;AL;49906;BB;216;262586,29
202312;1;AL;30290;BMG;139;177619,27
202312;1;AL;10045;BRADESCO;74;74789,58
202312;1;AL;31976;BRB;9;15396,36
202312;1;AL;49944;BTG PACTUAL;511;618115,71
202312;1;AL;52072;C6 BANK;50;49132,51
202312;1;AL;51626;CAIXA ECONÔMICA FEDERAL;408;422200,38
202312;1;AL;51884;INTER;485;585703,88
202312;1;AL;10069;ITAU;120;120140,70
202312;1;AL;52058;NUBANK;623;577015,97
202312;1;AL;30379;SANTANDER;128;147956,58
202312;1;AL;73398646;SOC CC SICOOB COOPERE;1;708,80
202312;1;AL;51011;VOTORANTIM;8;12815,00
202312;1;AM;51750;BANCO SICOOB;7;8294,28
202312;1;AM;30173;BANRISUL;5;15191,49
202312;1;AM;49906;BB;293;391886,09
202312;1;AM;30290;BMG;187;275647,37
202312;1;AM;10045;BRADESCO;452;577615,41
202312;1;AM;31976;BRB;7;4270,64
202312;1;AM;49944;BTG PACTUAL;1080;1677638,29
202312;1;AM;52072;C6 BANK;109;131289,03
202312;1;AM;51626;CAIXA ECONÔMICA FEDERAL;637;745642,03
202312;1;AM;2015588;CCLA DO CENTRO SUL RONDONIENSE;1;1011,10
202312;1;AM;51884;INTER;903;1210395,60
202312;1;AM;10069;ITAU;424;540846,01
202312;1;AM;52058;NUBANK;1578;1946575,85
202312;1;AM;30379;SANTANDER;406;517240,23
202312;1;AM;5203605;SICOOB AMAZÔNIA;4;12502,72
202312;1;AM;51011;VOTORANTIM;24;36563,81
202312;1;AP;51750;BANCO SICOOB;4;4268,95
202312;1;AP;30173;BANRISUL;2;5299,00
202312;1;AP;49906;BB;98;100259,81
202312;1;AP;30290;BMG;29;36189,91
202312;1;AP;10045;BRADESCO;24;23990,84
202312;1;AP;31976;BRB;1;1276,12
202312;1;AP;49944;BTG PACTUAL;121;190137,18
202312;1;AP;52072;C6 BANK;24;32160,42
202312;1;AP;51626;CAIXA ECONÔMICA FEDERAL;55;52343,63
202312;1;AP;51884;INTER;110;139627,70
202312;1;AP;10069;ITAU;42;38559,05
202312;1;AP;52058;NUBANK;184;183066,22
202312;1;AP;30379;SANTANDER;45;42201,16
202312;1;AP;51011;VOTORANTIM;1;393,56
202312;1;BA;51750;BANCO SICOOB;19;28357,62
202312;1;BA;30173;BANRISUL;4;4520,27
202312;1;BA;49906;BB;1046;1172545,83
202312;1;BA;30290;BMG;540;705668,19
202312;1;BA;10045;BRADESCO;632;734488,53
202312;1;BA;31976;BRB;23;31814,78
202312;1;BA;49944;BTG PACTUAL;2481;3279113,72
202312;1;BA;52072;C6 BANK;258;278982,41
202312;1;BA;51626;CAIXA ECONÔMICA FEDERAL;1516;1551707,74
202312;1;BA;32615247;CC SICOOB COOPEC LTDA.;3;6858,32
202312;1;BA;4174720;CC SICOOB COOPEMAR;4;2974,25
202312;1;BA;2528151;CC SICOOB CREDCOOP;1;552,06
202312;1;BA;2282165;CC SICOOB CREDICONQUISTA;2;3118,29
202312;1;BA;78825270;CCLA MAXI ALFA;1;300,39
202312;1;BA;51884;INTER;1793;2113285,55
202312;1;BA;10069;ITAU;646;749084,06
202312;1;BA;52058;NUBANK;2879;2943004,20
202312;1;BA;30379;SANTANDER;734;752770,49
202312;1;BA;73398646;SOC CC SICOOB COOPERE;13;10706,50
202312;1;BA;51011;VOTORANTIM;47;67021,58
202312;1;CE;51750;BANCO SICOOB;4;3401,60
202312;1;CE;30173;BANRISUL;7;11419,13
202312;1;CE;49906;BB;853;1018505,08
202312;1;CE;30290;BMG;391;478765,67
202312;1;CE;10045;BRADESCO;527;536363,34
202312;1;CE;31976;BRB;5;5781,73
202312;1;CE;49944;BTG PACTUAL;2214;2832533,19
202312;1;CE;52072;C6 BANK;206;239845,93
202312;1;CE;51626;CAIXA ECONÔMICA FEDERAL;1223;1220779,21
202312;1;CE;86829827;CCLA DO VALE;1;1081,89
202312;1;CE;51884;INTER;1975;2292639,70
202312;1;CE;10069;ITAU;492;563055,93
202312;1;CE;52058;NUBANK;2766;2944512,35
202312;1;CE;30379;SANTANDER;632;662597,25
202312;1;CE;51011;VOTORANTIM;32;42004,20
202312;1;DF;51750;BANCO SICOOB;13;18094,23
202312;1;DF;30173;BANRISUL;3;6104,16
202312;1;DF;49906;BB;462;594079,39
202312;1;DF;30290;BMG;237;325527,89
202312;1;DF;10045;BRADESCO;88;86172,56
202312;1;DF;31976;BRB;239;318884,28
202312;1;DF;49944;BTG PACTUAL;1072;1560481,82
202312;1;DF;52072;C6 BANK;103;112618,77
202312;1;DF;51626;CAIXA ECONÔMICA FEDERAL;495;538934,62
202312;1;DF;1187961;CC DISTRITO FEDERAL E ENTORNO;3;4934,19
202312;1;DF;37079720;CCLA SICOOB CREDIJUSTRA;1;1503,14
202312;1;DF;694877;COOP SICOOB EXECUTIVO LTDA.;1;1063,17
202312;1;DF;51884;INTER;951;1288143,13
202312;1;DF;10069;ITAU;312;357588,87
202312;1;DF;52058;NUBANK;1252;1359729,01
202312;1;DF;30379;SANTANDER;307;369288,45
202312;1;DF;5203605;SICOOB AMAZÔNIA;2;4932,65
202312;1;DF;5856736;SICOOB EMPRESARIAL;2;4546,68
202312;1;DF;51011;VOTORANTIM;18;23110,97
202312;1;ES;51750;BANCO SICOOB;52;75221,46
202312;1;ES;30173;BANRISUL;1;4768,99
202312;1;ES;49906;BB;186;232727,47
202312;1;ES;30290;BMG;155;226694,39
202312;1;ES;10045;BRADESCO;109;119207,01
202312;1;ES;31976;BRB;4;11801,01
202312;1;ES;49944;BTG PACTUAL;762;1101185,58
202312;1;ES;52072;C6 BANK;53;63605,85
202312;1;ES;51626;CAIXA ECONÔMICA FEDERAL;423;458692,25
202312;1;ES;4751713;CC INV DE RONDÔNIA - SICOOB CREDJURD;1;1426,85
202312;1;ES;51884;INTER;534;720201,80
202312;1;ES;10069;ITAU;210;289119,07
202312;1;ES;52058;NUBANK;903;992606,00
202312;1;ES;30379;SANTANDER;200;257173,17
202312;1;ES;51011;VOTORANTIM;13;19020,63
202312;1;GO;51750;BANCO SICOOB;17;22560,28
202312;1;GO;30173;BANRISUL;6;10724,12
202312;1;GO;49906;BB;404;548523,16
202312;1;GO;30290;BMG;285;382498,53
202312;1;GO;10045;BRADESCO;189;195491,67
202312;1;GO;31976;BRB;56;73030,96
202312;1;GO;49944;BTG PACTUAL;1379;1849696,06
202312;1;GO;52072;C6 BANK;168;200499,51
202312;1;GO;51626;CAIXA ECONÔMICA FEDERAL;676;698866,09
202312;1;GO;1187961;CC DISTRITO FEDERAL E ENTORNO;2;1750,68
202312;1;GO;33579731;CCLA CENTRO-SUL GOIANO;1;1115,70
202312;1;GO;2282709;COOP CENTRO NORTE BRASILEIRO;3;2921,87
202312;1;GO;51884;INTER;1062;1414797,73
202312;1;GO;10069;ITAU;532;641519,27
202312;1;GO;52058;NUBANK;1462;1562034,02
202312;1;GO;30379;SANTANDER;400;451944,04
202312;1;GO;3632872;SICOOB CREDISUL;1;364,68
202312;1;GO;51011;VOTORANTIM;25;38197,68
202312;1;MA;51750;BANCO SICOOB;7;12830,17
202312;1;MA;30173;BANRISUL;5;7965,38
202312;1;MA;49906;BB;735;822569,10
202312;1;MA;4913711;BCO DO EST. DO PA S.A.;1;3707,29
202312;1;MA;30290;BMG;128;158955,89
202312;1;MA;10045;BRADESCO;204;231663,75
202312;1;MA;31976;BRB;5;3102,48
202312;1;MA;49944;BTG PACTUAL;782;1016161,36
202312;1;MA;52072;C6 BANK;73;74344,00
202312;1;MA;51626;CAIXA ECONÔMICA FEDERAL;417;493637,41
202312;1;MA;51884;INTER;626;695094,25
202312;1;MA;10069;ITAU;173;196150,99
202312;1;MA;52058;NUBANK;1164;1168248,35
202312;1;MA;30379;SANTANDER;256;254093,38
202312;1;MA;51011;VOTORANTIM;14;21014,38
202312;1;MG;51750;BANCO SICOOB;152;209794,28
202312;1;MG;30173;BANRISUL;9;16257,47
202312;1;MG;49906;BB;1097;1445568,11
202312;1;MG;30290;BMG;1080;1543818,00
202312;1;MG;10045;BRADESCO;600;712550,49
202312;1;MG;31976;BRB;16;23946,92
202312;1;MG;49944;BTG PACTUAL;3539;5114805,89
202312;1;MG;52072;C6 BANK;415;499686,35
202312;1;MG;51626;CAIXA ECONÔMICA FEDERAL;2516;2912086,17
202312;1;MG;66398496;CC CREDIARA LTDA.;2;1789,09
202312;1;MG;68512748;CC CREDIESMERALDAS LTDA.;1;389,70
202312;1;MG;65239402;CC UNIÃO DO CENTRO OESTE DE MINAS;3;4418,24
202312;1;MG;14046512;CCLA MARGEM ESQUERDA DO URUCUI;4;4417,57
202312;1;MG;1736516;CCLA REG. CTR. E OESTE MINEIRO;2;3494,47
202312;1;MG;1703620;CCLA UNIÃO CENTRO OESTE MINAS;6;10653,74
202312;1;MG;19402130;CECM EMPR EST HOSP BH RM ZM;1;218,31
202312;1;MG;51884;INTER;4274;5418285,95
202312;1;MG;10069;ITAU;1486;1883848,97
202312;1;MG;52058;NUBANK;4049;4767210,52
202312;1;MG;30379;SANTANDER;1155;1368326,87
202312;1;MG;51011;VOTORANTIM;57;99669,00
202312;1;MS;51750;BANCO SICOOB;15;18155,68
202312;1;MS;30173;BANRISUL;2;5689,72
202312;1;MS;49906;BB;376;487173,07
202312;1;MS;30290;BMG;156;235736,99
202312;1;MS;10045;BRADESCO;240;294013,49
202312;1;MS;31976;BRB;2;1991,15
202312;1;MS;49944;BTG PACTUAL;855;1191986,93
202312;1;MS;52072;C6 BANK;94;122089,18
202312;1;MS;51626;CAIXA ECONÔMICA FEDERAL;594;682845,92
202312;1;MS;51884;INTER;493;639019,79
202312;1;MS;10069;ITAU;169;220585,89
202312;1;MS;52058;NUBANK;1066;1193701,42
202312;1;MS;30379;SANTANDER;252;281618,82
202312;1;MS;51011;VOTORANTIM;15;23582,21
202312;1;MT;51750;BANCO SICOOB;22;38803,26
202312;1;MT;30173;BANRISUL;6;13306,29
202312;1;MT;49906;BB;440;636017,55
202312;1;MT;30290;BMG;217;351914,89
202312;1;MT;10045;BRADESCO;183;259903,96
202312;1;MT;31976;BRB;7;6220,97
202312;1;MT;49944;BTG PACTUAL;916;1476554,90
202312;1;MT;52072;C6 BANK;103;144477,74
202312;1;MT;51626;CAIXA ECONÔMICA FEDERAL;406;588081,61
202312;1;MT;2015588;CCLA DO CENTRO SUL RONDONIENSE;2;4918,32
202312;1;MT;23623636;CCLA NORTE DE MATO GROSSO - SICOOB NORTE MT;4;5862,45
202312;1;MT;51884;INTER;569;824099,30
202312;1;MT;10069;ITAU;179;248239,71
202312;1;MT;52058;NUBANK;994;1397309,65
202312;1;MT;30379;SANTANDER;256;342505,41
202312;1;MT;3632872;SICOOB CREDISUL;6;8661,14
202312;1;MT;51011;VOTORANTIM;23;27375,69
202312;1;PA;51750;BANCO SICOOB;4;7292,23
202312;1;PA;30173;BANRISUL;2;1998,13
202312;1;PA;49906;BB;625;683652,37
202312;1;PA;4913711;BCO DO EST. DO PA S.A.;20;56875,66
202312;1;PA;30290;BMG;219;287321,16
202312;1;PA;10045;BRADESCO;272;278799,36
202312;1;PA;31976;BRB;6;9087,14
202312;1;PA;49944;BTG PACTUAL;1224;1524270,58
202312;1;PA;52072;C6 BANK;165;201756,91
202312;1;PA;51626;CAIXA ECONÔMICA FEDERAL;594;540009,86
202312;1;PA;37079720;CCLA SICOOB CREDIJUSTRA;1;860,71
202312;1;PA;51884;INTER;1109;1280226,42
202312;1;PA;10069;ITAU;355;415350,70
202312;1;PA;52058;NUBANK;1712;1654410,47
202312;1;PA;30379;SANTANDER;406;385509,05
202312;1;PA;51011;VOTORANTIM;27;30961,58
202312;1;PB;51750;BANCO SICOOB;7;9078,39
202312;1;PB;30173;BANRISUL;3;1519,61
202312;1;PB;49906;BB;363;449729,83
202312;1;PB;30290;BMG;169;225469,84
202312;1;PB;10045;BRADESCO;182;195352,97
202312;1;PB;31976;BRB;38;47755,80
202312;1;PB;49944;BTG PACTUAL;890;1186625,97
202312;1;PB;52072;C6 BANK;66;66542,86
202312;1;PB;51626;CAIXA ECONÔMICA FEDERAL;547;571351,20
202312;1;PB;51884;INTER;678;835660,22
202312;1;PB;10069;ITAU;159;199350,48
202312;1;PB;52058;NUBANK;1070;1218080,12
202312;1;PB;30379;SANTANDER;205;214196,95
202312;1;PB;51011;VOTORANTIM;22;22089,71
202312;1;PE;51750;BANCO SICOOB;6;8999,47
202312;1;PE;30173;BANRISUL;2;2018,86
202312;1;PE;49906;BB;591;720759,51
202312;1;PE;30290;BMG;394;548645,34
202312;1;PE;10045;BRADESCO;407;473383,55
202312;1;PE;31976;BRB;7;9450,88
202312;1;PE;49944;BTG PACTUAL;1877;2552343,05
202312;1;PE;52072;C6 BANK;169;187766,48
202312;1;PE;51626;CAIXA ECONÔMICA FEDERAL;1107;1163422,26
202312;1;PE;51884;INTER;1482;1827585,28
202312;1;PE;10069;ITAU;561;658843,12
202312;1;PE;52058;NUBANK;2212;2283503,14
202312;1;PE;30379;SANTANDER;621;700961,41
202312;1;PE;51011;VOTORANTIM;31;35261,15
202312;1;PI;30173;BANRISUL;1;1558,48
202312;1;PI;49906;BB;436;543843,21
202312;1;PI;30290;BMG;120;190892,54
202312;1;PI;10045;BRADESCO;97;124018,50
202312;1;PI;31976;BRB;9;12594,93
202312;1;PI;49944;BTG PACTUAL;659;983442,89
202312;1;PI;52072;C6 BANK;52;57736,15
202312;1;PI;51626;CAIXA ECONÔMICA FEDERAL;438;482657,54
202312;1;PI;51884;INTER;468;593361,81
202312;1;PI;10069;ITAU;103;122236,50
202312;1;PI;52058;NUBANK;918;1054525,09
202312;1;PI;30379;SANTANDER;136;145294,57
202312;1;PI;51011;VOTORANTIM;10;13605,89
202312;1;PR;51750;BANCO SICOOB;49;63042,42
202312;1;PR;30173;BANRISUL;11;21645,08
202312;1;PR;49906;BB;575;758296,21
202312;1;PR;30290;BMG;418;629452,70
202312;1;PR;10045;BRADESCO;343;442639,01
202312;1;PR;31976;BRB;12;14113,01
202312;1;PR;49944;BTG PACTUAL;2246;3161947,77
202312;1;PR;52072;C6 BANK;295;335486,79
202312;1;PR;51626;CAIXA ECONÔMICA FEDERAL;1090;1213934,37
202312;1;PR;2015588;CCLA DO CENTRO SUL RONDONIENSE;1;1195,73
202312;1;PR;7026923;CCLA SICOOB ARENITO PARANÁ / SÃO PAULO;3;3437,91
202312;1;PR;2090126;CCLA SICOOB VALCREDI SUL;2;6862,82
202312;1;PR;51884;INTER;1339;1859247,90
202312;1;PR;10069;ITAU;764;918814,32
202312;1;PR;52058;NUBANK;2404;2769820,33
202312;1;PR;30379;SANTANDER;553;679294,61
202312;1;PR;3632872;SICOOB CREDISUL;2;6489,83
202312;1;PR;51011;VOTORANTIM;29;38300,22
202312;1;RJ;51750;BANCO SICOOB;30;39720,65
202312;1;RJ;30173;BANRISUL;16;22987,94
202312;1;RJ;49906;BB;888;1090120,14
202312;1;RJ;30290;BMG;857;1174944,20
202312;1;RJ;10045;BRADESCO;963;1011891,89
202312;1;RJ;31976;BRB;43;56612,43
202312;1;RJ;49944;BTG PACTUAL;4252;5459992,04
202312;1;RJ;52072;C6 BANK;636;698507,04
202312;1;RJ;51626;CAIXA ECONÔMICA FEDERAL;2311;2329199,68
202312;1;RJ;51884;INTER;3230;3928418,32
202312;1;RJ;10069;ITAU;2780;3006756,53
202312;1;RJ;52058;NUBANK;5373;5421284,98
202312;1;RJ;30379;SANTANDER;2103;2242376,43
202312;1;RJ;51011;VOTORANTIM;64;90681,49
202312;1;RN;51750;BANCO SICOOB;10;17306,52
202312;1;RN;30173;BANRISUL;2;4730,15
202312;1;RN;49906;BB;432;518324,67
202312;1;RN;30290;BMG;153;238423,03
202312;1;RN;10045;BRADESCO;97;107088,87
202312;1;RN;31976;BRB;6;7884,32
202312;1;RN;49944;BTG PACTUAL;708;938602,36
202312;1;RN;52072;C6 BANK;61;70230,15
202312;1;RN;51626;CAIXA ECONÔMICA FEDERAL;402;385231,28
202312;1;RN;51884;INTER;538;671241,33
202312;1;RN;10069;ITAU;162;179155,31
202312;1;RN;52058;NUBANK;852;904884,40
202312;1;RN;30379;SANTANDER;170;182426,34
202312;1;RN;51011;VOTORANTIM;22;24931,57
202312;1;RO;51750;BANCO SICOOB;10;14595,12
202312;1;RO;49906;BB;297;407231,33
202312;1;RO;30290;BMG;85;133192,99
202312;1;RO;10045;BRADESCO;86;87920,43
202312;1;RO;31976;BRB;2;3791,37
202312;1;RO;49944;BTG PACTUAL;484;761707,26
202312;1;RO;8044854;C.C. DO CENTRO DO ESTADO DE RONDÔNIA;10;10737,61
202312;1;RO;52072;C6 BANK;48;57822,73
202312;1;RO;51626;CAIXA ECONÔMICA FEDERAL;316;403864,92
202312;1;RO;4751713;CC INV DE RONDÔNIA - SICOOB CREDJURD;4;10071,65
202312;1;RO;2015588;CCLA DO CENTRO SUL RONDONIENSE;26;35871,08
202312;1;RO;51884;INTER;332;502753,88
202312;1;RO;10069;ITAU;87;127648,23
202312;1;RO;52058;NUBANK;754;950009,62
202312;1;RO;30379;SANTANDER;169;232458,29
202312;1;RO;5203605;SICOOB AMAZÔNIA;11;18890,43
202312;1;RO;3632872;SICOOB CREDISUL;14;30871,92
202312;1;RO;51011;VOTORANTIM;16;22120,33
202312;1;RR;30173;BANRISUL;1;626,01
202312;1;RR;49906;BB;94;111944,08
202312;1;RR;30290;BMG;17;28867,33
202312;1;RR;10045;BRADESCO;9;12494,04
202312;1;RR;49944;BTG PACTUAL;114;153491,96
202312;1;RR;52072;C6 BANK;19;16659,50
202312;1;RR;51626;CAIXA ECONÔMICA FEDERAL;51;53061,58
202312;1;RR;2137018;CCLA DE RORAIMA LTDA.;1;1996,19
202312;1;RR;51884;INTER;100;133918,52
202312;1;RR;10069;ITAU;31;37912,80
202312;1;RR;52058;NUBANK;184;204133,40
202312;1;RR;30379;SANTANDER;40;64579,79
202312;1;RR;3632872;SICOOB CREDISUL;1;4374,90
202312;1;RR;51011;VOTORANTIM;2;1378,52
202312;1;RS;51750;BANCO SICOOB;18;23947,37
202312;1;RS;30173;BANRISUL;705;835289,80
202312;1;RS;49906;BB;552;676861,67
202312;1;RS;30290;BMG;412;565563,54
202312;1;RS;10045;BRADESCO;260;303333,91
202312;1;RS;31976;BRB;4;4993,15
202312;1;RS;49944;BTG PACTUAL;2095;2866933,57
202312;1;RS;52072;C6 BANK;225;259260,94
202312;1;RS;51626;CAIXA ECONÔMICA FEDERAL;1366;1433424,04
202312;1;RS;78825270;CCLA MAXI ALFA;2;1923,63
202312;1;RS;81014060;CCLAA ITAIPU SICOOB CREDITAIPU;1;1399,50
202312;1;RS;51884;INTER;1368;1864639,12
202312;1;RS;10069;ITAU;473;562104,44
202312;1;RS;52058;NUBANK;2416;2534904,21
202312;1;RS;30379;SANTANDER;758;817026,62
202312;1;RS;51011;VOTORANTIM;38;49111,57
202312;1;SC;51750;BANCO SICOOB;31;32869,35
202312;1;SC;30173;BANRISUL;16;20557,80
202312;1;SC;49906;BB;427;538854,36
202312;1;SC;30290;BMG;258;370483,71
202312;1;SC;10045;BRADESCO;181;228610,97
202312;1;SC;31976;BRB;6;7781,78
202312;1;SC;49944;BTG PACTUAL;1368;2102391,91
202312;1;SC;52072;C6 BANK;196;250970,46
202312;1;SC;51626;CAIXA ECONÔMICA FEDERAL;631;791398,77
202312;1;SC;85291086;CC LITORÂNEA;7;11929,11
202312;1;SC;86829827;CCLA DO VALE;2;2826,94
202312;1;SC;78825270;CCLA MAXI ALFA;23;46825,54
202312;1;SC;81014060;CCLAA ITAIPU SICOOB CREDITAIPU;2;4793,20
202312;1;SC;78862083;COOP NOVOS CAMPOS;1;1903,99
202312;1;SC;51884;INTER;843;1213043,34
202312;1;SC;10069;ITAU;294;390265,36
202312;1;SC;52058;NUBANK;1418;1802254,24
202312;1;SC;30379;SANTANDER;343;441452,54
202312;1;SC;3632872;SICOOB CREDISUL;1;3305,35
202312;1;SC;51011;VOTORANTIM;18;23975,42
202312;1;SE;51750;BANCO SICOOB;1;2502,58
202312;1;SE;30173;BANRISUL;2;4195,04
202312;1;SE;49906;BB;158;177641,98
202312;1;SE;30290;BMG;144;204767,34
202312;1;SE;10045;BRADESCO;49;48745,49
202312;1;SE;31976;BRB;2;2251,26
202312;1;SE;49944;BTG PACTUAL;467;560217,29
202312;1;SE;52072;C6 BANK;37;35340,38
202312;1;SE;51626;CAIXA ECONÔMICA FEDERAL;304;356751,01
202312;1;SE;51884;INTER;360;427805,83
202312;1;SE;10069;ITAU;53;58744,12
202312;1;SE;52058;NUBANK;555;594030,04
202312;1;SE;30379;SANTANDER;80;93131,66
202312;1;SE;51011;VOTORANTIM;8;6529,44
202312;1;SP;51750;BANCO SICOOB;65;78568,70
202312;1;SP;30173;BANRISUL;36;69752,18
202312;1;SP;49906;BB;2594;3310889,16
202312;1;SP;30290;BMG;2257;3069236,17
202312;1;SP;10045;BRADESCO;2574;2823894,59
202312;1;SP;31976;BRB;31;36192,58
202312;1;SP;49944;BTG PACTUAL;12062;16282780,18
202312;1;SP;52072;C6 BANK;1542;1762453,16
202312;1;SP;51626;CAIXA ECONÔMICA FEDERAL;4417;4803861,59
202312;1;SP;7026923;CCLA SICOOB ARENITO PARANÁ / SÃO PAULO;2;1195,02
202312;1;SP;69346856;CECM DOS PROFISSIONAIS DA SAUDE DA REG ALTA MOGIANA;1;1063,25
202312;1;SP;51884;INTER;7362;9614360,80
202312;1;SP;10069;ITAU;5450;6272418,80
202312;1;SP;52058;NUBANK;12858;14058431,30
202312;1;SP;30379;SANTANDER;5001;5627002,76
202312;1;SP;51011;VOTORANTIM;208;289608,46
202312;1;TO;51750;BANCO SICOOB;5;5357,44
202312;1;TO;49906;BB;171;181566,27
202312;1;TO;30290;BMG;38;47480,59
202312;1;TO;10045;BRADESCO;47;44360,54
202312;1;TO;31976;BRB;4;4763,75
202312;1;TO;49944;BTG PACTUAL;194;285503,65
202312;1;TO;52072;C6 BANK;24;29492,82
202312;1;TO;51626;CAIXA ECONÔMICA FEDERAL;109;111269,27
202312;1;TO;51884;INTER;167;209505,27
202312;1;TO;10069;ITAU;38;51608,20
202312;1;TO;52058;NUBANK;324;325942,44
202312;1;TO;30379;SANTANDER;58;69022,93
202312;1;TO;51011;VOTORANTIM;8;8535,71
202312;2;AC;49906;BB;14;654156,27
202312;2;AC;17351180;BCO TRIANGULO S.A.;39;46198,92
202312;2;AC;10045;BRADESCO;10;49368,24
202312;2;AC;49944;BTG PACTUAL;1;2181,54
202312;2;AC;52072;C6 BANK;2;983,40
202312;2;AC;51626;CAIXA ECONÔMICA FEDERAL;19;33782,59
202312;2;AC;10069;ITAU;28;143372,27
202312;2;AC;30379;SANTANDER;36;160847,24
202312;2;AC;51011;VOTORANTIM;10;28356,97
202312;2;AL;49906;BB;38;392802,59
202312;2;AL;17351180;BCO TRIANGULO S.A.;63;47956,07
202312;2;AL;10045;BRADESCO;36;161741,18
202312;2;AL;49944;BTG PACTUAL;1;690,67
202312;2;AL;52072;C6 BANK;10;155304,86
202312;2;AL;51626;CAIXA ECONÔMICA FEDERAL;136;291210,80
202312;2;AL;10069;ITAU;255;731256,92
202312;2;AL;30379;SANTANDER;48;182278,05
202312;2;AL;51011;VOTORANTIM;43;144857,70
202312;2;AM;49906;BB;31;244429,62
202312;2;AM;17351180;BCO TRIANGULO S.A.;122;111590,49
202312;2;AM;10045;BRADESCO;133;1376532,19
202312;2;AM;49944;BTG PACTUAL;4;5859,57
202312;2;AM;52072;C6 BANK;20;82669,65
202312;2;AM;51626;CAIXA ECONÔMICA FEDERAL;86;170715,72
202312;2;AM;51884;INTER;1;11203,85
202312;2;AM;10069;ITAU;224;444043,79
202312;2;AM;30379;SANTANDER;113;363613,48
202312;2;AM;51011;VOTORANTIM;40;194084,98
202312;2;AP;49906;BB;25;117655,76
202312;2;AP;4913711;BCO DO EST. DO PA S.A.;1;21530,16
202312;2;AP;17351180;BCO TRIANGULO S.A.;9;11072,83
202312;2;AP;10045;BRADESCO;5;64333,09
202312;2;AP;49944;BTG PACTUAL;1;7177,47
202312;2;AP;52072;C6 BANK;4;7069,93
202312;2;AP;51626;CAIXA ECONÔMICA FEDERAL;27;69982,82
202312;2;AP;10069;ITAU;26;59859,57
202312;2;AP;30379;SANTANDER;20;41365,57
202312;2;AP;51011;VOTORANTIM;7;22990,26
202312;2;BA;49906;BB;172;1481438,69
202312;2;BA;13009717;BCO DO EST. DE SE S.A.;2;9853,24
202312;2;BA;17351180;BCO TRIANGULO S.A.;178;207515,57
202312;2;BA;10045;BRADESCO;224;1775520,04
202312;2;BA;49944;BTG PACTUAL;13;32048,86
202312;2;BA;52072;C6 BANK;64;418871,95
202312;2;BA;51626;CAIXA ECONÔMICA FEDERAL;483;786247,54
202312;2;BA;51884;INTER;2;4988,11
202312;2;BA;10069;ITAU;990;2834393,41
202312;2;BA;30379;SANTANDER;407;2060225,52
202312;2;BA;51011;VOTORANTIM;125;496964,27
202312;2;CE;49906;BB;116;1156763,44
202312;2;CE;17351180;BCO TRIANGULO S.A.;71;58684,50
202312;2;CE;10045;BRADESCO;132;1139984,84
202312;2;CE;49944;BTG PACTUAL;14;47100,54
202312;2;CE;52072;C6 BANK;45;220756,32
202312;2;CE;51626;CAIXA ECONÔMICA FEDERAL;263;306009,35
202312;2;CE;51884;INTER;2;8145,64
202312;2;CE;10069;ITAU;631;1491537,16
202312;2;CE;30379;SANTANDER;214;875097,36
202312;2;CE;51011;VOTORANTIM;115;541574,01
202312;2;DF;49906;BB;72;1018603,18
202312;2;DF;17351180;BCO TRIANGULO S.A.;16;19013,88
202312;2;DF;10045;BRADESCO;61;177998,33
202312;2;DF;49944;BTG PACTUAL;7;12558,69
202312;2;DF;52072;C6 BANK;27;227450,90
202312;2;DF;51626;CAIXA ECONÔMICA FEDERAL;187;392855,04
202312;2;DF;51884;INTER;2;22605,75
202312;2;DF;10069;ITAU;405;1239053,45
202312;2;DF;30379;SANTANDER;126;993257,43
202312;2;DF;51011;VOTORANTIM;57;301085,69
202312;2;ES;49906;BB;42;453567,21
202312;2;ES;17351180;BCO TRIANGULO S.A.;44;54125,51
202312;2;ES;10045;BRADESCO;31;253309,53
202312;2;ES;49944;BTG PACTUAL;4;8360,44
202312;2;ES;52072;C6 BANK;24;116171,25
202312;2;ES;51626;CAIXA ECONÔMICA FEDERAL;112;217566,55
202312;2;ES;51884;INTER;1;2881,34
202312;2;ES;10069;ITAU;247;587426,67
202312;2;ES;30379;SANTANDER;136;534792,30
202312;2;ES;51011;VOTORANTIM;55;317076,17
202312;2;GO;49906;BB;107;795896,82
202312;2;GO;17351180;BCO TRIANGULO S.A.;42;58141,59
202312;2;GO;10045;BRADESCO;102;539527,34
202312;2;GO;49944;BTG PACTUAL;7;17057,53
202312;2;GO;52072;C6 BANK;42;199773,98
202312;2;GO;51626;CAIXA ECONÔMICA FEDERAL;355;632176,33
202312;2;GO;51884;INTER;3;21408,33
202312;2;GO;10069;ITAU;608;1532384,52
202312;2;GO;30379;SANTANDER;211;1299278,11
202312;2;GO;51011;VOTORANTIM;105;619836,77
202312;2;MA;49906;BB;140;1287875,90
202312;2;MA;7237373;BCO DO NORDESTE DO BRASIL S.A.;1;6214,71
202312;2;MA;17351180;BCO TRIANGULO S.A.;64;134081,85
202312;2;MA;10045;BRADESCO;87;906477,12
202312;2;MA;52072;C6 BANK;16;32196,15
202312;2;MA;51626;CAIXA ECONÔMICA FEDERAL;135;263869,00
202312;2;MA;10069;ITAU;183;564699,30
202312;2;MA;30379;SANTANDER;125;800185,34
202312;2;MA;51011;VOTORANTIM;54;225509,19
202312;2;MG;49906;BB;233;2625401,71
202312;2;MG;17351180;BCO TRIANGULO S.A.;192;194790,84
202312;2;MG;10045;BRADESCO;245;1735507,15
202312;2;MG;49944;BTG PACTUAL;23;45674,95
202312;2;MG;52072;C6 BANK;101;728325,47
202312;2;MG;51626;CAIXA ECONÔMICA FEDERAL;651;911580,67
202312;2;MG;51884;INTER;9;31758,25
202312;2;MG;10069;ITAU;1589;3958004,80
202312;2;MG;30379;SANTANDER;660;3494505,45
202312;2;MG;51011;VOTORANTIM;373;1460909,06
202312;2;MS;49906;BB;78;892985,51
202312;2;MS;17351180;BCO TRIANGULO S.A.;43;39700,43
202312;2;MS;10045;BRADESCO;72;697850,64
202312;2;MS;49944;BTG PACTUAL;1;4845,71
202312;2;MS;52072;C6 BANK;18;73931,43
202312;2;MS;51626;CAIXA ECONÔMICA FEDERAL;97;194850,04
202312;2;MS;51884;INTER;1;1685,53
202312;2;MS;10069;ITAU;184;464104,64
202312;2;MS;30379;SANTANDER;147;576319,25
202312;2;MS;51011;VOTORANTIM;115;609727,36
202312;2;MT;49906;BB;93;797406,39
202312;2;MT;4913711;BCO DO EST. DO PA S.A.;1;5475,22
202312;2;MT;17351180;BCO TRIANGULO S.A.;39;42802,10
202312;2;MT;10045;BRADESCO;65;658191,30
202312;2;MT;49944;BTG PACTUAL;3;25382,62
202312;2;MT;52072;C6 BANK;22;47529,93
202312;2;MT;51626;CAIXA ECONÔMICA FEDERAL;141;315445,04
202312;2;MT;10069;ITAU;160;336320,80
202312;2;MT;30379;SANTANDER;126;690794,20
202312;2;MT;51011;VOTORANTIM;94;645021,10
202312;2;PA;49906;BB;94;761209,52
202312;2;PA;4913711;BCO DO EST. DO PA S.A.;32;470867,03
202312;2;PA;17351180;BCO TRIANGULO S.A.;168;180885,42
202312;2;PA;10045;BRADESCO;120;815846,58
202312;2;PA;49944;BTG PACTUAL;5;64497,08
202312;2;PA;52072;C6 BANK;26;89578,70
202312;2;PA;51626;CAIXA ECONÔMICA FEDERAL;207;270508,84
202312;2;PA;10069;ITAU;346;829481,91
202312;2;PA;30379;SANTANDER;192;1143847,46
202312;2;PA;51011;VOTORANTIM;59;294018,18
202312;2;PB;49906;BB;53;505584,65
202312;2;PB;17351180;BCO TRIANGULO S.A.;78;77816,93
202312;2;PB;10045;BRADESCO;80;865643,94
202312;2;PB;49944;BTG PACTUAL;4;18389,30
202312;2;PB;52072;C6 BANK;16;181353,17
202312;2;PB;51626;CAIXA ECONÔMICA FEDERAL;110;161532,64
202312;2;PB;10069;ITAU;296;781108,72
202312;2;PB;30379;SANTANDER;106;841663,83
202312;2;PB;51011;VOTORANTIM;75;384288,50
202312;2;PE;49906;BB;80;491433,53
202312;2;PE;17351180;BCO TRIANGULO S.A.;132;106410,69
202312;2;PE;10045;BRADESCO;183;2170865,81
202312;2;PE;49944;BTG PACTUAL;11;31746,75
202312;2;PE;52072;C6 BANK;48;291548,55
202312;2;PE;51626;CAIXA ECONÔMICA FEDERAL;208;381798,91
202312;2;PE;10069;ITAU;818;2297386,70
202312;2;PE;30379;SANTANDER;296;1289985,74
202312;2;PE;51011;VOTORANTIM;83;258008,13
202312;2;PI;49906;BB;89;613257,79
202312;2;PI;17351180;BCO TRIANGULO S.A.;18;16418,21
202312;2;PI;10045;BRADESCO;28;302428,09
202312;2;PI;49944;BTG PACTUAL;5;10639,09
202312;2;PI;52072;C6 BANK;8;116485,23
202312;2;PI;51626;CAIXA ECONÔMICA FEDERAL;144;313315,12
202312;2;PI;10069;ITAU;137;349700,74
202312;2;PI;30379;SANTANDER;71;272841,40
202312;2;PI;51011;VOTORANTIM;37;188973,29
202312;2;PR;49906;BB;131;1197079,65
202312;2;PR;17351180;BCO TRIANGULO S.A.;112;200141,14
202312;2;PR;10045;BRADESCO;196;1450604,50
202312;2;PR;49944;BTG PACTUAL;6;15532,91
202312;2;PR;52072;C6 BANK;88;534484,93
202312;2;PR;51626;CAIXA ECONÔMICA FEDERAL;461;1002095,24
202312;2;PR;10069;ITAU;1017;2495392,58
202312;2;PR;30379;SANTANDER;398;2691581,32
202312;2;PR;51011;VOTORANTIM;326;1811221,86
202312;2;RJ;49906;BB;158;1807567,24
202312;2;RJ;17351180;BCO TRIANGULO S.A.;167;278465,71
202312;2;RJ;10045;BRADESCO;490;4673589,37
202312;2;RJ;49944;BTG PACTUAL;27;63835,23
202312;2;RJ;52072;C6 BANK;180;1005228,83
202312;2;RJ;51626;CAIXA ECONÔMICA FEDERAL;514;960413,85
202312;2;RJ;51884;INTER;4;16897,10
202312;2;RJ;10069;ITAU;3072;6903231,62
202312;2;RJ;30379;SANTANDER;1000;5556792,13
202312;2;RJ;51011;VOTORANTIM;329;1448919,42
202312;2;RN;49906;BB;75;849677,10
202312;2;RN;17351180;BCO TRIANGULO S.A.;89;80240,53
202312;2;RN;10045;BRADESCO;38;143083,59
202312;2;RN;49944;BTG PACTUAL;3;4684,14
202312;2;RN;52072;C6 BANK;15;82291,93
202312;2;RN;51626;CAIXA ECONÔMICA FEDERAL;96;248404,43
202312;2;RN;10069;ITAU;269;657292,12
202312;2;RN;30379;SANTANDER;116;629062,40
202312;2;RN;51011;VOTORANTIM;73;376857,08
202312;2;RO;49906;BB;43;438424,98
202312;2;RO;17351180;BCO TRIANGULO S.A.;28;19594,11
202312;2;RO;10045;BRADESCO;17;130565,94
202312;2;RO;52072;C6 BANK;4;5215,34
202312;2;RO;51626;CAIXA ECONÔMICA FEDERAL;73;110188,21
202312;2;RO;10069;ITAU;64;139998,72
202312;2;RO;30379;SANTANDER;33;87063,51
202312;2;RO;51011;VOTORANTIM;23;92986,19
202312;2;RR;49906;BB;25;333935,46
202312;2;RR;17351180;BCO TRIANGULO S.A.;10;24027,09
202312;2;RR;10045;BRADESCO;6;32916,97
202312;2;RR;49944;BTG PACTUAL;1;3063,82
202312;2;RR;52072;C6 BANK;1;5889,64
202312;2;RR;51626;CAIXA ECONÔMICA FEDERAL;29;72888,39
202312;2;RR;10069;ITAU;23;56124,62
202312;2;RR;30379;SANTANDER;11;263370,18
202312;2;RR;51011;VOTORANTIM;9;144445,72
202312;2;RS;49906;BB;123;1103959,07
202312;2;RS;17351180;BCO TRIANGULO S.A.;126;154985,50
202312;2;RS;10045;BRADESCO;110;1040783,59
202312;2;RS;49944;BTG PACTUAL;14;48255,70
202312;2;RS;52072;C6 BANK;44;210842,95
202312;2;RS;51626;CAIXA ECONÔMICA FEDERAL;472;866951,05
202312;2;RS;51884;INTER;2;6371,26
202312;2;RS;10069;ITAU;795;1843171,40
202312;2;RS;30379;SANTANDER;392;1744156,86
202312;2;RS;51011;VOTORANTIM;221;1213852,62
202312;2;SC;49906;BB;108;798419,67
202312;2;SC;13009717;BCO DO EST. DE SE S.A.;1;3052,94
202312;2;SC;17351180;BCO TRIANGULO S.A.;82;109245,73
202312;2;SC;10045;BRADESCO;96;739009,45
202312;2;SC;49944;BTG PACTUAL;5;16456,59
202312;2;SC;52072;C6 BANK;47;316802,72
202312;2;SC;51626;CAIXA ECONÔMICA FEDERAL;290;573836,50
202312;2;SC;51884;INTER;1;3706,30
202312;2;SC;10069;ITAU;582;1543077,92
202312;2;SC;30379;SANTANDER;223;1016668,09
202312;2;SC;51011;VOTORANTIM;235;1274175,60
202312;2;SE;49906;BB;27;151390,05
202312;2;SE;13009717;BCO DO EST. DE SE S.A.;53;354225,14
202312;2;SE;17351180;BCO TRIANGULO S.A.;21;20222,65
202312;2;SE;10045;BRADESCO;13;66724,07
202312;2;SE;49944;BTG PACTUAL;3;3789,71
202312;2;SE;52072;C6 BANK;7;13122,00
202312;2;SE;51626;CAIXA ECONÔMICA FEDERAL;64;65215,06
202312;2;SE;10069;ITAU;144;366364,49
202312;2;SE;30379;SANTANDER;41;234727,53
202312;2;SE;51011;VOTORANTIM;25;110736,11
202312;2;SP;49906;BB;569;5973328,87
202312;2;SP;17351180;BCO TRIANGULO S.A.;362;410272,17
202312;2;SP;10045;BRADESCO;1324;10165874,96
202312;2;SP;49944;BTG PACTUAL;74;249101,60
202312;2;SP;52072;C6 BANK;410;2414078,27
202312;2;SP;51626;CAIXA ECONÔMICA FEDERAL;1532;2654165,23
202312;2;SP;51884;INTER;12;84614,47
202312;2;SP;10069;ITAU;7055;17216908,62
202312;2;SP;30379;SANTANDER;2887;17089983,12
202312;2;SP;51011;VOTORANTIM;1521;7023442,75
202312;2;TO;49906;BB;41;472971,13
202312;2;TO;17351180;BCO TRIANGULO S.A.;11;7638,87
202312;2;TO;10045;BRADESCO;19;177902,14
202312;2;TO;52072;C6 BANK;4;13598,86
202312;2;TO;51626;CAIXA ECONÔMICA FEDERAL;57;99455,42
202312;2;TO;10069;ITAU;30;69924,18
202312;2;TO;30379;SANTANDER;30;109555,94
202312;2;TO;51011;VOTORANTIM;18;98361,43
202401;1;AC;49906;BB;70;90013,40
202401;1;AC;30290;BMG;1;1199,79
202401;1;AC;10045;BRADESCO;9;10371,34
202401;1;AC;49944;BTG PACTUAL;135;236988,95
202401;1;AC;52072;C6 BANK;2;1475,37
202401;1;AC;51626;CAIXA ECONÔMICA FEDERAL;53;55257,03
202401;1;AC;51884;INTER;30;45078,56
202401;1;AC;10069;ITAU;14;17988,08
202401;1;AC;52058;NUBANK;128;133698,85
202401;1;AC;30379;SANTANDER;24;37508,65
202401;1;AC;51011;VOTORANTIM;3;5382,22
202401;1;AL;49906;BB;93;141015,23
202401;1;AL;30290;BMG;9;17467,61
202401;1;AL;10045;BRADESCO;26;22793,77
202401;1;AL;49944;BTG PACTUAL;386;490269,80
202401;1;AL;52072;C6 BANK;19;19348,24
202401;1;AL;51626;CAIXA ECONÔMICA FEDERAL;189;220505,57
202401;1;AL;51884;INTER;109;125408,91
202401;1;AL;10069;ITAU;51;72228,35
202401;1;AL;52058;NUBANK;293;293656,07
202401;1;AL;30379;SANTANDER;68;80566,01
202401;1;AL;51011;VOTORANTIM;7;6005,38
202401;1;AM;51750;BANCO SICOOB;1;1005,98
202401;1;AM;30173;BANRISUL;1;2070,14
202401;1;AM;49906;BB;125;187653,23
202401;1;AM;30290;BMG;14;36211,89
202401;1;AM;10045;BRADESCO;113;154532,45
202401;1;AM;49944;BTG PACTUAL;838;1387673,49
202401;1;AM;52072;C6 BANK;54;68851,46
202401;1;AM;51626;CAIXA ECONÔMICA FEDERAL;333;406231,23
202401;1;AM;51884;INTER;247;325340,44
202401;1;AM;10069;ITAU;202;301798,55
202401;1;AM;52058;NUBANK;781;985078,76
202401;1;AM;30379;SANTANDER;181;257851,42
202401;1;AM;5203605;SICOOB AMAZÔNIA;3;9676,05
202401;1;AM;3632872;SICOOB CREDISUL;2;2895,50
202401;1;AM;51011;VOTORANTIM;8;12936,63
202401;1;AP;49906;BB;41;57784,78
202401;1;AP;30290;BMG;7;6438,91
202401;1;AP;10045;BRADESCO;5;6769,52
202401;1;AP;49944;BTG PACTUAL;82;106566,68
202401;1;AP;52072;C6 BANK;12;14454,73
202401;1;AP;51626;CAIXA ECONÔMICA FEDERAL;40;36062,37
202401;1;AP;51884;INTER;21;23334,24
202401;1;AP;10069;ITAU;8;10749,53
202401;1;AP;52058;NUBANK;95;102176,36
202401;1;AP;30379;SANTANDER;23;28890,80
202401;1;AP;51011;VOTORANTIM;2;2010,54
202401;1;BA;51750;BANCO SICOOB;3;5442,60
202401;1;BA;30173;BANRISUL;12;24418,13
202401;1;BA;49906;BB;367;484920,75
202401;1;BA;30290;BMG;68;74805,28
202401;1;BA;10045;BRADESCO;195;237408,18
202401;1;BA;49944;BTG PACTUAL;1728;2434026,68
202401;1;BA;52072;C6 BANK;146;166121,52
202401;1;BA;51626;CAIXA ECONÔMICA FEDERAL;719;744705,34
202401;1;BA;32615247;CC SICOOB COOPEC LTDA.;1;327,86
202401;1;BA;4174720;CC SICOOB COOPEMAR;1;180,01
202401;1;BA;4321309;CC SICOOB CRED EXECUTIVO;2;5114,94
202401;1;BA;2282165;CC SICOOB CREDICONQUISTA;1;457,78
202401;1;BA;78825270;CCLA MAXI ALFA;1;4507,19
202401;1;BA;51884;INTER;444;515836,55
202401;1;BA;10069;ITAU;330;382915,22
202401;1;BA;52058;NUBANK;1584;1696843,07
202401;1;BA;30379;SANTANDER;365;437539,38
202401;1;BA;73398646;SOC CC SICOOB COOPERE;3;6660,51
202401;1;BA;51011;VOTORANTIM;16;25274,11
202401;1;CE;51750;BANCO SICOOB;2;1945,04
202401;1;CE;30173;BANRISUL;3;2466,40
202401;1;CE;49906;BB;363;522588,74
202401;1;CE;30290;BMG;49;64071,85
202401;1;CE;10045;BRADESCO;152;175292,74
202401;1;CE;49944;BTG PACTUAL;1528;1972278,17
202401;1;CE;52072;C6 BANK;93;120966,65
202401;1;CE;51626;CAIXA ECONÔMICA FEDERAL;534;581337,04
202401;1;CE;51884;INTER;410;485586,76
202401;1;CE;10069;ITAU;222;234775,26
202401;1;CE;52058;NUBANK;1331;1459211,82
202401;1;CE;30379;SANTANDER;311;326709,26
202401;1;CE;51011;VOTORANTIM;12;23102,05
202401;1;DF;51750;BANCO SICOOB;5;8600,30
202401;1;DF;30173;BANRISUL;1;706,50
202401;1;DF;49906;BB;164;242895,50
202401;1;DF;8357240;BCO CSF S.A.;1;2212,31
202401;1;DF;30290;BMG;13;14543,02
202401;1;DF;10045;BRADESCO;25;29378,01
202401;1;DF;49944;BTG PACTUAL;742;1110578,34
202401;1;DF;52072;C6 BANK;54;59703,63
202401;1;DF;51626;CAIXA ECONÔMICA FEDERAL;228;301574,30
202401;1;DF;1187961;CC DISTRITO FEDERAL E ENTORNO;1;218,85
202401;1;DF;37079720;CCLA SICOOB CREDIJUSTRA;1;417,78
202401;1;DF;51884;INTER;210;275229,17
202401;1;DF;10069;ITAU;137;197340,50
202401;1;DF;52058;NUBANK;651;726238,40
202401;1;DF;30379;SANTANDER;147;173006,90
202401;1;DF;51011;VOTORANTIM;9;7988,13
202401;1;ES;51750;BANCO SICOOB;20;27573,80
202401;1;ES;30173;BANRISUL;3;5826,61
202401;1;ES;49906;BB;59;78903,87
202401;1;ES;30290;BMG;14;10958,70
202401;1;ES;10045;BRADESCO;24;33630,39
202401;1;ES;49944;BTG PACTUAL;560;845934,19
202401;1;ES;52072;C6 BANK;32;31405,13
202401;1;ES;51626;CAIXA ECONÔMICA FEDERAL;236;260439,62
202401;1;ES;51884;INTER;112;142227,45
202401;1;ES;10069;ITAU;101;143514,07
202401;1;ES;52058;NUBANK;457;522537,33
202401;1;ES;30379;SANTANDER;105;132783,70
202401;1;ES;51011;VOTORANTIM;11;19210,80
202401;1;GO;51750;BANCO SICOOB;8;14939,22
202401;1;GO;30173;BANRISUL;4;8623,43
202401;1;GO;49906;BB;137;186381,72
202401;1;GO;30290;BMG;41;64855,33
202401;1;GO;10045;BRADESCO;56;60164,35
202401;1;GO;49944;BTG PACTUAL;1027;1496661,19
202401;1;GO;52072;C6 BANK;71;89881,48
202401;1;GO;51626;CAIXA ECONÔMICA FEDERAL;351;403803,27
202401;1;GO;1187961;CC DISTRITO FEDERAL E ENTORNO;1;2211,98
202401;1;GO;51884;INTER;252;318166,36
202401;1;GO;10069;ITAU;209;277184,84
202401;1;GO;52058;NUBANK;822;919045,29
202401;1;GO;30379;SANTANDER;172;222257,35
202401;1;GO;51011;VOTORANTIM;9;16302,72
202401;1;MA;51750;BANCO SICOOB;3;2550,81
202401;1;MA;49906;BB;260;327528,15
202401;1;MA;30290;BMG;23;27135,00
202401;1;MA;10045;BRADESCO;65;76527,03
202401;1;MA;49944;BTG PACTUAL;522;735839,45
202401;1;MA;52072;C6 BANK;36;47415,95
202401;1;MA;51626;CAIXA ECONÔMICA FEDERAL;246;257931,79
202401;1;MA;51884;INTER;154;190177,01
202401;1;MA;10069;ITAU;80;117659,39
202401;1;MA;52058;NUBANK;595;668763,59
202401;1;MA;30379;SANTANDER;102;130461,47
202401;1;MA;51011;VOTORANTIM;2;2196,73
202401;1;MG;51750;BANCO SICOOB;81;117914,47
202401;1;MG;30173;BANRISUL;8;16711,79
202401;1;MG;49906;BB;490;679054,32
202401;1;MG;30290;BMG;139;176977,76
202401;1;MG;10045;BRADESCO;221;288525,07
202401;1;MG;49944;BTG PACTUAL;3017;4781635,50
202401;1;MG;52072;C6 BANK;259;333645,53
202401;1;MG;51626;CAIXA ECONÔMICA FEDERAL;1382;1622452,97
202401;1;MG;25420696;CC CREDINACIONAL LTDA - SICOOB CREDINACIONAL;3;1719,07
202401;1;MG;65239402;CC UNIÃO DO CENTRO OESTE DE MINAS;1;702,66
202401;1;MG;14046512;CCLA MARGEM ESQUERDA DO URUCUI;1;659,13
202401;1;MG;1703620;CCLA UNIÃO CENTRO OESTE MINAS;2;2148,13
202401;1;MG;51884;INTER;1168;1472511,89
202401;1;MG;10069;ITAU;786;1015575,96
202401;1;MG;52058;NUBANK;2502;3091550,82
202401;1;MG;30379;SANTANDER;600;788861,56
202401;1;MG;73398646;SOC CC SICOOB COOPERE;1;975,01
202401;1;MG;51011;VOTORANTIM;24;42847,89
202401;1;MS;51750;BANCO SICOOB;4;5675,08
202401;1;MS;30173;BANRISUL;1;220,16
202401;1;MS;49906;BB;150;197901,55
202401;1;MS;30290;BMG;24;29999,39
202401;1;MS;10045;BRADESCO;88;92241,03
202401;1;MS;49944;BTG PACTUAL;612;987057,90
202401;1;MS;52072;C6 BANK;51;56059,72
202401;1;MS;51626;CAIXA ECONÔMICA FEDERAL;311;367910,88
202401;1;MS;51884;INTER;114;135647,35
202401;1;MS;10069;ITAU;81;110109,90
202401;1;MS;52058;NUBANK;591;769359,96
202401;1;MS;30379;SANTANDER;125;157134,22
202401;1;MS;51011;VOTORANTIM;5;6303,22
202401;1;MT;51750;BANCO SICOOB;7;16235,81
202401;1;MT;30173;BANRISUL;2;4364,79
202401;1;MT;49906;BB;205;342468,55
202401;1;MT;8357240;BCO CSF S.A.;1;3421,02
202401;1;MT;30290;BMG;24;54795,15
202401;1;MT;10045;BRADESCO;49;63506,52
202401;1;MT;49944;BTG PACTUAL;622;1110838,82
202401;1;MT;52072;C6 BANK;52;81900,93
202401;1;MT;51626;CAIXA ECONÔMICA FEDERAL;205;312107,28
202401;1;MT;2015588;CCLA DO CENTRO SUL RONDONIENSE;1;956,03
202401;1;MT;23623636;CCLA NORTE DE MATO GROSSO - SICOOB NORTE MT;3;5930,25
202401;1;MT;51884;INTER;122;195860,52
202401;1;MT;10069;ITAU;68;99351,89
202401;1;MT;52058;NUBANK;550;803466,58
202401;1;MT;30379;SANTANDER;127;204585,38
202401;1;MT;3632872;SICOOB CREDISUL;5;8438,66
202401;1;MT;51011;VOTORANTIM;12;19971,12
202401;1;PA;51750;BANCO SICOOB;1;1367,00
202401;1;PA;30173;BANRISUL;2;3098,29
202401;1;PA;49906;BB;247;331559,53
202401;1;PA;4913711;BCO DO EST. DO PA S.A.;11;31452,39
202401;1;PA;30290;BMG;29;34159,45
202401;1;PA;10045;BRADESCO;68;67028,55
202401;1;PA;49944;BTG PACTUAL;940;1199206,56
202401;1;PA;52072;C6 BANK;84;100610,98
202401;1;PA;51626;CAIXA ECONÔMICA FEDERAL;333;290622,52
202401;1;PA;23623636;CCLA NORTE DE MATO GROSSO - SICOOB NORTE MT;1;3897,36
202401;1;PA;37079720;CCLA SICOOB CREDIJUSTRA;1;2043,45
202401;1;PA;51884;INTER;299;322752,82
202401;1;PA;10069;ITAU;182;197701,69
202401;1;PA;52058;NUBANK;940;974331,04
202401;1;PA;30379;SANTANDER;185;223180,63
202401;1;PA;51011;VOTORANTIM;8;16925,26
202401;1;PB;51750;BANCO SICOOB;1;547,81
202401;1;PB;30173;BANRISUL;5;3282,17
202401;1;PB;49906;BB;146;190046,83
202401;1;PB;30290;BMG;19;24445,57
202401;1;PB;10045;BRADESCO;69;79533,54
202401;1;PB;49944;BTG PACTUAL;658;918909,54
202401;1;PB;52072;C6 BANK;26;31399,90
202401;1;PB;51626;CAIXA ECONÔMICA FEDERAL;264;275678,88
202401;1;PB;51884;INTER;155;202014,90
202401;1;PB;10069;ITAU;71;93907,00
202401;1;PB;52058;NUBANK;554;695081,41
202401;1;PB;30379;SANTANDER;96;134090,50
202401;1;PB;51011;VOTORANTIM;1;1161,02
202401;1;PE;51750;BANCO SICOOB;3;4018,27
202401;1;PE;30173;BANRISUL;8;12952,25
202401;1;PE;49906;BB;261;334280,91
202401;1;PE;30290;BMG;48;60006,36
202401;1;PE;10045;BRADESCO;128;129273,16
202401;1;PE;49944;BTG PACTUAL;1279;1681315,80
202401;1;PE;52072;C6 BANK;75;83949,63
202401;1;PE;51626;CAIXA ECONÔMICA FEDERAL;510;506493,82
202401;1;PE;51884;INTER;335;359086,22
202401;1;PE;10069;ITAU;272;336843,11
202401;1;PE;52058;NUBANK;1096;1113408,47
202401;1;PE;30379;SANTANDER;336;357049,30
202401;1;PE;51011;VOTORANTIM;15;28778,53
202401;1;PI;51750;BANCO SICOOB;2;4337,77
202401;1;PI;30173;BANRISUL;2;5222,17
202401;1;PI;49906;BB;169;234545,73
202401;1;PI;30290;BMG;18;26619,48
202401;1;PI;10045;BRADESCO;25;29798,08
202401;1;PI;49944;BTG PACTUAL;520;797506,55
202401;1;PI;52072;C6 BANK;31;33089,21
202401;1;PI;51626;CAIXA ECONÔMICA FEDERAL;185;201585,73
202401;1;PI;51884;INTER;112;110093,36
202401;1;PI;10069;ITAU;47;47689,88
202401;1;PI;52058;NUBANK;464;588197,32
202401;1;PI;30379;SANTANDER;78;91685,12
202401;1;PI;51011;VOTORANTIM;5;4098,94
202401;1;PR;51750;BANCO SICOOB;25;45410,81
202401;1;PR;30173;BANRISUL;1;498,60
202401;1;PR;49906;BB;265;374819,06
202401;1;PR;30290;BMG;36;42595,16
202401;1;PR;10045;BRADESCO;130;150449,30
202401;1;PR;49944;BTG PACTUAL;1898;3000069,72
202401;1;PR;52072;C6 BANK;198;282026,49
202401;1;PR;51626;CAIXA ECONÔMICA FEDERAL;650;764199,40
202401;1;PR;2466552;CC SICOOB VALE SUL;2;4018,47
202401;1;PR;78825270;CCLA MAXI ALFA;1;1377,87
202401;1;PR;7026923;CCLA SICOOB ARENITO PARANÁ / SÃO PAULO;3;1803,07
202401;1;PR;51884;INTER;301;413396,86
202401;1;PR;10069;ITAU;435;544798,92
202401;1;PR;52058;NUBANK;1486;1833754,31
202401;1;PR;30379;SANTANDER;307;406250,34
202401;1;PR;51011;VOTORANTIM;18;29409,64
202401;1;RJ;51750;BANCO SICOOB;21;24805,93
202401;1;RJ;30173;BANRISUL;9;10483,20
202401;1;RJ;49906;BB;389;502284,95
202401;1;RJ;8357240;BCO CSF S.A.;1;845,40
202401;1;RJ;30290;BMG;94;111931,49
202401;1;RJ;10045;BRADESCO;343;327780,16
202401;1;RJ;49944;BTG PACTUAL;3329;4460900,29
202401;1;RJ;52072;C6 BANK;337;369178,23
202401;1;RJ;51626;CAIXA ECONÔMICA FEDERAL;1299;1340081,96
202401;1;RJ;78825270;CCLA MAXI ALFA;1;446,21
202401;1;RJ;51884;INTER;824;919507,52
202401;1;RJ;10069;ITAU;1369;1608318,44
202401;1;RJ;52058;NUBANK;3257;3350371,06
202401;1;RJ;30379;SANTANDER;1144;1266711,67
202401;1;RJ;51011;VOTORANTIM;24;29913,83
202401;1;RN;51750;BANCO SICOOB;1;768,84
202401;1;RN;49906;BB;162;205166,08
202401;1;RN;30290;BMG;26;48950,72
202401;1;RN;10045;BRADESCO;35;45115,84
202401;1;RN;49944;BTG PACTUAL;505;696940,70
202401;1;RN;52072;C6 BANK;27;35517,86
202401;1;RN;51626;CAIXA ECONÔMICA FEDERAL;205;207580,25
202401;1;RN;51884;INTER;146;174978,31
202401;1;RN;10069;ITAU;71;74171,81
202401;1;RN;52058;NUBANK;449;501873,29
202401;1;RN;30379;SANTANDER;102;119011,22
202401;1;RN;51011;VOTORANTIM;6;8409,18
202401;1;RO;51750;BANCO SICOOB;2;2780,39
202401;1;RO;30173;BANRISUL;2;5550,00
202401;1;RO;49906;BB;130;196349,78
202401;1;RO;30290;BMG;11;16182,45
202401;1;RO;10045;BRADESCO;27;34804,79
202401;1;RO;49944;BTG PACTUAL;375;631536,42
202401;1;RO;8044854;C.C. DO CENTRO DO ESTADO DE RONDÔNIA;4;3006,32
202401;1;RO;52072;C6 BANK;23;34303,69
202401;1;RO;51626;CAIXA ECONÔMICA FEDERAL;169;215176,21
202401;1;RO;4751713;CC INV DE RONDÔNIA - SICOOB CREDJURD;6;10177,36
202401;1;RO;2015588;CCLA DO CENTRO SUL RONDONIENSE;11;22907,14
202401;1;RO;51884;INTER;94;133724,15
202401;1;RO;10069;ITAU;49;73739,61
202401;1;RO;52058;NUBANK;365;495035,99
202401;1;RO;30379;SANTANDER;64;80894,43
202401;1;RO;5203605;SICOOB AMAZÔNIA;6;6827,24
202401;1;RO;3632872;SICOOB CREDISUL;3;5099,58
202401;1;RO;51011;VOTORANTIM;2;3071,86
202401;1;RR;49906;BB;40;67798,08
202401;1;RR;10045;BRADESCO;4;4286,63
202401;1;RR;49944;BTG PACTUAL;86;136318,22
202401;1;RR;52072;C6 BANK;5;10525,88
202401;1;RR;51626;CAIXA ECONÔMICA FEDERAL;33;42698,13
202401;1;RR;51884;INTER;21;21142,60
202401;1;RR;10069;ITAU;12;15555,51
202401;1;RR;52058;NUBANK;96;103882,27
202401;1;RR;30379;SANTANDER;18;24747,40
202401;1;RR;51011;VOTORANTIM;3;4032,19
202401;1;RS;51750;BANCO SICOOB;7;12344,96
202401;1;RS;30173;BANRISUL;318;400246,41
202401;1;RS;49906;BB;209;293801,75
202401;1;RS;30290;BMG;39;70488,82
202401;1;RS;10045;BRADESCO;86;112678,72
202401;1;RS;49944;BTG PACTUAL;1558;2248738,26
202401;1;RS;52072;C6 BANK;111;140072,52
202401;1;RS;51626;CAIXA ECONÔMICA FEDERAL;725;843522,55
202401;1;RS;78825270;CCLA MAXI ALFA;2;1727,30
202401;1;RS;2090126;CCLA SICOOB VALCREDI SUL;2;1878,46
202401;1;RS;51884;INTER;300;374621,89
202401;1;RS;10069;ITAU;272;339687,17
202401;1;RS;52058;NUBANK;1381;1603519,03
202401;1;RS;30379;SANTANDER;374;449285,10
202401;1;RS;51011;VOTORANTIM;16;18102,50
202401;1;SC;51750;BANCO SICOOB;16;25612,85
202401;1;SC;30173;BANRISUL;9;14701,49
202401;1;SC;49906;BB;198;328607,13
202401;1;SC;30290;BMG;20;34985,08
202401;1;SC;10045;BRADESCO;67;122711,32
202401;1;SC;49944;BTG PACTUAL;1117;1920592,89
202401;1;SC;52072;C6 BANK;111;172281,97
202401;1;SC;51626;CAIXA ECONÔMICA FEDERAL;400;523096,24
202401;1;SC;85291086;CC LITORÂNEA;3;3404,58
202401;1;SC;78825270;CCLA MAXI ALFA;12;21396,90
202401;1;SC;2090126;CCLA SICOOB VALCREDI SUL;1;2940,64
202401;1;SC;78862083;COOP NOVOS CAMPOS;1;1478,37
202401;1;SC;51884;INTER;182;277664,67
202401;1;SC;10069;ITAU;145;211729,64
202401;1;SC;52058;NUBANK;787;1030256,94
202401;1;SC;30379;SANTANDER;167;265091,28
202401;1;SC;51011;VOTORANTIM;7;12867,16
202401;1;SE;51750;BANCO SICOOB;1;546,18
202401;1;SE;30173;BANRISUL;1;566,59
202401;1;SE;49906;BB;68;101641,26
202401;1;SE;30290;BMG;12;15509,97
202401;1;SE;10045;BRADESCO;15;15320,74
202401;1;SE;49944;BTG PACTUAL;355;533461,51
202401;1;SE;52072;C6 BANK;17;12800,28
202401;1;SE;51626;CAIXA ECONÔMICA FEDERAL;143;171400,34
202401;1;SE;51884;INTER;71;85971,52
202401;1;SE;10069;ITAU;23;25005,90
202401;1;SE;52058;NUBANK;253;262955,49
202401;1;SE;30379;SANTANDER;43;52514,66
202401;1;SE;51011;VOTORANTIM;1;343,25
202401;1;SP;51750;BANCO SICOOB;30;34756,34
202401;1;SP;30173;BANRISUL;15;25253,07
202401;1;SP;49906;BB;1125;1517838,74
202401;1;SP;8357240;BCO CSF S.A.;3;6796,78
202401;1;SP;30290;BMG;251;331577,85
202401;1;SP;10045;BRADESCO;878;1028840,57
202401;1;SP;49944;BTG PACTUAL;9504;13642464,95
202401;1;SP;52072;C6 BANK;874;1054588,91
202401;1;SP;51626;CAIXA ECONÔMICA FEDERAL;2607;2874424,36
202401;1;SP;7026923;CCLA SICOOB ARENITO PARANÁ / SÃO PAULO;1;414,81
202401;1;SP;69346856;CECM DOS PROFISSIONAIS DA SAUDE DA REG ALTA MOGIANA;1;310,88
202401;1;SP;51884;INTER;1783;2266980,51
202401;1;SP;10069;ITAU;2873;3566357,33
202401;1;SP;52058;NUBANK;7917;8849561,65
202401;1;SP;30379;SANTANDER;2455;2951585,71
202401;1;SP;51011;VOTORANTIM;85;130710,73
202401;1;TO;51750;BANCO SICOOB;2;2084,33
202401;1;TO;49906;BB;75;97334,05
202401;1;TO;30290;BMG;6;6222,44
202401;1;TO;10045;BRADESCO;13;16099,30
202401;1;TO;49944;BTG PACTUAL;150;208374,70
202401;1;TO;52072;C6 BANK;12;13483,32
202401;1;TO;51626;CAIXA ECONÔMICA FEDERAL;54;69665,98
202401;1;TO;51884;INTER;48;58529,53
202401;1;TO;10069;ITAU;20;34142,97
202401;1;TO;52058;NUBANK;166;160930,32
202401;1;TO;30379;SANTANDER;22;20291,92
202401;1;TO;51011;VOTORANTIM;4;5585,64
202401;2;AC;49906;BB;7;92005,69
202401;2;AC;17351180;BCO TRIANGULO S.A.;46;48761,68
202401;2;AC;10045;BRADESCO;1;35970,31
202401;2;AC;49944;BTG PACTUAL;1;4955,63
202401;2;AC;51626;CAIXA ECONÔMICA FEDERAL;13;10747,63
202401;2;AC;51884;INTER;2;8295,04
202401;2;AC;10069;ITAU;1;154,29
202401;2;AC;51011;VOTORANTIM;13;95385,79
202401;2;AL;49906;BB;11;50867,54
202401;2;AL;17351180;BCO TRIANGULO S.A.;33;40308,43
202401;2;AL;10045;BRADESCO;4;11505,61
202401;2;AL;49944;BTG PACTUAL;3;6900,84
202401;2;AL;52072;C6 BANK;2;415,17
202401;2;AL;51626;CAIXA ECONÔMICA FEDERAL;44;46150,25
202401;2;AL;51884;INTER;5;27398,32
202401;2;AL;30379;SANTANDER;6;21808,70
202401;2;AL;51011;VOTORANTIM;29;127376,85
202401;2;AM;49906;BB;7;21162,47
202401;2;AM;4913711;BCO DO EST. DO PA S.A.;1;7417,03
202401;2;AM;17351180;BCO TRIANGULO S.A.;81;79788,70
202401;2;AM;10045;BRADESCO;32;583842,04
202401;2;AM;49944;BTG PACTUAL;4;15239,81
202401;2;AM;52072;C6 BANK;2;410,68
202401;2;AM;51626;CAIXA ECONÔMICA FEDERAL;36;46503,47
202401;2;AM;51884;INTER;5;24573,89
202401;2;AM;30379;SANTANDER;8;28714,06
202401;2;AM;51011;VOTORANTIM;23;135255,45
202401;2;AP;49906;BB;4;10211,89
202401;2;AP;17351180;BCO TRIANGULO S.A.;7;5558,12
202401;2;AP;10045;BRADESCO;1;20263,53
202401;2;AP;49944;BTG PACTUAL;1;11182,80
202401;2;AP;51626;CAIXA ECONÔMICA FEDERAL;7;10680,89
202401;2;AP;51884;INTER;1;968,77
202401;2;AP;30379;SANTANDER;1;2367,30
202401;2;AP;51011;VOTORANTIM;5;7405,76
202401;2;BA;49906;BB;46;461314,38
202401;2;BA;17351180;BCO TRIANGULO S.A.;133;142158,53
202401;2;BA;10045;BRADESCO;50;809928,75
202401;2;BA;49944;BTG PACTUAL;14;57550,39
202401;2;BA;52072;C6 BANK;6;1493,69
202401;2;BA;51626;CAIXA ECONÔMICA FEDERAL;177;177179,28
202401;2;BA;51884;INTER;10;50023,15
202401;2;BA;30379;SANTANDER;37;273143,98
202401;2;BA;51011;VOTORANTIM;83;328765,66
202401;2;CE;49906;BB;26;374949,39
202401;2;CE;17351180;BCO TRIANGULO S.A.;63;67818,08
202401;2;CE;10045;BRADESCO;25;273098,00
202401;2;CE;49944;BTG PACTUAL;1;4005,89
202401;2;CE;52072;C6 BANK;10;2775,17
202401;2;CE;51626;CAIXA ECONÔMICA FEDERAL;114;148466,03
202401;2;CE;51884;INTER;9;30948,04
202401;2;CE;30379;SANTANDER;36;262483,62
202401;2;CE;51011;VOTORANTIM;93;438311,90
202401;2;DF;49906;BB;14;157339,40
202401;2;DF;17351180;BCO TRIANGULO S.A.;26;51817,68
202401;2;DF;10045;BRADESCO;10;500390,79
202401;2;DF;49944;BTG PACTUAL;9;42431,18
202401;2;DF;52072;C6 BANK;4;1332,35
202401;2;DF;51626;CAIXA ECONÔMICA FEDERAL;66;128862,19
202401;2;DF;51884;INTER;8;49931,44
202401;2;DF;30379;SANTANDER;16;99851,87
202401;2;DF;51011;VOTORANTIM;58;309016,08
202401;2;ES;49906;BB;9;39941,48
202401;2;ES;17351180;BCO TRIANGULO S.A.;38;52790,31
202401;2;ES;10045;BRADESCO;5;38432,89
202401;2;ES;49944;BTG PACTUAL;5;11884,74
202401;2;ES;52072;C6 BANK;4;854,96
202401;2;ES;51626;CAIXA ECONÔMICA FEDERAL;49;42145,51
202401;2;ES;51884;INTER;2;12304,07
202401;2;ES;30379;SANTANDER;20;221132,74
202401;2;ES;51011;VOTORANTIM;27;144648,85
202401;2;GO;49906;BB;21;183000,01
202401;2;GO;17351180;BCO TRIANGULO S.A.;43;38815,97
202401;2;GO;10045;BRADESCO;17;350059,87
202401;2;GO;49944;BTG PACTUAL;5;16774,16
202401;2;GO;52072;C6 BANK;4;757,11
202401;2;GO;51626;CAIXA ECONÔMICA FEDERAL;167;170871,48
202401;2;GO;51884;INTER;8;59657,16
202401;2;GO;30379;SANTANDER;19;122712,30
202401;2;GO;51011;VOTORANTIM;77;506446,09
202401;2;MA;49906;BB;49;471439,23
202401;2;MA;17351180;BCO TRIANGULO S.A.;54;83573,56
202401;2;MA;10045;BRADESCO;10;133107,28
202401;2;MA;49944;BTG PACTUAL;2;2196,96
202401;2;MA;52072;C6 BANK;4;1054,91
202401;2;MA;51626;CAIXA ECONÔMICA FEDERAL;56;64662,18
202401;2;MA;51884;INTER;4;12443,69
202401;2;MA;30379;SANTANDER;7;21597,95
202401;2;MA;51011;VOTORANTIM;35;152170,16
202401;2;MG;49906;BB;53;613097,26
202401;2;MG;17351180;BCO TRIANGULO S.A.;191;199585,90
202401;2;MG;10045;BRADESCO;59;966878,78
202401;2;MG;49944;BTG PACTUAL;21;48369,47
202401;2;MG;52072;C6 BANK;9;2008,39
202401;2;MG;51626;CAIXA ECONÔMICA FEDERAL;275;250493,60
202401;2;MG;51884;INTER;39;219380,29
202401;2;MG;10069;ITAU;1;16,65
202401;2;MG;30379;SANTANDER;59;750584,53
202401;2;MG;51011;VOTORANTIM;294;1267889,12
202401;2;MS;49906;BB;23;200188,14
202401;2;MS;17351180;BCO TRIANGULO S.A.;48;49685,67
202401;2;MS;10045;BRADESCO;13;197246,24
202401;2;MS;49944;BTG PACTUAL;3;9341,64
202401;2;MS;52072;C6 BANK;4;4086,09
202401;2;MS;51626;CAIXA ECONÔMICA FEDERAL;39;39357,72
202401;2;MS;51884;INTER;5;27089,87
202401;2;MS;10069;ITAU;1;147,30
202401;2;MS;30379;SANTANDER;20;69408,18
202401;2;MS;51011;VOTORANTIM;72;493967,30
202401;2;MT;49906;BB;29;244380,99
202401;2;MT;17351180;BCO TRIANGULO S.A.;34;30321,07
202401;2;MT;10045;BRADESCO;10;181806,20
202401;2;MT;49944;BTG PACTUAL;3;15793,17
202401;2;MT;52072;C6 BANK;2;504,12
202401;2;MT;51626;CAIXA ECONÔMICA FEDERAL;51;36279,31
202401;2;MT;51884;INTER;7;58237,79
202401;2;MT;30379;SANTANDER;8;61516,94
202401;2;MT;51011;VOTORANTIM;61;297422,67
202401;2;PA;49906;BB;31;337505,96
202401;2;PA;4913711;BCO DO EST. DO PA S.A.;12;132825,29
202401;2;PA;17351180;BCO TRIANGULO S.A.;195;157960,66
202401;2;PA;10045;BRADESCO;20;220716,03
202401;2;PA;49944;BTG PACTUAL;3;17533,19
202401;2;PA;52072;C6 BANK;2;772,95
202401;2;PA;51626;CAIXA ECONÔMICA FEDERAL;71;71352,83
202401;2;PA;51884;INTER;6;25904,98
202401;2;PA;30379;SANTANDER;18;102608,86
202401;2;PA;51011;VOTORANTIM;44;285784,20
202401;2;PB;49906;BB;11;93603,19
202401;2;PB;17351180;BCO TRIANGULO S.A.;52;54091,03
202401;2;PB;10045;BRADESCO;14;248890,59
202401;2;PB;49944;BTG PACTUAL;7;21486,08
202401;2;PB;52072;C6 BANK;2;423,24
202401;2;PB;51626;CAIXA ECONÔMICA FEDERAL;58;74128,52
202401;2;PB;51884;INTER;4;25357,24
202401;2;PB;30379;SANTANDER;9;23597,88
202401;2;PB;51011;VOTORANTIM;41;162473,57
202401;2;PE;49906;BB;19;193593,81
202401;2;PE;17351180;BCO TRIANGULO S.A.;102;81384,36
202401;2;PE;10045;BRADESCO;33;518515,78
202401;2;PE;49944;BTG PACTUAL;11;35220,00
202401;2;PE;52072;C6 BANK;5;1109,88
202401;2;PE;51626;CAIXA ECONÔMICA FEDERAL;86;62511,63
202401;2;PE;51884;INTER;12;88688,89
202401;2;PE;10069;ITAU;2;274,20
202401;2;PE;30379;SANTANDER;23;114612,34
202401;2;PE;51011;VOTORANTIM;56;363503,56
202401;2;PI;49906;BB;18;87630,00
202401;2;PI;17351180;BCO TRIANGULO S.A.;13;12361,30
202401;2;PI;10045;BRADESCO;4;69884,59
202401;2;PI;49944;BTG PACTUAL;5;11759,09
202401;2;PI;51626;CAIXA ECONÔMICA FEDERAL;59;35938,90
202401;2;PI;51884;INTER;3;33751,88
202401;2;PI;10069;ITAU;1;157,55
202401;2;PI;30379;SANTANDER;1;8898,82
202401;2;PI;51011;VOTORANTIM;33;148931,82
202401;2;PR;49906;BB;38;473651,53
202401;2;PR;17351180;BCO TRIANGULO S.A.;132;203919,19
202401;2;PR;10045;BRADESCO;43;456109,97
202401;2;PR;49944;BTG PACTUAL;6;28253,25
202401;2;PR;52072;C6 BANK;7;1544,60
202401;2;PR;51626;CAIXA ECONÔMICA FEDERAL;239;325990,56
202401;2;PR;51884;INTER;11;84607,57
202401;2;PR;10069;ITAU;1;195,84
202401;2;PR;30379;SANTANDER;48;463034,15
202401;2;PR;51011;VOTORANTIM;223;1173053,05
202401;2;RJ;49906;BB;38;211549,00
202401;2;RJ;17351180;BCO TRIANGULO S.A.;179;283861,85
202401;2;RJ;10045;BRADESCO;80;1579528,47
202401;2;RJ;49944;BTG PACTUAL;34;117529,79
202401;2;RJ;52072;C6 BANK;12;2837,19
202401;2;RJ;51626;CAIXA ECONÔMICA FEDERAL;196;183569,24
202401;2;RJ;51884;INTER;34;229526,93
202401;2;RJ;10069;ITAU;2;124,06
202401;2;RJ;30379;SANTANDER;105;932699,40
202401;2;RJ;51011;VOTORANTIM;217;993606,66
202401;2;RN;49906;BB;9;63618,10
202401;2;RN;17351180;BCO TRIANGULO S.A.;96;75174,18
202401;2;RN;10045;BRADESCO;10;251580,51
202401;2;RN;49944;BTG PACTUAL;4;7655,45
202401;2;RN;52072;C6 BANK;1;229,05
202401;2;RN;51626;CAIXA ECONÔMICA FEDERAL;46;55388,71
202401;2;RN;51884;INTER;3;14569,13
202401;2;RN;30379;SANTANDER;5;12656,20
202401;2;RN;51011;VOTORANTIM;50;261403,32
202401;2;RO;49906;BB;7;139518,83
202401;2;RO;17351180;BCO TRIANGULO S.A.;24;20297,08
202401;2;RO;10045;BRADESCO;4;49315,64
202401;2;RO;49944;BTG PACTUAL;3;2120,79
202401;2;RO;51626;CAIXA ECONÔMICA FEDERAL;36;18982,03
202401;2;RO;51884;INTER;3;16033,55
202401;2;RO;30379;SANTANDER;5;12723,49
202401;2;RO;51011;VOTORANTIM;23;116371,76
202401;2;RR;49906;BB;4;12646,57
202401;2;RR;17351180;BCO TRIANGULO S.A.;3;2294,69
202401;2;RR;49944;BTG PACTUAL;2;3876,10
202401;2;RR;52072;C6 BANK;1;243,95
202401;2;RR;51626;CAIXA ECONÔMICA FEDERAL;9;3972,02
202401;2;RR;30379;SANTANDER;3;21209,79
202401;2;RR;51011;VOTORANTIM;5;25477,42
202401;2;RS;49906;BB;22;129624,86
202401;2;RS;17351180;BCO TRIANGULO S.A.;111;127237,71
202401;2;RS;10045;BRADESCO;19;290068,21
202401;2;RS;49944;BTG PACTUAL;5;7912,60
202401;2;RS;52072;C6 BANK;2;410,09
202401;2;RS;51626;CAIXA ECONÔMICA FEDERAL;239;295751,68
202401;2;RS;51884;INTER;8;37934,39
202401;2;RS;30379;SANTANDER;40;124932,85
202401;2;RS;51011;VOTORANTIM;165;836957,65
202401;2;SC;49906;BB;32;391719,87
202401;2;SC;17351180;BCO TRIANGULO S.A.;109;86403,98
202401;2;SC;10045;BRADESCO;32;382758,44
202401;2;SC;49944;BTG PACTUAL;6;14289,38
202401;2;SC;52072;C6 BANK;2;388,91
202401;2;SC;51626;CAIXA ECONÔMICA FEDERAL;146;192702,14
202401;2;SC;51884;INTER;9;59372,25
202401;2;SC;30379;SANTANDER;27;250963,70
202401;2;SC;51011;VOTORANTIM;163;857629,66
202401;2;SE;49906;BB;2;44632,69
202401;2;SE;13009717;BCO DO EST. DE SE S.A.;3;19543,24
202401;2;SE;17351180;BCO TRIANGULO S.A.;5;3413,38
202401;2;SE;10045;BRADESCO;3;45748,17
202401;2;SE;49944;BTG PACTUAL;1;3314,68
202401;2;SE;52072;C6 BANK;2;404,10
202401;2;SE;51626;CAIXA ECONÔMICA FEDERAL;32;31569,31
202401;2;SE;51884;INTER;4;20112,93
202401;2;SE;30379;SANTANDER;12;52626,71
202401;2;SE;51011;VOTORANTIM;20;114384,38
202401;2;SP;49906;BB;131;953600,62
202401;2;SP;17351180;BCO TRIANGULO S.A.;378;425312,81
202401;2;SP;10045;BRADESCO;289;6577924,32
202401;2;SP;49944;BTG PACTUAL;70;219593,62
202401;2;SP;52072;C6 BANK;42;9678,36
202401;2;SP;51626;CAIXA ECONÔMICA FEDERAL;639;658187,36
202401;2;SP;51884;INTER;71;466015,75
202401;2;SP;10069;ITAU;1;152,63
202401;2;SP;30379;SANTANDER;283;2314964,22
202401;2;SP;51011;VOTORANTIM;1028;4727174,33
202401;2;TO;49906;BB;8;119747,87
202401;2;TO;17351180;BCO TRIANGULO S.A.;2;2655,02
202401;2;TO;10045;BRADESCO;4;45312,36
202401;2;TO;51626;CAIXA ECONÔMICA FEDERAL;23;21617,39
202401;2;TO;51884;INTER;1;1193,50
202401;2;TO;51011;VOTORANTIM;17;216985,85
202402;1;AC;51750;BANCO SICOOB;2;3121,55
202402;1;AC;49906;BB;63;93484,97
202402;1;AC;30290;BMG;3;3964,81
202402;1;AC;10045;BRADESCO;18;22012,96
202402;1;AC;31976;BRB;1;754,91
202402;1;AC;49944;BTG PACTUAL;176;241136,56
202402;1;AC;52072;C6 BANK;4;4733,14
202402;1;AC;51884;INTER;43;44419,09
202402;1;AC;10069;ITAU;23;29087,53
202402;1;AC;52058;NUBANK;261;292399,38
202402;1;AC;30379;SANTANDER;18;22838,54
202402;1;AC;3632872;SICOOB CREDISUL;2;1900,07
202402;1;AC;51011;VOTORANTIM;1;1247,80
202402;1;AL;49906;BB;120;152852,54
202402;1;AL;30290;BMG;9;3858,12
202402;1;AL;10045;BRADESCO;75;80146,91
202402;1;AL;31976;BRB;20;28577,03
202402;1;AL;49944;BTG PACTUAL;725;859006,24
202402;1;AL;52072;C6 BANK;18;24351,39
202402;1;AL;51626;CAIXA ECONÔMICA FEDERAL;3;662,16
202402;1;AL;51884;INTER;272;264414,38
202402;1;AL;10069;ITAU;120;127927,84
202402;1;AL;52058;NUBANK;712;656734,62
202402;1;AL;30379;SANTANDER;47;45192,96
202402;1;AL;51011;VOTORANTIM;3;996,32
202402;1;AM;51750;BANCO SICOOB;1;2276,61
202402;1;AM;49906;BB;145;232079,00
202402;1;AM;30290;BMG;20;19918,03
202402;1;AM;10045;BRADESCO;322;411666,36
202402;1;AM;31976;BRB;23;25358,42
202402;1;AM;49944;BTG PACTUAL;1425;2061606,66
202402;1;AM;52072;C6 BANK;38;40740,09
202402;1;AM;51626;CAIXA ECONÔMICA FEDERAL;1;157,69
202402;1;AM;2015588;CCLA DO CENTRO SUL RONDONIENSE;1;1954,74
202402;1;AM;2282709;COOP CENTRO NORTE BRASILEIRO;2;446,46
202402;1;AM;51884;INTER;563;727580,72
202402;1;AM;10069;ITAU;415;558385,61
202402;1;AM;52058;NUBANK;1680;2037210,08
202402;1;AM;30379;SANTANDER;138;186743,40
202402;1;AM;5203605;SICOOB AMAZÔNIA;3;4732,33
202402;1;AM;51011;VOTORANTIM;6;6557,02
202402;1;AP;49906;BB;64;68697,12
202402;1;AP;30290;BMG;2;5083,70
202402;1;AP;10045;BRADESCO;10;11957,19
202402;1;AP;31976;BRB;3;5611,99
202402;1;AP;49944;BTG PACTUAL;146;180306,59
202402;1;AP;52072;C6 BANK;5;7411,93
202402;1;AP;51626;CAIXA ECONÔMICA FEDERAL;1;289,43
202402;1;AP;51884;INTER;63;75284,82
202402;1;AP;10069;ITAU;38;46498,98
202402;1;AP;52058;NUBANK;190;192049,10
202402;1;AP;30379;SANTANDER;14;14628,13
202402;1;BA;51750;BANCO SICOOB;6;4742,53
202402;1;BA;30173;BANRISUL;3;4183,18
202402;1;BA;49906;BB;541;615577,90
202402;1;BA;30290;BMG;51;61511,77
202402;1;BA;10045;BRADESCO;496;519884,76
202402;1;BA;31976;BRB;64;74965,10
202402;1;BA;49944;BTG PACTUAL;3105;3893195,46
202402;1;BA;52072;C6 BANK;77;97251,46
202402;1;BA;51626;CAIXA ECONÔMICA FEDERAL;20;9696,49
202402;1;BA;32615247;CC SICOOB COOPEC LTDA.;1;1120,20
202402;1;BA;4174720;CC SICOOB COOPEMAR;2;899,91
202402;1;BA;4321309;CC SICOOB CRED EXECUTIVO;1;592,50
202402;1;BA;51884;INTER;1054;1084553,55
202402;1;BA;10069;ITAU;764;808995,36
202402;1;BA;52058;NUBANK;3184;3095534,75
202402;1;BA;30379;SANTANDER;252;280868,03
202402;1;BA;73398646;SOC CC SICOOB COOPERE;9;7835,54
202402;1;BA;51011;VOTORANTIM;14;18483,24
202402;1;CE;30173;BANRISUL;2;1076,13
202402;1;CE;49906;BB;428;497850,47
202402;1;CE;30290;BMG;20;16509,93
202402;1;CE;10045;BRADESCO;350;367226,06
202402;1;CE;31976;BRB;29;32804,71
202402;1;CE;49944;BTG PACTUAL;2682;3286701,23
202402;1;CE;52072;C6 BANK;75;84629,28
202402;1;CE;51626;CAIXA ECONÔMICA FEDERAL;11;2995,13
202402;1;CE;51884;INTER;1069;1063472,34
202402;1;CE;10069;ITAU;464;478187,68
202402;1;CE;52058;NUBANK;2842;2701857,45
202402;1;CE;30379;SANTANDER;188;229456,02
202402;1;CE;51011;VOTORANTIM;12;19064,83
202402;1;DF;51750;BANCO SICOOB;8;10769,48
202402;1;DF;30173;BANRISUL;1;347,46
202402;1;DF;49906;BB;214;304172,92
202402;1;DF;30290;BMG;22;20705,02
202402;1;DF;10045;BRADESCO;52;59534,02
202402;1;DF;31976;BRB;602;724984,13
202402;1;DF;49944;BTG PACTUAL;998;1389411,72
202402;1;DF;52072;C6 BANK;41;41543,36
202402;1;DF;51626;CAIXA ECONÔMICA FEDERAL;5;3573,72
202402;1;DF;51884;INTER;385;446521,84
202402;1;DF;10069;ITAU;250;335153,07
202402;1;DF;52058;NUBANK;1048;1071154,95
202402;1;DF;30379;SANTANDER;87;121242,99
202402;1;DF;51011;VOTORANTIM;4;7151,80
202402;1;ES;51750;BANCO SICOOB;28;34596,71
202402;1;ES;30173;BANRISUL;1;4490,03
202402;1;ES;49906;BB;100;145768,86
202402;1;ES;30290;BMG;15;13017,68
202402;1;ES;10045;BRADESCO;57;71256,15
202402;1;ES;31976;BRB;9;18332,94
202402;1;ES;49944;BTG PACTUAL;906;1256979,25
202402;1;ES;52072;C6 BANK;27;32658,85
202402;1;ES;51626;CAIXA ECONÔMICA FEDERAL;3;1031,13
202402;1;ES;51884;INTER;306;367588,36
202402;1;ES;10069;ITAU;217;269655,23
202402;1;ES;52058;NUBANK;843;1019589,80
202402;1;ES;30379;SANTANDER;55;61967,31
202402;1;ES;51011;VOTORANTIM;2;2548,64
202402;1;GO;51750;BANCO SICOOB;1;582,03
202402;1;GO;30173;BANRISUL;2;5378,79
202402;1;GO;49906;BB;207;261761,97
202402;1;GO;30290;BMG;29;37807,11
202402;1;GO;10045;BRADESCO;137;150072,94
202402;1;GO;31976;BRB;150;222656,69
202402;1;GO;49944;BTG PACTUAL;1577;2166644,94
202402;1;GO;52072;C6 BANK;52;65004,72
202402;1;GO;51626;CAIXA ECONÔMICA FEDERAL;8;5379,55
202402;1;GO;51884;INTER;560;619926,22
202402;1;GO;10069;ITAU;466;578372,57
202402;1;GO;52058;NUBANK;1534;1557893,37
202402;1;GO;30379;SANTANDER;132;156653,07
202402;1;GO;51011;VOTORANTIM;9;14076,77
202402;1;MA;51750;BANCO SICOOB;3;2345,80
202402;1;MA;49906;BB;382;425294,88
202402;1;MA;30290;BMG;16;28190,32
202402;1;MA;10045;BRADESCO;151;131486,59
202402;1;MA;31976;BRB;14;10284,94
202402;1;MA;49944;BTG PACTUAL;973;1148971,02
202402;1;MA;52072;C6 BANK;23;21384,57
202402;1;MA;51626;CAIXA ECONÔMICA FEDERAL;3;3052,87
202402;1;MA;51884;INTER;407;447530,83
202402;1;MA;10069;ITAU;198;180316,49
202402;1;MA;52058;NUBANK;1380;1315386,33
202402;1;MA;30379;SANTANDER;116;114999,70
202402;1;MA;51011;VOTORANTIM;7;10613,39
202402;1;MG;51750;BANCO SICOOB;62;90962,56
202402;1;MG;30173;BANRISUL;4;7245,75
202402;1;MG;49906;BB;664;955586,21
202402;1;MG;30290;BMG;95;130409,23
202402;1;MG;10045;BRADESCO;485;529748,93
202402;1;MG;31976;BRB;53;65252,65
202402;1;MG;49944;BTG PACTUAL;4629;6593801,00
202402;1;MG;52072;C6 BANK;162;216826,18
202402;1;MG;51626;CAIXA ECONÔMICA FEDERAL;21;13879,37
202402;1;MG;25420696;CC CREDINACIONAL LTDA - SICOOB CREDINACIONAL;2;1540,90
202402;1;MG;14046512;CCLA MARGEM ESQUERDA DO URUCUI;2;1407,37
202402;1;MG;1703620;CCLA UNIÃO CENTRO OESTE MINAS;1;4280,90
202402;1;MG;51884;INTER;2527;2844640,29
202402;1;MG;10069;ITAU;1410;1656643,17
202402;1;MG;52058;NUBANK;4583;5248149,09
202402;1;MG;30379;SANTANDER;402;521937,05
202402;1;MG;51011;VOTORANTIM;19;22247,19
202402;1;MS;51750;BANCO SICOOB;3;5261,22
202402;1;MS;49906;BB;199;246706,09
202402;1;MS;30290;BMG;17;11877,25
202402;1;MS;10045;BRADESCO;140;171112,03
202402;1;MS;31976;BRB;8;12534,57
202402;1;MS;49944;BTG PACTUAL;898;1296083,45
202402;1;MS;52072;C6 BANK;36;45853,49
202402;1;MS;51626;CAIXA ECONÔMICA FEDERAL;2;488,50
202402;1;MS;51884;INTER;261;290524,87
202402;1;MS;10069;ITAU;134;183572,55
202402;1;MS;52058;NUBANK;1027;1193981,62
202402;1;MS;30379;SANTANDER;90;86333,29
202402;1;MS;51011;VOTORANTIM;4;4272,25
202402;1;MT;51750;BANCO SICOOB;13;21128,60
202402;1;MT;49906;BB;213;355603,62
202402;1;MT;30290;BMG;26;39618,14
202402;1;MT;10045;BRADESCO;98;117951,27
202402;1;MT;31976;BRB;21;30307,75
202402;1;MT;49944;BTG PACTUAL;981;1554950,58
202402;1;MT;52072;C6 BANK;31;44826,24
202402;1;MT;51626;CAIXA ECONÔMICA FEDERAL;2;689,25
202402;1;MT;2015588;CCLA DO CENTRO SUL RONDONIENSE;2;4688,45
202402;1;MT;23623636;CCLA NORTE DE MATO GROSSO - SICOOB NORTE MT;4;5681,93
202402;1;MT;51884;INTER;270;371999,87
202402;1;MT;10069;ITAU;122;171282,73
202402;1;MT;52058;NUBANK;923;1186710,83
202402;1;MT;30379;SANTANDER;74;112309,01
202402;1;MT;3632872;SICOOB CREDISUL;4;9167,39
202402;1;MT;51011;VOTORANTIM;9;20706,39
202402;1;PA;51750;BANCO SICOOB;6;12968,65
202402;1;PA;30173;BANRISUL;1;2577,34
202402;1;PA;49906;BB;309;324635,73
202402;1;PA;4913711;BCO DO EST. DO PA S.A.;13;43625,39
202402;1;PA;30290;BMG;28;32693,17
202402;1;PA;10045;BRADESCO;187;178003,48
202402;1;PA;31976;BRB;17;27801,27
202402;1;PA;49944;BTG PACTUAL;1628;1980903,78
202402;1;PA;52072;C6 BANK;65;93675,23
202402;1;PA;51626;CAIXA ECONÔMICA FEDERAL;7;1727,52
202402;1;PA;37079720;CCLA SICOOB CREDIJUSTRA;1;2318,81
202402;1;PA;51884;INTER;717;726319,73
202402;1;PA;10069;ITAU;422;420681,07
202402;1;PA;52058;NUBANK;1897;1696791,88
202402;1;PA;30379;SANTANDER;144;155346,74
202402;1;PA;51011;VOTORANTIM;9;14471,68
202402;1;PB;49906;BB;189;237508,66
202402;1;PB;30290;BMG;29;51641,99
202402;1;PB;10045;BRADESCO;169;168812,98
202402;1;PB;31976;BRB;85;93221,36
202402;1;PB;49944;BTG PACTUAL;1149;1497178,86
202402;1;PB;52072;C6 BANK;31;46044,72
202402;1;PB;51626;CAIXA ECONÔMICA FEDERAL;12;4167,53
202402;1;PB;51884;INTER;371;382248,79
202402;1;PB;10069;ITAU;192;210165,97
202402;1;PB;52058;NUBANK;1155;1186332,04
202402;1;PB;30379;SANTANDER;68;72996,36
202402;1;PB;51011;VOTORANTIM;3;3523,82
202402;1;PE;51750;BANCO SICOOB;3;4427,80
202402;1;PE;30173;BANRISUL;1;2425,60
202402;1;PE;49906;BB;324;372180,90
202402;1;PE;30290;BMG;42;56283,97
202402;1;PE;10045;BRADESCO;316;329397,01
202402;1;PE;31976;BRB;21;24258,84
202402;1;PE;49944;BTG PACTUAL;2140;2593478,68
202402;1;PE;52072;C6 BANK;61;68093,57
202402;1;PE;51626;CAIXA ECONÔMICA FEDERAL;8;1901,99
202402;1;PE;51884;INTER;776;782652,27
202402;1;PE;10069;ITAU;500;517361,28
202402;1;PE;52058;NUBANK;2229;2112719,67
202402;1;PE;30379;SANTANDER;235;260662,13
202402;1;PE;51011;VOTORANTIM;5;6106,66
202402;1;PI;49906;BB;217;298958,91
202402;1;PI;30290;BMG;17;22209,95
202402;1;PI;10045;BRADESCO;64;61995,60
202402;1;PI;31976;BRB;21;33875,77
202402;1;PI;49944;BTG PACTUAL;760;955461,96
202402;1;PI;52072;C6 BANK;15;9003,79
202402;1;PI;51626;CAIXA ECONÔMICA FEDERAL;4;2021,42
202402;1;PI;51884;INTER;262;271843,09
202402;1;PI;10069;ITAU;129;136301,37
202402;1;PI;52058;NUBANK;884;970347,50
202402;1;PI;30379;SANTANDER;50;55694,27
202402;1;PI;51011;VOTORANTIM;4;3208,16
202402;1;PR;51750;BANCO SICOOB;15;22979,61
202402;1;PR;49906;BB;298;367616,36
202402;1;PR;30290;BMG;25;32853,16
202402;1;PR;10045;BRADESCO;255;299225,26
202402;1;PR;31976;BRB;22;31964,85
202402;1;PR;49944;BTG PACTUAL;2944;4193343,45
202402;1;PR;52072;C6 BANK;143;177589,56
202402;1;PR;51626;CAIXA ECONÔMICA FEDERAL;16;14231,40
202402;1;PR;2466552;CC SICOOB VALE SUL;2;2205,53
202402;1;PR;7026923;CCLA SICOOB ARENITO PARANÁ / SÃO PAULO;2;6083,41
202402;1;PR;51884;INTER;646;834593,84
202402;1;PR;10069;ITAU;903;1107026,98
202402;1;PR;52058;NUBANK;2794;3253884,43
202402;1;PR;30379;SANTANDER;229;286757,57
202402;1;PR;51011;VOTORANTIM;13;17742,84
202402;1;RJ;51750;BANCO SICOOB;9;9277,54
202402;1;RJ;30173;BANRISUL;6;8395,19
202402;1;RJ;49906;BB;504;581938,16
202402;1;RJ;30290;BMG;66;61239,87
202402;1;RJ;10045;BRADESCO;665;638302,04
202402;1;RJ;31976;BRB;167;163230,29
202402;1;RJ;49944;BTG PACTUAL;4978;6103291,97
202402;1;RJ;52072;C6 BANK;236;247475,39
202402;1;RJ;51626;CAIXA ECONÔMICA FEDERAL;13;8102,88
202402;1;RJ;51884;INTER;1570;1620111,01
202402;1;RJ;10069;ITAU;2446;2548716,46
202402;1;RJ;52058;NUBANK;5781;5429047,32
202402;1;RJ;30379;SANTANDER;718;819348,75
202402;1;RJ;3632872;SICOOB CREDISUL;1;1839,17
202402;1;RJ;51011;VOTORANTIM;8;10746,03
202402;1;RN;51750;BANCO SICOOB;2;819,40
202402;1;RN;30173;BANRISUL;1;433,39
202402;1;RN;49906;BB;211;264147,95
202402;1;RN;30290;BMG;37;91367,93
202402;1;RN;10045;BRADESCO;90;83361,89
202402;1;RN;31976;BRB;14;14692,42
202402;1;RN;49944;BTG PACTUAL;978;1213798,72
202402;1;RN;52072;C6 BANK;24;17969,00
202402;1;RN;51626;CAIXA ECONÔMICA FEDERAL;1;1156,71
202402;1;RN;51884;INTER;346;370855,38
202402;1;RN;10069;ITAU;149;183535,33
202402;1;RN;52058;NUBANK;1052;1073233,52
202402;1;RN;30379;SANTANDER;64;78673,74
202402;1;RN;51011;VOTORANTIM;5;6368,59
202402;1;RO;51750;BANCO SICOOB;3;3086,64
202402;1;RO;49906;BB;135;197123,54
202402;1;RO;30290;BMG;12;13073,86
202402;1;RO;10045;BRADESCO;55;87179,68
202402;1;RO;31976;BRB;4;8813,59
202402;1;RO;49944;BTG PACTUAL;533;848285,14
202402;1;RO;8044854;C.C. DO CENTRO DO ESTADO DE RONDÔNIA;3;4718,88
202402;1;RO;52072;C6 BANK;31;44294,91
202402;1;RO;51626;CAIXA ECONÔMICA FEDERAL;4;684,66
202402;1;RO;2015588;CCLA DO CENTRO SUL RONDONIENSE;10;16623,69
202402;1;RO;51884;INTER;169;220865,75
202402;1;RO;10069;ITAU;111;177507,65
202402;1;RO;52058;NUBANK;686;811374,65
202402;1;RO;30379;SANTANDER;39;52579,05
202402;1;RO;5203605;SICOOB AMAZÔNIA;4;6452,91
202402;1;RO;3632872;SICOOB CREDISUL;7;6621,89
202402;1;RO;51011;VOTORANTIM;7;9000,27
202402;1;RR;30173;BANRISUL;1;357,45
202402;1;RR;49906;BB;60;77098,28
202402;1;RR;30290;BMG;3;6752,03
202402;1;RR;10045;BRADESCO;19;20128,52
202402;1;RR;49944;BTG PACTUAL;177;248051,22
202402;1;RR;52072;C6 BANK;4;1720,13
202402;1;RR;51884;INTER;49;62329,94
202402;1;RR;10069;ITAU;56;60748,47
202402;1;RR;52058;NUBANK;230;258527,61
202402;1;RR;30379;SANTANDER;17;17288,94
202402;1;RR;5203605;SICOOB AMAZÔNIA;1;312,66
202402;1;RR;51011;VOTORANTIM;1;2420,52
202402;1;RS;51750;BANCO SICOOB;7;4457,80
202402;1;RS;30173;BANRISUL;195;245230,70
202402;1;RS;49906;BB;341;452182,09
202402;1;RS;30290;BMG;29;36461,92
202402;1;RS;10045;BRADESCO;193;195069,63
202402;1;RS;31976;BRB;17;25243,44
202402;1;RS;49944;BTG PACTUAL;2620;3678331,07
202402;1;RS;52072;C6 BANK;87;114012,86
202402;1;RS;51626;CAIXA ECONÔMICA FEDERAL;13;8747,73
202402;1;RS;78825270;CCLA MAXI ALFA;4;10719,04
202402;1;RS;81014060;CCLAA ITAIPU SICOOB CREDITAIPU;1;1050,03
202402;1;RS;51884;INTER;667;776854,45
202402;1;RS;10069;ITAU;532;618459,83
202402;1;RS;52058;NUBANK;2610;2805449,14
202402;1;RS;30379;SANTANDER;282;350735,63
202402;1;RS;51011;VOTORANTIM;11;12875,02
202402;1;SC;51750;BANCO SICOOB;13;16379,73
202402;1;SC;30173;BANRISUL;5;7084,57
202402;1;SC;49906;BB;210;309824,01
202402;1;SC;30290;BMG;24;39976,05
202402;1;SC;10045;BRADESCO;153;202651,42
202402;1;SC;31976;BRB;10;9916,23
202402;1;SC;49944;BTG PACTUAL;1883;2915371,98
202402;1;SC;52072;C6 BANK;76;107578,00
202402;1;SC;51626;CAIXA ECONÔMICA FEDERAL;6;5777,37
202402;1;SC;85291086;CC LITORÂNEA;1;1004,24
202402;1;SC;86829827;CCLA DO VALE;1;1519,12
202402;1;SC;78825270;CCLA MAXI ALFA;7;12040,21
202402;1;SC;51884;INTER;406;559733,71
202402;1;SC;10069;ITAU;316;445653,39
202402;1;SC;52058;NUBANK;1555;2056562,84
202402;1;SC;30379;SANTANDER;124;165607,21
202402;1;SC;86791837;SICOOB VALE DOS PINHAIS;1;802,77
202402;1;SC;51011;VOTORANTIM;6;10274,50
202402;1;SE;51750;BANCO SICOOB;2;3707,15
202402;1;SE;49906;BB;68;87572,80
202402;1;SE;30290;BMG;18;18068,75
202402;1;SE;10045;BRADESCO;37;32630,18
202402;1;SE;31976;BRB;6;5046,85
202402;1;SE;49944;BTG PACTUAL;604;757220,85
202402;1;SE;52072;C6 BANK;10;9620,58
202402;1;SE;51626;CAIXA ECONÔMICA FEDERAL;4;1609,62
202402;1;SE;51884;INTER;195;194580,93
202402;1;SE;10069;ITAU;59;50462,92
202402;1;SE;52058;NUBANK;569;505757,00
202402;1;SE;30379;SANTANDER;32;34917,76
202402;1;SE;51011;VOTORANTIM;4;2401,83
202402;1;SP;51750;BANCO SICOOB;23;33664,61
202402;1;SP;30173;BANRISUL;10;21881,70
202402;1;SP;49906;BB;1459;1797623,95
202402;1;SP;30290;BMG;208;237685,65
202402;1;SP;10045;BRADESCO;1910;2102872,24
202402;1;SP;31976;BRB;121;157353,86
202402;1;SP;49944;BTG PACTUAL;15865;20415926,79
202402;1;SP;52072;C6 BANK;619;745805,02
202402;1;SP;51626;CAIXA ECONÔMICA FEDERAL;42;22890,91
202402;1;SP;4751713;CC INV DE RONDÔNIA - SICOOB CREDJURD;2;3571,00
202402;1;SP;51884;INTER;4052;4420504,62
202402;1;SP;10069;ITAU;5937;6606532,51
202402;1;SP;52058;NUBANK;15482;16050079,63
202402;1;SP;30379;SANTANDER;1841;2203540,01
202402;1;SP;51011;VOTORANTIM;61;70227,24
202402;1;TO;49906;BB;90;118125,47
202402;1;TO;30290;BMG;4;1741,46
202402;1;TO;10045;BRADESCO;23;29463,98
202402;1;TO;31976;BRB;7;7645,33
202402;1;TO;49944;BTG PACTUAL;213;272563,86
202402;1;TO;52072;C6 BANK;9;9516,59
202402;1;TO;51626;CAIXA ECONÔMICA FEDERAL;1;201,51
202402;1;TO;51884;INTER;98;104727,19
202402;1;TO;10069;ITAU;33;35026,11
202402;1;TO;52058;NUBANK;308;289070,86
202402;1;TO;30379;SANTANDER;22;27408,97
202402;1;TO;51011;VOTORANTIM;3;4842,99
202402;2;AC;10045;BRADESCO;2;20378,57
202402;2;AC;49944;BTG PACTUAL;1;6360,15
202402;2;AC;51011;VOTORANTIM;7;58611,88
202402;2;AL;49944;BTG PACTUAL;1;5104,21
202402;2;AL;52072;C6 BANK;4;22719,52
202402;2;AL;51626;CAIXA ECONÔMICA FEDERAL;2;6443,64
202402;2;AL;10069;ITAU;8;17667,36
202402;2;AL;51011;VOTORANTIM;17;91181,78
202402;2;AM;10045;BRADESCO;10;33290,02
202402;2;AM;49944;BTG PACTUAL;3;9895,44
202402;2;AM;52072;C6 BANK;2;13514,36
202402;2;AM;51626;CAIXA ECONÔMICA FEDERAL;2;1236,84
202402;2;AM;10069;ITAU;17;16782,67
202402;2;AM;51011;VOTORANTIM;24;209087,06
202402;2;AP;10045;BRADESCO;1;6387,55
202402;2;AP;49944;BTG PACTUAL;2;16871,07
202402;2;AP;51011;VOTORANTIM;3;15421,60
202402;2;BA;10045;BRADESCO;13;63905,65
202402;2;BA;49944;BTG PACTUAL;6;20179,75
202402;2;BA;52072;C6 BANK;14;208877,19
202402;2;BA;51626;CAIXA ECONÔMICA FEDERAL;11;64148,62
202402;2;BA;10069;ITAU;30;123908,81
202402;2;BA;30379;SANTANDER;1;43,19
202402;2;BA;51011;VOTORANTIM;75;477700,86
202402;2;CE;10045;BRADESCO;17;120409,04
202402;2;CE;49944;BTG PACTUAL;4;6158,89
202402;2;CE;52072;C6 BANK;9;12597,13
202402;2;CE;51626;CAIXA ECONÔMICA FEDERAL;10;24389,12
202402;2;CE;10069;ITAU;17;52268,06
202402;2;CE;51011;VOTORANTIM;75;445056,79
202402;2;DF;10045;BRADESCO;2;4271,03
202402;2;DF;49944;BTG PACTUAL;8;63176,32
202402;2;DF;52072;C6 BANK;3;8521,52
202402;2;DF;51626;CAIXA ECONÔMICA FEDERAL;2;2139,61
202402;2;DF;10069;ITAU;13;23254,18
202402;2;DF;51011;VOTORANTIM;36;209777,94
202402;2;ES;10045;BRADESCO;2;13031,00
202402;2;ES;52072;C6 BANK;4;6363,22
202402;2;ES;51626;CAIXA ECONÔMICA FEDERAL;7;18777,11
202402;2;ES;10069;ITAU;3;20462,59
202402;2;ES;51011;VOTORANTIM;36;189030,80
202402;2;GO;10045;BRADESCO;14;89417,93
202402;2;GO;52072;C6 BANK;5;14717,79
202402;2;GO;51626;CAIXA ECONÔMICA FEDERAL;6;8046,25
202402;2;GO;10069;ITAU;7;10432,05
202402;2;GO;51011;VOTORANTIM;73;456550,32
202402;2;MA;4913711;BCO DO EST. DO PA S.A.;1;12809,76
202402;2;MA;10045;BRADESCO;6;12796,09
202402;2;MA;49944;BTG PACTUAL;1;21824,26
202402;2;MA;52072;C6 BANK;2;5709,46
202402;2;MA;51626;CAIXA ECONÔMICA FEDERAL;2;1138,37
202402;2;MA;10069;ITAU;3;11676,43
202402;2;MA;51011;VOTORANTIM;35;197471,75
202402;2;MG;10045;BRADESCO;23;95914,95
202402;2;MG;49944;BTG PACTUAL;14;50695,04
202402;2;MG;52072;C6 BANK;10;74919,22
202402;2;MG;51626;CAIXA ECONÔMICA FEDERAL;16;33738,70
202402;2;MG;10069;ITAU;61;147429,47
202402;2;MG;51011;VOTORANTIM;233;957907,39
202402;2;MS;10045;BRADESCO;9;45056,04
202402;2;MS;52072;C6 BANK;2;416,17
202402;2;MS;51626;CAIXA ECONÔMICA FEDERAL;3;21795,07
202402;2;MS;10069;ITAU;13;31909,99
202402;2;MS;51011;VOTORANTIM;59;430081,98
202402;2;MT;10045;BRADESCO;4;18161,32
202402;2;MT;49944;BTG PACTUAL;6;25448,61
202402;2;MT;52072;C6 BANK;1;28575,55
202402;2;MT;51626;CAIXA ECONÔMICA FEDERAL;2;2570,51
202402;2;MT;10069;ITAU;12;11928,81
202402;2;MT;51011;VOTORANTIM;68;504279,54
202402;2;PA;4913711;BCO DO EST. DO PA S.A.;6;70346,86
202402;2;PA;10045;BRADESCO;6;13048,20
202402;2;PA;49944;BTG PACTUAL;2;4380,56
202402;2;PA;52072;C6 BANK;4;7350,00
202402;2;PA;51626;CAIXA ECONÔMICA FEDERAL;5;12992,64
202402;2;PA;10069;ITAU;11;28317,16
202402;2;PA;51011;VOTORANTIM;57;461522,68
202402;2;PB;10045;BRADESCO;4;6378,52
202402;2;PB;49944;BTG PACTUAL;3;14844,79
202402;2;PB;52072;C6 BANK;1;224,22
202402;2;PB;51626;CAIXA ECONÔMICA FEDERAL;5;5843,66
202402;2;PB;10069;ITAU;13;32702,70
202402;2;PB;51011;VOTORANTIM;46;211339,18
202402;2;PE;10045;BRADESCO;8;21984,78
202402;2;PE;49944;BTG PACTUAL;10;15185,53
202402;2;PE;52072;C6 BANK;9;55911,45
202402;2;PE;51626;CAIXA ECONÔMICA FEDERAL;6;4640,09
202402;2;PE;10069;ITAU;26;99288,84
202402;2;PE;51011;VOTORANTIM;51;224083,14
202402;2;PI;49944;BTG PACTUAL;5;23726,04
202402;2;PI;52072;C6 BANK;3;6229,00
202402;2;PI;51626;CAIXA ECONÔMICA FEDERAL;3;10934,25
202402;2;PI;10069;ITAU;4;15931,13
202402;2;PI;51011;VOTORANTIM;29;206463,38
202402;2;PR;10045;BRADESCO;12;78808,00
202402;2;PR;49944;BTG PACTUAL;5;14916,60
202402;2;PR;52072;C6 BANK;13;106715,47
202402;2;PR;51626;CAIXA ECONÔMICA FEDERAL;19;57917,58
202402;2;PR;10069;ITAU;32;120120,47
202402;2;PR;51011;VOTORANTIM;217;1224034,15
202402;2;RJ;10045;BRADESCO;26;130702,97
202402;2;RJ;49944;BTG PACTUAL;13;23854,27
202402;2;RJ;52072;C6 BANK;23;53293,68
202402;2;RJ;51626;CAIXA ECONÔMICA FEDERAL;14;28116,45
202402;2;RJ;10069;ITAU;103;288127,49
202402;2;RJ;30379;SANTANDER;3;130,92
202402;2;RJ;51011;VOTORANTIM;210;1761283,66
202402;2;RN;10045;BRADESCO;3;57108,61
202402;2;RN;49944;BTG PACTUAL;7;23359,29
202402;2;RN;52072;C6 BANK;3;4231,97
202402;2;RN;51626;CAIXA ECONÔMICA FEDERAL;2;10896,05
202402;2;RN;10069;ITAU;17;36763,05
202402;2;RN;51011;VOTORANTIM;39;223704,77
202402;2;RO;10045;BRADESCO;1;68,85
202402;2;RO;52072;C6 BANK;1;1463,07
202402;2;RO;51626;CAIXA ECONÔMICA FEDERAL;2;1139,78
202402;2;RO;10069;ITAU;5;18135,62
202402;2;RO;30379;SANTANDER;1;66,83
202402;2;RO;51011;VOTORANTIM;19;188326,31
202402;2;RR;49944;BTG PACTUAL;2;2021,57
202402;2;RR;52072;C6 BANK;1;1114,20
202402;2;RR;10069;ITAU;2;4358,87
202402;2;RR;51011;VOTORANTIM;6;56090,80
202402;2;RS;10045;BRADESCO;4;25178,49
202402;2;RS;49944;BTG PACTUAL;6;10799,23
202402;2;RS;52072;C6 BANK;3;7050,79
202402;2;RS;51626;CAIXA ECONÔMICA FEDERAL;7;6543,72
202402;2;RS;10069;ITAU;25;42808,43
202402;2;RS;51011;VOTORANTIM;148;787146,73
202402;2;SC;10045;BRADESCO;9;89917,62
202402;2;SC;49944;BTG PACTUAL;3;6092,98
202402;2;SC;52072;C6 BANK;6;23451,32
202402;2;SC;51626;CAIXA ECONÔMICA FEDERAL;8;12321,37
202402;2;SC;10069;ITAU;12;27492,40
202402;2;SC;51011;VOTORANTIM;154;964084,92
202402;2;SE;10045;BRADESCO;2;35844,33
202402;2;SE;49944;BTG PACTUAL;1;5773,53
202402;2;SE;52072;C6 BANK;1;314,56
202402;2;SE;51626;CAIXA ECONÔMICA FEDERAL;2;1486,51
202402;2;SE;10069;ITAU;2;909,05
202402;2;SE;51011;VOTORANTIM;17;79781,36
202402;2;SP;10045;BRADESCO;64;300089,89
202402;2;SP;49944;BTG PACTUAL;51;162072,46
202402;2;SP;52072;C6 BANK;53;467022,81
202402;2;SP;51626;CAIXA ECONÔMICA FEDERAL;41;65227,05
202402;2;SP;10069;ITAU;274;643147,80
202402;2;SP;30379;SANTANDER;5;410,47
202402;2;SP;51011;VOTORANTIM;962;4837907,67
202402;2;TO;10045;BRADESCO;1;3133,46
202402;2;TO;52072;C6 BANK;1;0,04
202402;2;TO;51626;CAIXA ECONÔMICA FEDERAL;2;12549,82
202402;2;TO;10069;ITAU;3;8127,58
202402;2;TO;51011;VOTORANTIM;11;66482,49
202403;1;AC;51750;BANCO SICOOB;2;1931,22
202403;1;AC;49906;BB;83;88071,70
202403;1;AC;30290;BMG;5;1635,43
202403;1;AC;10045;BRADESCO;23;37492,86
202403;1;AC;49944;BTG PACTUAL;224;375213,78
202403;1;AC;52072;C6 BANK;6;3763,53
202403;1;AC;51626;CAIXA ECONÔMICA FEDERAL;434;490341,71
202403;1;AC;51884;INTER;51;74169,59
202403;1;AC;10069;ITAU;29;38822,66
202403;1;AC;52058;NUBANK;360;411104,88
202403;1;AC;30379;SANTANDER;25;36884,58
202403;1;AC;3632872;SICOOB CREDISUL;1;2437,05
202403;1;AL;51750;BANCO SICOOB;1;798,13
202403;1;AL;30173;BANRISUL;1;3747,92
202403;1;AL;49906;BB;186;211078,99
202403;1;AL;30290;BMG;8;10144,50
202403;1;AL;10045;BRADESCO;90;89543,81
202403;1;AL;49944;BTG PACTUAL;806;991969,36
202403;1;AL;52072;C6 BANK;23;21529,12
202403;1;AL;51626;CAIXA ECONÔMICA FEDERAL;1334;1399581,65
202403;1;AL;51884;INTER;281;315066,09
202403;1;AL;10069;ITAU;130;158064,61
202403;1;AL;52058;NUBANK;957;891126,49
202403;1;AL;30379;SANTANDER;44;55810,15
202403;1;AL;51011;VOTORANTIM;1;307,63
202403;1;AM;51750;BANCO SICOOB;1;2757,14
202403;1;AM;49906;BB;212;289496,50
202403;1;AM;30290;BMG;22;23719,99
202403;1;AM;10045;BRADESCO;477;643852,14
202403;1;AM;49944;BTG PACTUAL;1604;2397150,06
202403;1;AM;52072;C6 BANK;52;58381,86
202403;1;AM;51626;CAIXA ECONÔMICA FEDERAL;2249;2735748,95
202403;1;AM;2015588;CCLA DO CENTRO SUL RONDONIENSE;2;1810,41
202403;1;AM;2282709;COOP CENTRO NORTE BRASILEIRO;1;558,95
202403;1;AM;51884;INTER;604;755356,61
202403;1;AM;10069;ITAU;418;521462,19
202403;1;AM;52058;NUBANK;2424;2884411,24
202403;1;AM;30379;SANTANDER;116;159448,21
202403;1;AM;51011;VOTORANTIM;5;8009,74
202403;1;AP;49906;BB;78;79527,65
202403;1;AP;30290;BMG;3;2981,12
202403;1;AP;10045;BRADESCO;28;35664,52
202403;1;AP;49944;BTG PACTUAL;179;263718,38
202403;1;AP;52072;C6 BANK;9;10890,21
202403;1;AP;51626;CAIXA ECONÔMICA FEDERAL;193;214417,21
202403;1;AP;51884;INTER;71;76467,52
202403;1;AP;10069;ITAU;42;60249,02
202403;1;AP;52058;NUBANK;229;211406,59
202403;1;AP;30379;SANTANDER;20;17431,55
202403;1;BA;51750;BANCO SICOOB;9;17457,20
202403;1;BA;30173;BANRISUL;3;5343,91
202403;1;BA;49906;BB;678;791841,58
202403;1;BA;30290;BMG;45;53613,35
202403;1;BA;10045;BRADESCO;652;669980,95
202403;1;BA;49944;BTG PACTUAL;3078;4049513,79
202403;1;BA;52072;C6 BANK;102;105795,60
202403;1;BA;51626;CAIXA ECONÔMICA FEDERAL;4766;5196712,78
202403;1;BA;2282165;CC SICOOB CREDICONQUISTA;2;3220,29
202403;1;BA;2876918;CC SICOOB NORTE SUL;1;201,99
202403;1;BA;51884;INTER;956;1001920,83
202403;1;BA;10069;ITAU;676;745541,36
202403;1;BA;52058;NUBANK;3805;3880048,75
202403;1;BA;30379;SANTANDER;251;273681,88
202403;1;BA;73398646;SOC CC SICOOB COOPERE;3;4173,90
202403;1;BA;51011;VOTORANTIM;11;24821,98
202403;1;CE;51750;BANCO SICOOB;1;526,78
202403;1;CE;30173;BANRISUL;2;944,76
202403;1;CE;49906;BB;583;655479,00
202403;1;CE;30290;BMG;24;27477,48
202403;1;CE;10045;BRADESCO;458;481555,97
202403;1;CE;49944;BTG PACTUAL;2687;3368385,61
202403;1;CE;52072;C6 BANK;67;89207,84
202403;1;CE;51626;CAIXA ECONÔMICA FEDERAL;3756;3890230,01
202403;1;CE;51884;INTER;955;966735,71
202403;1;CE;10069;ITAU;407;419268,28
202403;1;CE;52058;NUBANK;3318;3178972,14
202403;1;CE;30379;SANTANDER;203;193781,50
202403;1;CE;51011;VOTORANTIM;6;3470,76
202403;1;DF;51750;BANCO SICOOB;9;11100,51
202403;1;DF;30173;BANRISUL;1;385,08
202403;1;DF;49906;BB;275;326915,01
202403;1;DF;30290;BMG;14;19600,05
202403;1;DF;10045;BRADESCO;102;108811,19
202403;1;DF;49944;BTG PACTUAL;1112;1586826,52
202403;1;DF;52072;C6 BANK;37;48129,08
202403;1;DF;51626;CAIXA ECONÔMICA FEDERAL;1421;1734865,56
202403;1;DF;51884;INTER;383;508406,60
202403;1;DF;10069;ITAU;258;305561,21
202403;1;DF;52058;NUBANK;1396;1560701,45
202403;1;DF;30379;SANTANDER;115;151878,49
202403;1;DF;51011;VOTORANTIM;4;11411,35
202403;1;ES;51750;BANCO SICOOB;22;34496,93
202403;1;ES;30173;BANRISUL;1;2437,28
202403;1;ES;49906;BB;149;185084,47
202403;1;ES;30290;BMG;11;14520,33
202403;1;ES;10045;BRADESCO;105;132157,18
202403;1;ES;49944;BTG PACTUAL;925;1384622,88
202403;1;ES;52072;C6 BANK;21;27831,63
202403;1;ES;51626;CAIXA ECONÔMICA FEDERAL;1380;1665080,56
202403;1;ES;51884;INTER;280;351889,02
202403;1;ES;10069;ITAU;205;260021,32
202403;1;ES;52058;NUBANK;1001;1150612,12
202403;1;ES;30379;SANTANDER;57;75640,72
202403;1;ES;51011;VOTORANTIM;5;8891,72
202403;1;GO;51750;BANCO SICOOB;4;3502,70
202403;1;GO;49906;BB;294;369294,44
202403;1;GO;30290;BMG;22;32451,30
202403;1;GO;10045;BRADESCO;235;281454,78
202403;1;GO;49944;BTG PACTUAL;1667;2334213,33
202403;1;GO;52072;C6 BANK;70;87320,24
202403;1;GO;51626;CAIXA ECONÔMICA FEDERAL;2108;2275833,06
202403;1;GO;37079720;CCLA SICOOB CREDIJUSTRA;1;4821,31
202403;1;GO;2282709;COOP CENTRO NORTE BRASILEIRO;1;948,21
202403;1;GO;51884;INTER;543;683371,41
202403;1;GO;10069;ITAU;512;656923,36
202403;1;GO;52058;NUBANK;1963;2045939,11
202403;1;GO;30379;SANTANDER;111;148199,17
202403;1;GO;51011;VOTORANTIM;10;14515,70
202403;1;MA;51750;BANCO SICOOB;4;3546,00
202403;1;MA;49906;BB;523;566631,16
202403;1;MA;30290;BMG;10;12464,15
202403;1;MA;10045;BRADESCO;256;251326,51
202403;1;MA;49944;BTG PACTUAL;1012;1331885,51
202403;1;MA;52072;C6 BANK;25;20922,21
202403;1;MA;51626;CAIXA ECONÔMICA FEDERAL;1470;1531458,90
202403;1;MA;51884;INTER;362;361582,92
202403;1;MA;10069;ITAU;190;193499,69
202403;1;MA;52058;NUBANK;1632;1541153,61
202403;1;MA;30379;SANTANDER;83;95834,30
202403;1;MA;51011;VOTORANTIM;5;9339,91
202403;1;MG;51750;BANCO SICOOB;61;104337,40
202403;1;MG;30173;BANRISUL;3;2689,06
202403;1;MG;49906;BB;846;1095839,18
202403;1;MG;30290;BMG;91;115909,29
202403;1;MG;10045;BRADESCO;699;840632,92
202403;1;MG;49944;BTG PACTUAL;4572;6638694,65
202403;1;MG;52072;C6 BANK;126;161060,62
202403;1;MG;51626;CAIXA ECONÔMICA FEDERAL;8618;10551024,12
202403;1;MG;68512748;CC CREDIESMERALDAS LTDA.;1;2839,71
202403;1;MG;1736516;CCLA REG. CTR. E OESTE MINEIRO;1;285,55
202403;1;MG;51884;INTER;2330;2682166,55
202403;1;MG;10069;ITAU;1459;1750504,94
202403;1;MG;52058;NUBANK;5737;6787660,07
202403;1;MG;30379;SANTANDER;337;446403,79
202403;1;MG;51011;VOTORANTIM;14;28607,62
202403;1;MS;51750;BANCO SICOOB;4;4954,89
202403;1;MS;30173;BANRISUL;1;202,16
202403;1;MS;49906;BB;240;296991,92
202403;1;MS;30290;BMG;18;19632,15
202403;1;MS;10045;BRADESCO;236;284038,67
202403;1;MS;49944;BTG PACTUAL;925;1296270,78
202403;1;MS;52072;C6 BANK;29;38959,21
202403;1;MS;51626;CAIXA ECONÔMICA FEDERAL;1775;2168302,41
202403;1;MS;51884;INTER;208;278617,63
202403;1;MS;10069;ITAU;150;180610,08
202403;1;MS;52058;NUBANK;1240;1417712,18
202403;1;MS;30379;SANTANDER;84;95451,85
202403;1;MS;51011;VOTORANTIM;5;6748,08
202403;1;MT;51750;BANCO SICOOB;17;28758,25
202403;1;MT;49906;BB;271;430586,00
202403;1;MT;30290;BMG;15;27866,05
202403;1;MT;10045;BRADESCO;160;247080,88
202403;1;MT;49944;BTG PACTUAL;1006;1654722,32
202403;1;MT;52072;C6 BANK;44;68400,40
202403;1;MT;51626;CAIXA ECONÔMICA FEDERAL;1209;1816701,88
202403;1;MT;2015588;CCLA DO CENTRO SUL RONDONIENSE;2;3654,98
202403;1;MT;23623636;CCLA NORTE DE MATO GROSSO - SICOOB NORTE MT;1;561,85
202403;1;MT;51884;INTER;229;303022,43
202403;1;MT;10069;ITAU;137;179972,43
202403;1;MT;52058;NUBANK;1211;1562713,57
202403;1;MT;30379;SANTANDER;65;90979,20
202403;1;MT;3632872;SICOOB CREDISUL;2;4471,46
202403;1;MT;51011;VOTORANTIM;12;20347,63
202403;1;PA;51750;BANCO SICOOB;2;3318,91
202403;1;PA;49906;BB;458;488037,98
202403;1;PA;4913711;BCO DO EST. DO PA S.A.;4;12603,55
202403;1;PA;30290;BMG;13;14336,98
202403;1;PA;10045;BRADESCO;336;353423,13
202403;1;PA;49944;BTG PACTUAL;1759;2109079,05
202403;1;PA;52072;C6 BANK;61;69615,70
202403;1;PA;51626;CAIXA ECONÔMICA FEDERAL;2000;1880692,83
202403;1;PA;51884;INTER;710;713257,15
202403;1;PA;10069;ITAU;396;431198,03
202403;1;PA;52058;NUBANK;2691;2414093,49
202403;1;PA;30379;SANTANDER;127;147237,97
202403;1;PA;51011;VOTORANTIM;8;11449,48
202403;1;PB;51750;BANCO SICOOB;1;1210,45
202403;1;PB;49906;BB;268;316082,47
202403;1;PB;30290;BMG;13;17492,36
202403;1;PB;10045;BRADESCO;236;242507,82
202403;1;PB;49944;BTG PACTUAL;1085;1463395,48
202403;1;PB;52072;C6 BANK;30;36487,61
202403;1;PB;51626;CAIXA ECONÔMICA FEDERAL;1796;1929339,79
202403;1;PB;51884;INTER;292;309931,36
202403;1;PB;10069;ITAU;192;192230,62
202403;1;PB;52058;NUBANK;1341;1364939,73
202403;1;PB;30379;SANTANDER;75;88389,84
202403;1;PB;51011;VOTORANTIM;3;6466,75
202403;1;PE;51750;BANCO SICOOB;3;1778,57
202403;1;PE;49906;BB;415;463650,82
202403;1;PE;30290;BMG;32;39228,74
202403;1;PE;10045;BRADESCO;383;424757,50
202403;1;PE;49944;BTG PACTUAL;2120;2563382,27
202403;1;PE;52072;C6 BANK;50;69104,06
202403;1;PE;51626;CAIXA ECONÔMICA FEDERAL;3517;3718032,19
202403;1;PE;4174720;CC SICOOB COOPEMAR;1;1437,37
202403;1;PE;51884;INTER;708;744788,63
202403;1;PE;10069;ITAU;472;551534,63
202403;1;PE;52058;NUBANK;2694;2729605,09
202403;1;PE;30379;SANTANDER;191;211205,97
202403;1;PE;51011;VOTORANTIM;8;13635,83
202403;1;PI;51750;BANCO SICOOB;1;326,07
202403;1;PI;30173;BANRISUL;1;200,14
202403;1;PI;49906;BB;315;375765,89
202403;1;PI;30290;BMG;10;10112,37
202403;1;PI;10045;BRADESCO;105;129360,64
202403;1;PI;49944;BTG PACTUAL;811;1065640,94
202403;1;PI;52072;C6 BANK;12;10457,68
202403;1;PI;51626;CAIXA ECONÔMICA FEDERAL;1396;1612989,25
202403;1;PI;51884;INTER;223;268360,75
202403;1;PI;10069;ITAU;103;106017,72
202403;1;PI;52058;NUBANK;1044;1103958,36
202403;1;PI;30379;SANTANDER;48;56197,19
202403;1;PI;51011;VOTORANTIM;3;1125,40
202403;1;PR;51750;BANCO SICOOB;13;18400,47
202403;1;PR;30173;BANRISUL;2;3267,14
202403;1;PR;49906;BB;456;611824,73
202403;1;PR;30290;BMG;26;38819,32
202403;1;PR;10045;BRADESCO;382;469640,81
202403;1;PR;49944;BTG PACTUAL;2849;4256684,79
202403;1;PR;52072;C6 BANK;108;139617,16
202403;1;PR;51626;CAIXA ECONÔMICA FEDERAL;3779;4348370,46
202403;1;PR;2466552;CC SICOOB VALE SUL;3;7200,28
202403;1;PR;7026923;CCLA SICOOB ARENITO PARANÁ / SÃO PAULO;1;301,23
202403;1;PR;51884;INTER;595;721216,07
202403;1;PR;10069;ITAU;860;1045603,35
202403;1;PR;52058;NUBANK;3325;3894844,25
202403;1;PR;30379;SANTANDER;219;259976,41
202403;1;PR;51011;VOTORANTIM;11;13241,70
202403;1;RJ;51750;BANCO SICOOB;11;9155,31
202403;1;RJ;30173;BANRISUL;2;3618,37
202403;1;RJ;49906;BB;604;649597,13
202403;1;RJ;30290;BMG;71;74528,71
202403;1;RJ;10045;BRADESCO;1169;1181468,41
202403;1;RJ;49944;BTG PACTUAL;5399;6737445,22
202403;1;RJ;52072;C6 BANK;244;239890,23
202403;1;RJ;51626;CAIXA ECONÔMICA FEDERAL;8122;8544235,17
202403;1;RJ;51884;INTER;1667;1804933,03
202403;1;RJ;10069;ITAU;2696;2810991,20
202403;1;RJ;52058;NUBANK;7857;7469264,08
202403;1;RJ;30379;SANTANDER;736;794548,86
202403;1;RJ;51011;VOTORANTIM;15;10852,98
202403;1;RN;51750;BANCO SICOOB;2;5389,66
202403;1;RN;49906;BB;313;348627,91
202403;1;RN;30290;BMG;32;67640,31
202403;1;RN;10045;BRADESCO;89;106463,52
202403;1;RN;49944;BTG PACTUAL;992;1339350,78
202403;1;RN;52072;C6 BANK;28;26037,67
202403;1;RN;51626;CAIXA ECONÔMICA FEDERAL;1310;1409582,97
202403;1;RN;51884;INTER;307;362227,22
202403;1;RN;10069;ITAU;130;160030,07
202403;1;RN;52058;NUBANK;1217;1196401,47
202403;1;RN;30379;SANTANDER;63;82853,94
202403;1;RN;51011;VOTORANTIM;2;976,98
202403;1;RO;51750;BANCO SICOOB;2;3683,08
202403;1;RO;49906;BB;216;327724,82
202403;1;RO;30290;BMG;7;13098,08
202403;1;RO;10045;BRADESCO;77;103731,57
202403;1;RO;49944;BTG PACTUAL;544;828260,44
202403;1;RO;8044854;C.C. DO CENTRO DO ESTADO DE RONDÔNIA;3;1967,69
202403;1;RO;52072;C6 BANK;19;28706,73
202403;1;RO;51626;CAIXA ECONÔMICA FEDERAL;989;1257636,38
202403;1;RO;4751713;CC INV DE RONDÔNIA - SICOOB CREDJURD;2;6067,45
202403;1;RO;2015588;CCLA DO CENTRO SUL RONDONIENSE;16;29165,37
202403;1;RO;51884;INTER;204;221130,75
202403;1;RO;10069;ITAU;85;126814,65
202403;1;RO;52058;NUBANK;899;1141554,48
202403;1;RO;30379;SANTANDER;45;67400,51
202403;1;RO;5203605;SICOOB AMAZÔNIA;3;7322,73
202403;1;RO;3632872;SICOOB CREDISUL;3;3871,39
202403;1;RO;51011;VOTORANTIM;4;6886,69
202403;1;RR;49906;BB;83;104391,36
202403;1;RR;10045;BRADESCO;20;23341,42
202403;1;RR;49944;BTG PACTUAL;169;250663,46
202403;1;RR;52072;C6 BANK;8;5366,26
202403;1;RR;51626;CAIXA ECONÔMICA FEDERAL;227;254985,33
202403;1;RR;51884;INTER;65;81489,35
202403;1;RR;10069;ITAU;56;63217,58
202403;1;RR;52058;NUBANK;250;290720,53
202403;1;RR;30379;SANTANDER;18;23415,36
202403;1;RR;51011;VOTORANTIM;1;1544,00
202403;1;RS;51750;BANCO SICOOB;2;2409,54
202403;1;RS;30173;BANRISUL;141;159349,60
202403;1;RS;49906;BB;440;524977,51
202403;1;RS;30290;BMG;29;36683,15
202403;1;RS;10045;BRADESCO;358;400907,80
202403;1;RS;49944;BTG PACTUAL;2643;3567134,08
202403;1;RS;52072;C6 BANK;89;123101,23
202403;1;RS;51626;CAIXA ECONÔMICA FEDERAL;4895;5547701,32
202403;1;RS;2466552;CC SICOOB VALE SUL;1;588,62
202403;1;RS;81014060;CCLAA ITAIPU SICOOB CREDITAIPU;1;774,77
202403;1;RS;51884;INTER;701;848633,92
202403;1;RS;10069;ITAU;557;628894,66
202403;1;RS;52058;NUBANK;3331;3658156,08
202403;1;RS;30379;SANTANDER;224;255332,46
202403;1;RS;51011;VOTORANTIM;10;9953,32
202403;1;SC;51750;BANCO SICOOB;16;21611,66
202403;1;SC;30173;BANRISUL;4;5882,55
202403;1;SC;49906;BB;281;379620,58
202403;1;SC;30290;BMG;18;27406,51
202403;1;SC;10045;BRADESCO;255;316893,34
202403;1;SC;49944;BTG PACTUAL;1857;2927371,77
202403;1;SC;52072;C6 BANK;87;111743,87
202403;1;SC;51626;CAIXA ECONÔMICA FEDERAL;2160;2855527,46
202403;1;SC;85291086;CC LITORÂNEA;1;1161,92
202403;1;SC;86829827;CCLA DO VALE;1;376,88
202403;1;SC;78825270;CCLA MAXI ALFA;10;17006,69
202403;1;SC;81014060;CCLAA ITAIPU SICOOB CREDITAIPU;1;147,99
202403;1;SC;51884;INTER;379;517649,08
202403;1;SC;10069;ITAU;315;411351,55
202403;1;SC;52058;NUBANK;2014;2644654,75
202403;1;SC;30379;SANTANDER;100;123800,75
202403;1;SC;86791837;SICOOB VALE DOS PINHAIS;1;2220,17
202403;1;SC;51011;VOTORANTIM;5;8947,33
202403;1;SE;49906;BB;113;123301,16
202403;1;SE;30290;BMG;6;14096,45
202403;1;SE;10045;BRADESCO;54;51943,23
202403;1;SE;49944;BTG PACTUAL;565;706423,15
202403;1;SE;52072;C6 BANK;15;18702,43
202403;1;SE;51626;CAIXA ECONÔMICA FEDERAL;918;1034992,62
202403;1;SE;51884;INTER;183;188214,95
202403;1;SE;10069;ITAU;63;75503,41
202403;1;SE;52058;NUBANK;694;645964,73
202403;1;SE;30379;SANTANDER;22;16091,23
202403;1;SE;51011;VOTORANTIM;2;5169,01
202403;1;SP;51750;BANCO SICOOB;19;25141,50
202403;1;SP;30173;BANRISUL;9;14214,85
202403;1;SP;49906;BB;2104;2464804,57
202403;1;SP;30290;BMG;168;242801,37
202403;1;SP;10045;BRADESCO;3116;3403422,92
202403;1;SP;49944;BTG PACTUAL;15706;20935043,70
202403;1;SP;52072;C6 BANK;620;740916,59
202403;1;SP;51626;CAIXA ECONÔMICA FEDERAL;16004;17911563,13
202403;1;SP;25420696;CC CREDINACIONAL LTDA - SICOOB CREDINACIONAL;1;2971,80
202403;1;SP;78825270;CCLA MAXI ALFA;1;413,34
202403;1;SP;51884;INTER;3818;4347348,23
202403;1;SP;10069;ITAU;5956;6723057,45
202403;1;SP;52058;NUBANK;18726;19759704,30
202403;1;SP;30379;SANTANDER;1634;1893834,68
202403;1;SP;51011;VOTORANTIM;44;50782,99
202403;1;TO;51750;BANCO SICOOB;1;1731,36
202403;1;TO;49906;BB;100;93169,64
202403;1;TO;30290;BMG;6;13681,31
202403;1;TO;10045;BRADESCO;40;49233,74
202403;1;TO;49944;BTG PACTUAL;202;252808,35
202403;1;TO;52072;C6 BANK;7;7071,91
202403;1;TO;51626;CAIXA ECONÔMICA FEDERAL;324;378437,30
202403;1;TO;51884;INTER;76;74964,45
202403;1;TO;10069;ITAU;35;46580,91
202403;1;TO;52058;NUBANK;359;363701,94
202403;1;TO;30379;SANTANDER;22;16970,33
202403;2;AC;51011;VOTORANTIM;5;7577,83
202403;2;AL;49944;BTG PACTUAL;4;20311,14
202403;2;AL;52072;C6 BANK;2;425,61
202403;2;AL;51011;VOTORANTIM;21;138686,89
202403;2;AM;10045;BRADESCO;9;96215,94
202403;2;AM;49944;BTG PACTUAL;6;17449,00
202403;2;AM;52072;C6 BANK;6;1359,54
202403;2;AM;51011;VOTORANTIM;22;167093,47
202403;2;AP;51011;VOTORANTIM;6;15598,95
202403;2;BA;10045;BRADESCO;8;41083,24
202403;2;BA;49944;BTG PACTUAL;11;35186,92
202403;2;BA;52072;C6 BANK;15;3243,53
202403;2;BA;51626;CAIXA ECONÔMICA FEDERAL;1;108,29
202403;2;BA;51011;VOTORANTIM;61;307005,64
202403;2;CE;49906;BB;1;205,85
202403;2;CE;10045;BRADESCO;11;84928,37
202403;2;CE;49944;BTG PACTUAL;8;20470,44
202403;2;CE;52072;C6 BANK;9;1920,58
202403;2;CE;51626;CAIXA ECONÔMICA FEDERAL;1;89,94
202403;2;CE;51011;VOTORANTIM;62;238664,62
202403;2;DF;10045;BRADESCO;5;22925,75
202403;2;DF;49944;BTG PACTUAL;4;9577,94
202403;2;DF;52072;C6 BANK;6;1659,81
202403;2;DF;10069;ITAU;1;8,55
202403;2;DF;51011;VOTORANTIM;33;148871,61
202403;2;ES;10045;BRADESCO;2;7183,61
202403;2;ES;49944;BTG PACTUAL;3;11254,20
202403;2;ES;52072;C6 BANK;2;404,46
202403;2;ES;51011;VOTORANTIM;30;142184,26
202403;2;GO;10045;BRADESCO;7;46936,17
202403;2;GO;49944;BTG PACTUAL;4;7372,26
202403;2;GO;52072;C6 BANK;4;1790,99
202403;2;GO;51626;CAIXA ECONÔMICA FEDERAL;1;67,29
202403;2;GO;51011;VOTORANTIM;71;419458,56
202403;2;MA;10045;BRADESCO;4;14027,50
202403;2;MA;52072;C6 BANK;2;592,24
202403;2;MA;51011;VOTORANTIM;33;125983,44
202403;2;MG;10045;BRADESCO;22;135242,51
202403;2;MG;49944;BTG PACTUAL;14;48635,47
202403;2;MG;52072;C6 BANK;14;3168,69
202403;2;MG;51626;CAIXA ECONÔMICA FEDERAL;1;3,28
202403;2;MG;30379;SANTANDER;1;118,93
202403;2;MG;51011;VOTORANTIM;206;836915,96
202403;2;MS;10045;BRADESCO;6;13905,88
202403;2;MS;49944;BTG PACTUAL;1;9746,24
202403;2;MS;52072;C6 BANK;4;887,86
202403;2;MS;51626;CAIXA ECONÔMICA FEDERAL;1;102,84
202403;2;MS;51011;VOTORANTIM;40;136113,43
202403;2;MT;10045;BRADESCO;3;26697,77
202403;2;MT;49944;BTG PACTUAL;3;26056,60
202403;2;MT;52072;C6 BANK;2;428,27
202403;2;MT;51011;VOTORANTIM;50;301311,85
202403;2;PA;10045;BRADESCO;3;40294,81
202403;2;PA;49944;BTG PACTUAL;4;11918,12
202403;2;PA;52072;C6 BANK;3;659,69
202403;2;PA;51011;VOTORANTIM;40;325527,03
202403;2;PB;10045;BRADESCO;19;230680,59
202403;2;PB;49944;BTG PACTUAL;8;11648,78
202403;2;PB;52072;C6 BANK;1;201,48
202403;2;PB;51011;VOTORANTIM;30;82886,83
202403;2;PE;10045;BRADESCO;22;198451,81
202403;2;PE;49944;BTG PACTUAL;11;22341,13
202403;2;PE;52072;C6 BANK;3;716,44
202403;2;PE;51011;VOTORANTIM;43;127836,45
202403;2;PI;49944;BTG PACTUAL;3;9509,78
202403;2;PI;52072;C6 BANK;2;510,64
202403;2;PI;51011;VOTORANTIM;21;93744,39
202403;2;PR;10045;BRADESCO;20;249746,27
202403;2;PR;49944;BTG PACTUAL;9;36197,03
202403;2;PR;52072;C6 BANK;11;2481,86
202403;2;PR;10069;ITAU;1;3675,33
202403;2;PR;51011;VOTORANTIM;172;733510,81
202403;2;RJ;10045;BRADESCO;72;934599,94
202403;2;RJ;49944;BTG PACTUAL;21;85349,94
202403;2;RJ;52072;C6 BANK;15;3519,50
202403;2;RJ;10069;ITAU;2;342,42
202403;2;RJ;51011;VOTORANTIM;188;956719,86
202403;2;RN;10045;BRADESCO;2;9093,44
202403;2;RN;49944;BTG PACTUAL;1;1320,31
202403;2;RN;52072;C6 BANK;6;1214,12
202403;2;RN;51011;VOTORANTIM;33;212973,53
202403;2;RO;10045;BRADESCO;2;6928,71
202403;2;RO;49944;BTG PACTUAL;1;825,53
202403;2;RO;52072;C6 BANK;1;251,79
202403;2;RO;51011;VOTORANTIM;15;52454,08
202403;2;RR;10045;BRADESCO;5;124665,98
202403;2;RR;49944;BTG PACTUAL;1;2189,83
202403;2;RR;51011;VOTORANTIM;4;19153,68
202403;2;RS;49906;BB;1;200,05
202403;2;RS;10045;BRADESCO;25;222661,30
202403;2;RS;49944;BTG PACTUAL;13;26800,76
202403;2;RS;52072;C6 BANK;12;2932,98
202403;2;RS;51626;CAIXA ECONÔMICA FEDERAL;1;82,76
202403;2;RS;30379;SANTANDER;1;121,28
202403;2;RS;51011;VOTORANTIM;128;513138,25
202403;2;SC;10045;BRADESCO;15;153346,25
202403;2;SC;49944;BTG PACTUAL;4;8468,81
202403;2;SC;52072;C6 BANK;2;529,51
202403;2;SC;51011;VOTORANTIM;117;691931,59
202403;2;SE;49944;BTG PACTUAL;3;3721,09
202403;2;SE;52072;C6 BANK;1;217,06
202403;2;SE;51011;VOTORANTIM;12;25544,44
202403;2;SP;10045;BRADESCO;131;1194144,62
202403;2;SP;49944;BTG PACTUAL;60;151630,97
202403;2;SP;52072;C6 BANK;52;16294,94
202403;2;SP;51626;CAIXA ECONÔMICA FEDERAL;1;4724,82
202403;2;SP;10069;ITAU;7;11841,56
202403;2;SP;30379;SANTANDER;4;584,78
202403;2;SP;51011;VOTORANTIM;798;3445441,03
202403;2;TO;10045;BRADESCO;1;3710,26
202403;2;TO;51011;VOTORANTIM;8;42582,01
202404;1;AC;49906;BB;132;178210,61
202404;1;AC;30290;BMG;1;900,68
202404;1;AC;10045;BRADESCO;24;47063,76
202404;1;AC;49944;BTG PACTUAL;227;323100,45
202404;1;AC;52072;C6 BANK;7;10063,21
202404;1;AC;51626;CAIXA ECONÔMICA FEDERAL;191;223021,53
202404;1;AC;51884;INTER;50;51160,27
202404;1;AC;10069;ITAU;29;39510,06
202404;1;AC;52058;NUBANK;398;407946,81
202404;1;AC;30379;SANTANDER;37;17782,16
202404;1;AL;51750;BANCO SICOOB;1;167,11
202404;1;AL;49906;BB;209;246364,36
202404;1;AL;30290;BMG;2;5470,62
202404;1;AL;10045;BRADESCO;96;84512,77
202404;1;AL;49944;BTG PACTUAL;688;795901,49
202404;1;AL;52072;C6 BANK;7;11754,83
202404;1;AL;51626;CAIXA ECONÔMICA FEDERAL;595;566547,68
202404;1;AL;51884;INTER;179;169051,36
202404;1;AL;10069;ITAU;113;121078,55
202404;1;AL;52058;NUBANK;843;718407,82
202404;1;AL;30379;SANTANDER;120;32560,58
202404;1;AL;51011;VOTORANTIM;3;1479,15
202404;1;AM;30173;BANRISUL;1;2683,01
202404;1;AM;49906;BB;212;246318,06
202404;1;AM;30290;BMG;9;21947,87
202404;1;AM;10045;BRADESCO;489;658019,93
202404;1;AM;49944;BTG PACTUAL;1383;1925612,00
202404;1;AM;52072;C6 BANK;16;14986,96
202404;1;AM;51626;CAIXA ECONÔMICA FEDERAL;1089;1299724,13
202404;1;AM;51884;INTER;476;545264,78
202404;1;AM;10069;ITAU;359;463281,65
202404;1;AM;52058;NUBANK;2137;2390811,03
202404;1;AM;30379;SANTANDER;307;109912,20
202404;1;AM;5203605;SICOOB AMAZÔNIA;1;2343,96
202404;1;AM;3632872;SICOOB CREDISUL;1;308,69
202404;1;AM;51011;VOTORANTIM;1;1657,38
202404;1;AP;49906;BB;105;106913,24
202404;1;AP;4913711;BCO DO EST. DO PA S.A.;1;3833,16
202404;1;AP;10045;BRADESCO;21;15487,89
202404;1;AP;49944;BTG PACTUAL;169;221599,05
202404;1;AP;52072;C6 BANK;4;7024,63
202404;1;AP;51626;CAIXA ECONÔMICA FEDERAL;103;92539,46
202404;1;AP;51884;INTER;65;74461,25
202404;1;AP;10069;ITAU;39;39705,45
202404;1;AP;52058;NUBANK;245;187997,91
202404;1;AP;30379;SANTANDER;34;16121,12
202404;1;BA;51750;BANCO SICOOB;4;3742,10
202404;1;BA;49906;BB;921;1037922,91
202404;1;BA;30290;BMG;6;7591,02
202404;1;BA;10045;BRADESCO;674;703125,28
202404;1;BA;49944;BTG PACTUAL;2797;3456349,27
202404;1;BA;52072;C6 BANK;59;57496,59
202404;1;BA;51626;CAIXA ECONÔMICA FEDERAL;2176;2194533,23
202404;1;BA;51884;INTER;801;800407,41
202404;1;BA;10069;ITAU;585;697496,82
202404;1;BA;52058;NUBANK;3617;3511334,49
202404;1;BA;30379;SANTANDER;581;167080,16
202404;1;BA;73398646;SOC CC SICOOB COOPERE;3;10391,08
202404;1;BA;51011;VOTORANTIM;6;9161,33
202404;1;CE;51750;BANCO SICOOB;1;2039,64
202404;1;CE;30173;BANRISUL;2;3542,51
202404;1;CE;49906;BB;698;769687,49
202404;1;CE;30290;BMG;6;5206,27
202404;1;CE;10045;BRADESCO;507;542384,59
202404;1;CE;49944;BTG PACTUAL;2385;2941998,03
202404;1;CE;52072;C6 BANK;37;35877,49
202404;1;CE;51626;CAIXA ECONÔMICA FEDERAL;1566;1521791,14
202404;1;CE;51884;INTER;753;739325,94
202404;1;CE;10069;ITAU;379;414781,25
202404;1;CE;52058;NUBANK;3176;2925905,51
202404;1;CE;30379;SANTANDER;565;149507,71
202404;1;CE;51011;VOTORANTIM;7;11748,19
202404;1;DF;51750;BANCO SICOOB;2;1454,80
202404;1;DF;30173;BANRISUL;1;3690,33
202404;1;DF;49906;BB;337;443737,64
202404;1;DF;30290;BMG;6;5382,31
202404;1;DF;10045;BRADESCO;115;141880,94
202404;1;DF;49944;BTG PACTUAL;997;1425640,27
202404;1;DF;52072;C6 BANK;34;38395,23
202404;1;DF;51626;CAIXA ECONÔMICA FEDERAL;586;643196,24
202404;1;DF;51884;INTER;312;354563,44
202404;1;DF;10069;ITAU;198;215338,25
202404;1;DF;52058;NUBANK;1188;1216354,11
202404;1;DF;30379;SANTANDER;224;73408,88
202404;1;DF;51011;VOTORANTIM;2;2807,01
202404;1;ES;51750;BANCO SICOOB;9;15627,85
202404;1;ES;49906;BB;160;200704,19
202404;1;ES;30290;BMG;1;1723,33
202404;1;ES;10045;BRADESCO;82;99177,48
202404;1;ES;49944;BTG PACTUAL;819;1160109,88
202404;1;ES;52072;C6 BANK;14;11592,01
202404;1;ES;51626;CAIXA ECONÔMICA FEDERAL;551;664776,03
202404;1;ES;51884;INTER;219;241217,42
202404;1;ES;10069;ITAU;159;210481,37
202404;1;ES;52058;NUBANK;883;911517,74
202404;1;ES;30379;SANTANDER;215;49851,97
202404;1;GO;51750;BANCO SICOOB;1;4052,96
202404;1;GO;49906;BB;332;442347,37
202404;1;GO;30290;BMG;8;16752,39
202404;1;GO;10045;BRADESCO;234;241536,39
202404;1;GO;49944;BTG PACTUAL;1474;2015979,61
202404;1;GO;52072;C6 BANK;29;40714,19
202404;1;GO;51626;CAIXA ECONÔMICA FEDERAL;918;933177,01
202404;1;GO;2282709;COOP CENTRO NORTE BRASILEIRO;1;106,22
202404;1;GO;51884;INTER;430;448905,55
202404;1;GO;10069;ITAU;381;461155,36
202404;1;GO;52058;NUBANK;1726;1680124,13
202404;1;GO;30379;SANTANDER;273;92169,32
202404;1;GO;51011;VOTORANTIM;5;4919,18
202404;1;MA;51750;BANCO SICOOB;1;211,84
202404;1;MA;30173;BANRISUL;1;317,63
202404;1;MA;49906;BB;575;598996,33
202404;1;MA;30290;BMG;4;2176,34
202404;1;MA;10045;BRADESCO;232;235241,59
202404;1;MA;49944;BTG PACTUAL;930;1093326,99
202404;1;MA;52072;C6 BANK;15;24100,67
202404;1;MA;51626;CAIXA ECONÔMICA FEDERAL;683;588965,28
202404;1;MA;51884;INTER;302;266130,36
202404;1;MA;10069;ITAU;151;169229,73
202404;1;MA;52058;NUBANK;1423;1256740,25
202404;1;MA;30379;SANTANDER;177;56913,00
202404;1;MA;51011;VOTORANTIM;2;966,71
202404;1;MG;51750;BANCO SICOOB;35;46821,46
202404;1;MG;30173;BANRISUL;7;11006,79
202404;1;MG;49906;BB;996;1348952,56
202404;1;MG;30290;BMG;21;27259,74
202404;1;MG;10045;BRADESCO;740;923513,37
202404;1;MG;49944;BTG PACTUAL;4270;6087807,41
202404;1;MG;52072;C6 BANK;81;84501,57
202404;1;MG;51626;CAIXA ECONÔMICA FEDERAL;3872;4670899,04
202404;1;MG;25420696;CC CREDINACIONAL LTDA - SICOOB CREDINACIONAL;1;558,21
202404;1;MG;1736516;CCLA REG. CTR. E OESTE MINEIRO;1;3329,07
202404;1;MG;1703620;CCLA UNIÃO CENTRO OESTE MINAS;1;2895,21
202404;1;MG;51884;INTER;1916;1977016,36
202404;1;MG;10069;ITAU;1212;1513696,93
202404;1;MG;52058;NUBANK;5276;6001704,47
202404;1;MG;30379;SANTANDER;870;322938,16
202404;1;MG;51011;VOTORANTIM;7;15567,41
202404;1;MS;49906;BB;278;344131,59
202404;1;MS;30290;BMG;1;3753,75
202404;1;MS;10045;BRADESCO;208;262673,67
202404;1;MS;49944;BTG PACTUAL;823;1128423,24
202404;1;MS;52072;C6 BANK;25;22651,26
202404;1;MS;51626;CAIXA ECONÔMICA FEDERAL;703;792933,78
202404;1;MS;51884;INTER;215;230743,53
202404;1;MS;10069;ITAU;127;161034,41
202404;1;MS;52058;NUBANK;1186;1311840,99
202404;1;MS;30379;SANTANDER;192;79219,99
202404;1;MS;51011;VOTORANTIM;1;471,73
202404;1;MT;51750;BANCO SICOOB;4;3712,75
202404;1;MT;49906;BB;294;417733,71
202404;1;MT;30290;BMG;6;2596,50
202404;1;MT;10045;BRADESCO;169;246315,33
202404;1;MT;49944;BTG PACTUAL;879;1471615,53
202404;1;MT;52072;C6 BANK;22;36613,50
202404;1;MT;51626;CAIXA ECONÔMICA FEDERAL;522;707765,85
202404;1;MT;2015588;CCLA DO CENTRO SUL RONDONIENSE;1;4998,71
202404;1;MT;23623636;CCLA NORTE DE MATO GROSSO - SICOOB NORTE MT;1;557,99
202404;1;MT;51884;INTER;183;249643,26
202404;1;MT;10069;ITAU;101;144025,84
202404;1;MT;52058;NUBANK;1090;1421252,07
202404;1;MT;30379;SANTANDER;153;80146,07
202404;1;MT;51011;VOTORANTIM;3;2492,43
202404;1;PA;51750;BANCO SICOOB;1;1137,37
202404;1;PA;49906;BB;485;540836,40
202404;1;PA;4913711;BCO DO EST. DO PA S.A.;5;9460,19
202404;1;PA;30290;BMG;5;9013,39
202404;1;PA;10045;BRADESCO;342;357359,17
202404;1;PA;49944;BTG PACTUAL;1581;1795985,44
202404;1;PA;52072;C6 BANK;38;34932,37
202404;1;PA;51626;CAIXA ECONÔMICA FEDERAL;1038;859871,43
202404;1;PA;37079720;CCLA SICOOB CREDIJUSTRA;1;449,29
202404;1;PA;51884;INTER;591;541719,97
202404;1;PA;10069;ITAU;353;394723,14
202404;1;PA;52058;NUBANK;2314;2052602,47
202404;1;PA;30379;SANTANDER;294;86809,67
202404;1;PA;51011;VOTORANTIM;4;4121,21
202404;1;PB;49906;BB;271;295126,67
202404;1;PB;30290;BMG;5;7480,87
202404;1;PB;10045;BRADESCO;210;224831,35
202404;1;PB;49944;BTG PACTUAL;991;1182082,30
202404;1;PB;52072;C6 BANK;14;20417,69
202404;1;PB;51626;CAIXA ECONÔMICA FEDERAL;670;641758,44
202404;1;PB;4751713;CC INV DE RONDÔNIA - SICOOB CREDJURD;1;2130,10
202404;1;PB;51884;INTER;274;286069,82
202404;1;PB;10069;ITAU;148;155907,86
202404;1;PB;52058;NUBANK;1137;1082768,57
202404;1;PB;30379;SANTANDER;133;41035,66
202404;1;PB;51011;VOTORANTIM;2;2273,54
202404;1;PE;51750;BANCO SICOOB;5;3933,09
202404;1;PE;30173;BANRISUL;1;789,20
202404;1;PE;49906;BB;488;526970,25
202404;1;PE;30290;BMG;8;8306,25
202404;1;PE;10045;BRADESCO;408;422940,39
202404;1;PE;49944;BTG PACTUAL;1989;2376081,46
202404;1;PE;52072;C6 BANK;34;30348,66
202404;1;PE;51626;CAIXA ECONÔMICA FEDERAL;1576;1552104,29
202404;1;PE;4174720;CC SICOOB COOPEMAR;1;600,27
202404;1;PE;51884;INTER;578;577162,02
202404;1;PE;10069;ITAU;480;524015,04
202404;1;PE;52058;NUBANK;2604;2329999,52
202404;1;PE;30379;SANTANDER;477;173007,72
202404;1;PE;51011;VOTORANTIM;9;9166,34
202404;1;PI;49906;BB;316;357197,35
202404;1;PI;30290;BMG;7;3371,01
202404;1;PI;10045;BRADESCO;77;90787,55
202404;1;PI;49944;BTG PACTUAL;634;854104,26
202404;1;PI;52072;C6 BANK;8;12549,56
202404;1;PI;51626;CAIXA ECONÔMICA FEDERAL;493;471840,02
202404;1;PI;51884;INTER;192;195470,28
202404;1;PI;10069;ITAU;77;77550,06
202404;1;PI;52058;NUBANK;921;909625,31
202404;1;PI;30379;SANTANDER;91;22324,37
202404;1;PI;51011;VOTORANTIM;4;5336,02
202404;1;PR;51750;BANCO SICOOB;6;9385,14
202404;1;PR;49906;BB;495;684145,68
202404;1;PR;30290;BMG;7;6128,66
202404;1;PR;10045;BRADESCO;420;488238,21
202404;1;PR;49944;BTG PACTUAL;2608;3656075,55
202404;1;PR;52072;C6 BANK;69;75051,97
202404;1;PR;51626;CAIXA ECONÔMICA FEDERAL;1827;2051810,32
202404;1;PR;2466552;CC SICOOB VALE SUL;3;6344,72
202404;1;PR;51884;INTER;543;638897,53
202404;1;PR;10069;ITAU;742;894911,37
202404;1;PR;52058;NUBANK;3194;3633977,08
202404;1;PR;30379;SANTANDER;390;159632,89
202404;1;PR;51011;VOTORANTIM;11;22931,09
202404;1;RJ;51750;BANCO SICOOB;6;5868,56
202404;1;RJ;30173;BANRISUL;3;1778,91
202404;1;RJ;49906;BB;817;903878,90
202404;1;RJ;30290;BMG;16;16585,99
202404;1;RJ;10045;BRADESCO;1078;1069048,60
202404;1;RJ;49944;BTG PACTUAL;4953;6003821,30
202404;1;RJ;52072;C6 BANK;143;153926,99
202404;1;RJ;51626;CAIXA ECONÔMICA FEDERAL;4104;3973836,33
202404;1;RJ;51884;INTER;1385;1310652,09
202404;1;RJ;10069;ITAU;2308;2422857,40
202404;1;RJ;52058;NUBANK;7149;6626394,75
202404;1;RJ;30379;SANTANDER;1716;511597,02
202404;1;RJ;51011;VOTORANTIM;12;24255,00
202404;1;RN;30173;BANRISUL;1;246,35
202404;1;RN;49906;BB;300;304061,15
202404;1;RN;30290;BMG;3;4176,34
202404;1;RN;10045;BRADESCO;109;104921,35
202404;1;RN;49944;BTG PACTUAL;797;1006989,45
202404;1;RN;52072;C6 BANK;19;29497,52
202404;1;RN;51626;CAIXA ECONÔMICA FEDERAL;542;555159,45
202404;1;RN;51884;INTER;231;238905,16
202404;1;RN;10069;ITAU;107;118158,45
202404;1;RN;52058;NUBANK;1066;1003264,93
202404;1;RN;30379;SANTANDER;142;43902,84
202404;1;RN;51011;VOTORANTIM;3;2011,28
202404;1;RO;51750;BANCO SICOOB;5;8455,20
202404;1;RO;49906;BB;154;210246,76
202404;1;RO;30290;BMG;3;882,47
202404;1;RO;10045;BRADESCO;94;118167,76
202404;1;RO;49944;BTG PACTUAL;526;804352,03
202404;1;RO;8044854;C.C. DO CENTRO DO ESTADO DE RONDÔNIA;4;2158,52
202404;1;RO;52072;C6 BANK;8;10258,89
202404;1;RO;51626;CAIXA ECONÔMICA FEDERAL;445;532472,30
202404;1;RO;2015588;CCLA DO CENTRO SUL RONDONIENSE;5;5858,76
202404;1;RO;51884;INTER;151;194727,05
202404;1;RO;10069;ITAU;65;79049,04
202404;1;RO;52058;NUBANK;804;931775,33
202404;1;RO;30379;SANTANDER;100;44155,96
202404;1;RO;5203605;SICOOB AMAZÔNIA;2;5632,86
202404;1;RO;3632872;SICOOB CREDISUL;1;525,08
202404;1;RO;51011;VOTORANTIM;3;4339,18
202404;1;RR;49906;BB;64;77818,14
202404;1;RR;10045;BRADESCO;25;33778,27
202404;1;RR;49944;BTG PACTUAL;124;148822,94
202404;1;RR;52072;C6 BANK;5;14381,14
202404;1;RR;51626;CAIXA ECONÔMICA FEDERAL;115;123731,21
202404;1;RR;51884;INTER;43;43219,19
202404;1;RR;10069;ITAU;44;48286,08
202404;1;RR;52058;NUBANK;249;250732,24
202404;1;RR;30379;SANTANDER;30;9544,38
202404;1;RR;51011;VOTORANTIM;1;2987,86
202404;1;RS;51750;BANCO SICOOB;5;7296,69
202404;1;RS;30173;BANRISUL;111;134964,16
202404;1;RS;49906;BB;472;583250,96
202404;1;RS;30290;BMG;4;4705,76
202404;1;RS;10045;BRADESCO;319;334628,24
202404;1;RS;49944;BTG PACTUAL;2395;3255719,49
202404;1;RS;52072;C6 BANK;41;49920,03
202404;1;RS;51626;CAIXA ECONÔMICA FEDERAL;2408;2513291,35
202404;1;RS;51884;INTER;528;573954,78
202404;1;RS;10069;ITAU;465;539220,18
202404;1;RS;52058;NUBANK;3136;3289146,15
202404;1;RS;30379;SANTANDER;510;169370,28
202404;1;RS;51011;VOTORANTIM;8;8583,51
202404;1;SC;51750;BANCO SICOOB;8;12996,68
202404;1;SC;30173;BANRISUL;6;8151,35
202404;1;SC;49906;BB;356;464717,78
202404;1;SC;30290;BMG;5;7911,82
202404;1;SC;10045;BRADESCO;270;345648,77
202404;1;SC;31976;BRB;1;982,64
202404;1;SC;49944;BTG PACTUAL;1720;2712005,04
202404;1;SC;52072;C6 BANK;31;38995,74
202404;1;SC;51626;CAIXA ECONÔMICA FEDERAL;1022;1313041,11
202404;1;SC;85291086;CC LITORÂNEA;2;5258,12
202404;1;SC;78825270;CCLA MAXI ALFA;8;5911,01
202404;1;SC;81014060;CCLAA ITAIPU SICOOB CREDITAIPU;1;1097,40
202404;1;SC;78862083;COOP NOVOS CAMPOS;1;4083,40
202404;1;SC;51884;INTER;351;439741,61
202404;1;SC;10069;ITAU;282;369746,15
202404;1;SC;52058;NUBANK;1902;2413491,96
202404;1;SC;30379;SANTANDER;230;103836,26
202404;1;SC;51011;VOTORANTIM;6;10245,64
202404;1;SE;30173;BANRISUL;1;582,11
202404;1;SE;49906;BB;115;118356,56
202404;1;SE;30290;BMG;2;504,73
202404;1;SE;10045;BRADESCO;48;50854,77
202404;1;SE;49944;BTG PACTUAL;518;637811,99
202404;1;SE;52072;C6 BANK;8;11186,29
202404;1;SE;51626;CAIXA ECONÔMICA FEDERAL;317;304302,28
202404;1;SE;51884;INTER;157;169326,99
202404;1;SE;10069;ITAU;48;60736,64
202404;1;SE;52058;NUBANK;623;606901,45
202404;1;SE;30379;SANTANDER;74;19542,48
202404;1;SP;51750;BANCO SICOOB;7;7213,39
202404;1;SP;30173;BANRISUL;4;2713,72
202404;1;SP;49906;BB;2296;2695254,23
202404;1;SP;30290;BMG;44;55514,13
202404;1;SP;10045;BRADESCO;3145;3372556,58
202404;1;SP;49944;BTG PACTUAL;13994;17824791,44
202404;1;SP;52072;C6 BANK;367;441807,00
202404;1;SP;51626;CAIXA ECONÔMICA FEDERAL;7873;8372439,51
202404;1;SP;78825270;CCLA MAXI ALFA;1;2114,58
202404;1;SP;51884;INTER;2995;3156156,44
202404;1;SP;10069;ITAU;4740;5278999,15
202404;1;SP;52058;NUBANK;16850;17333260,62
202404;1;SP;30379;SANTANDER;3848;1233326,14
202404;1;SP;51011;VOTORANTIM;42;49909,72
202404;1;TO;49906;BB;103;122600,28
202404;1;TO;10045;BRADESCO;44;43690,12
202404;1;TO;49944;BTG PACTUAL;168;247281,45
202404;1;TO;52072;C6 BANK;4;3606,18
202404;1;TO;51626;CAIXA ECONÔMICA FEDERAL;127;116188,63
202404;1;TO;51884;INTER;70;77646,45
202404;1;TO;10069;ITAU;32;37608,73
202404;1;TO;52058;NUBANK;324;331990,98
202404;1;TO;30379;SANTANDER;32;9002,50
202404;1;TO;51011;VOTORANTIM;1;1038,85
202404;2;AC;10045;BRADESCO;1;277,82
202404;2;AL;10045;BRADESCO;4;55559,43
202404;2;AL;52072;C6 BANK;1;210,80
202404;2;AM;10045;BRADESCO;7;25286,40
202404;2;AP;52072;C6 BANK;1;208,14
202404;2;BA;10045;BRADESCO;24;159346,16
202404;2;BA;52072;C6 BANK;1;162,18
202404;2;CE;10045;BRADESCO;14;151640,78
202404;2;CE;52072;C6 BANK;1;201,70
202404;2;DF;10045;BRADESCO;7;54398,42
202404;2;ES;49906;BB;1;3911,77
202404;2;ES;10045;BRADESCO;9;146360,34
202404;2;GO;10045;BRADESCO;13;303244,25
202404;2;GO;51626;CAIXA ECONÔMICA FEDERAL;1;138,05
202404;2;MA;10045;BRADESCO;4;42438,67
202404;2;MA;52072;C6 BANK;2;415,55
202404;2;MG;49906;BB;1;346,88
202404;2;MG;10045;BRADESCO;38;502666,84
202404;2;MG;52072;C6 BANK;2;418,10
202404;2;MG;51626;CAIXA ECONÔMICA FEDERAL;1;834,23
202404;2;MS;10045;BRADESCO;7;41558,38
202404;2;MT;10045;BRADESCO;6;88817,12
202404;2;MT;52072;C6 BANK;1;170,77
202404;2;PA;10045;BRADESCO;8;101526,29
202404;2;PB;10045;BRADESCO;8;50569,26
202404;2;PE;49906;BB;1;267,95
202404;2;PE;10045;BRADESCO;10;32775,51
202404;2;PE;52072;C6 BANK;1;209,79
202404;2;PI;10045;BRADESCO;3;29440,95
202404;2;PR;10045;BRADESCO;29;215827,38
202404;2;PR;52072;C6 BANK;4;855,50
202404;2;RJ;10045;BRADESCO;40;570482,43
202404;2;RJ;52072;C6 BANK;4;749,20
202404;2;RJ;10069;ITAU;1;97,52
202404;2;RJ;30379;SANTANDER;1;83,57
202404;2;RN;10045;BRADESCO;5;48300,19
202404;2;RR;10045;BRADESCO;3;16322,50
202404;2;RS;10045;BRADESCO;26;624255,98
202404;2;SC;10045;BRADESCO;20;344239,33
202404;2;SC;52072;C6 BANK;2;407,28
202404;2;SE;10045;BRADESCO;1;34744,40
202404;2;SE;10069;ITAU;1;429,10
202404;2;SP;49906;BB;2;194,20
202404;2;SP;10045;BRADESCO;232;3158756,99
202404;2;SP;52072;C6 BANK;10;5036,86
202404;2;SP;10069;ITAU;1;6575,65
202404;2;SP;30379;SANTANDER;5;204,82
202404;2;TO;10045;BRADESCO;3;13735,29
202405;1;AC;49906;BB;75;95815,29
202405;1;AC;10045;BRADESCO;15;17034,31
202405;1;AC;49944;BTG PACTUAL;135;217411,17
202405;1;AC;52072;C6 BANK;2;4346,06
202405;1;AC;51626;CAIXA ECONÔMICA FEDERAL;144;159658,32
202405;1;AC;51884;INTER;29;28463,87
202405;1;AC;10069;ITAU;23;29279,03
202405;1;AC;52058;NUBANK;217;235913,83
202405;1;AC;30379;SANTANDER;21;22037,63
202405;1;AC;3632872;SICOOB CREDISUL;2;2174,14
202405;1;AC;51011;VOTORANTIM;2;2512,66
202405;1;AL;51750;BANCO SICOOB;1;1279,78
202405;1;AL;30173;BANRISUL;1;1603,19
202405;1;AL;49906;BB;152;163494,33
202405;1;AL;10045;BRADESCO;52;48114,79
202405;1;AL;49944;BTG PACTUAL;405;473600,80
202405;1;AL;52072;C6 BANK;2;1241,38
202405;1;AL;51626;CAIXA ECONÔMICA FEDERAL;349;322848,32
202405;1;AL;51884;INTER;115;104682,43
202405;1;AL;10069;ITAU;64;59461,83
202405;1;AL;52058;NUBANK;522;494847,51
202405;1;AL;30379;SANTANDER;66;59709,02
202405;1;AM;30173;BANRISUL;4;5954,55
202405;1;AM;49906;BB;147;213719,56
202405;1;AM;4913711;BCO DO EST. DO PA S.A.;1;1989,34
202405;1;AM;30290;BMG;6;8305,89
202405;1;AM;10045;BRADESCO;318;401616,04
202405;1;AM;49944;BTG PACTUAL;880;1310087,50
202405;1;AM;52072;C6 BANK;5;6240,56
202405;1;AM;51626;CAIXA ECONÔMICA FEDERAL;757;929805,97
202405;1;AM;51884;INTER;288;336915,66
202405;1;AM;10069;ITAU;250;308037,09
202405;1;AM;52058;NUBANK;1358;1592751,94
202405;1;AM;30379;SANTANDER;169;160855,71
202405;1;AM;5203605;SICOOB AMAZÔNIA;1;242,28
202405;1;AM;51011;VOTORANTIM;4;2456,65
202405;1;AP;49906;BB;66;67983,54
202405;1;AP;30290;BMG;1;1331,89
202405;1;AP;10045;BRADESCO;19;19504,39
202405;1;AP;49944;BTG PACTUAL;119;130670,91
202405;1;AP;52072;C6 BANK;2;1318,82
202405;1;AP;51626;CAIXA ECONÔMICA FEDERAL;75;79530,12
202405;1;AP;51884;INTER;37;37046,94
202405;1;AP;10069;ITAU;16;29688,83
202405;1;AP;52058;NUBANK;147;129981,83
202405;1;AP;30379;SANTANDER;31;30094,87
202405;1;BA;51750;BANCO SICOOB;1;207,65
202405;1;BA;30173;BANRISUL;1;467,09
202405;1;BA;49906;BB;480;607264,92
202405;1;BA;30290;BMG;8;6637,33
202405;1;BA;10045;BRADESCO;390;405057,53
202405;1;BA;49944;BTG PACTUAL;1737;2281804,79
202405;1;BA;52072;C6 BANK;10;11330,53
202405;1;BA;51626;CAIXA ECONÔMICA FEDERAL;1361;1388366,66
202405;1;BA;4321309;CC SICOOB CRED EXECUTIVO;1;842,88
202405;1;BA;2876918;CC SICOOB NORTE SUL;2;1842,44
202405;1;BA;51884;INTER;465;478587,26
202405;1;BA;10069;ITAU;369;435068,79
202405;1;BA;52058;NUBANK;2174;2246787,88
202405;1;BA;30379;SANTANDER;291;239763,03
202405;1;BA;51011;VOTORANTIM;9;10500,57
202405;1;CE;51750;BANCO SICOOB;1;319,75
202405;1;CE;30173;BANRISUL;2;4126,55
202405;1;CE;49906;BB;398;477971,65
202405;1;CE;30290;BMG;5;3125,49
202405;1;CE;10045;BRADESCO;272;290051,93
202405;1;CE;49944;BTG PACTUAL;1459;1875124,27
202405;1;CE;52072;C6 BANK;11;14741,66
202405;1;CE;51626;CAIXA ECONÔMICA FEDERAL;920;902931,85
202405;1;CE;51884;INTER;441;427092,78
202405;1;CE;10069;ITAU;231;265331,32
202405;1;CE;52058;NUBANK;1820;1777516,99
202405;1;CE;30379;SANTANDER;267;194721,70
202405;1;CE;51011;VOTORANTIM;4;3850,52
202405;1;DF;51750;BANCO SICOOB;6;4500,04
202405;1;DF;30173;BANRISUL;2;6944,74
202405;1;DF;49906;BB;217;263776,64
202405;1;DF;30290;BMG;4;8240,98
202405;1;DF;10045;BRADESCO;58;58071,64
202405;1;DF;49944;BTG PACTUAL;679;1020402,26
202405;1;DF;52072;C6 BANK;10;9394,64
202405;1;DF;51626;CAIXA ECONÔMICA FEDERAL;342;387860,07
202405;1;DF;51884;INTER;186;224534,13
202405;1;DF;10069;ITAU;149;195411,88
202405;1;DF;52058;NUBANK;759;835441,98
202405;1;DF;30379;SANTANDER;152;142414,28
202405;1;DF;51011;VOTORANTIM;3;2101,08
202405;1;ES;51750;BANCO SICOOB;10;9826,74
202405;1;ES;30173;BANRISUL;1;1469,12
202405;1;ES;49906;BB;87;118055,80
202405;1;ES;30290;BMG;4;7216,62
202405;1;ES;10045;BRADESCO;59;60257,55
202405;1;ES;49944;BTG PACTUAL;519;764438,48
202405;1;ES;52072;C6 BANK;3;3399,17
202405;1;ES;51626;CAIXA ECONÔMICA FEDERAL;353;402187,80
202405;1;ES;51884;INTER;131;167492,54
202405;1;ES;10069;ITAU;106;126479,09
202405;1;ES;52058;NUBANK;600;678491,42
202405;1;ES;30379;SANTANDER;92;65611,16
202405;1;ES;73398646;SOC CC SICOOB COOPERE;1;4676,20
202405;1;GO;51750;BANCO SICOOB;5;4165,50
202405;1;GO;49906;BB;195;240244,83
202405;1;GO;30290;BMG;5;8085,14
202405;1;GO;10045;BRADESCO;125;155706,03
202405;1;GO;49944;BTG PACTUAL;873;1232840,88
202405;1;GO;52072;C6 BANK;13;11775,02
202405;1;GO;51626;CAIXA ECONÔMICA FEDERAL;530;506224,91
202405;1;GO;2282709;COOP CENTRO NORTE BRASILEIRO;1;767,48
202405;1;GO;51884;INTER;276;318640,54
202405;1;GO;10069;ITAU;254;300719,53
202405;1;GO;52058;NUBANK;985;992967,25
202405;1;GO;30379;SANTANDER;159;154387,44
202405;1;GO;51011;VOTORANTIM;5;4348,64
202405;1;MA;51750;BANCO SICOOB;1;2412,81
202405;1;MA;49906;BB;371;385306,76
202405;1;MA;30290;BMG;2;980,25
202405;1;MA;10045;BRADESCO;172;178710,83
202405;1;MA;49944;BTG PACTUAL;560;713982,93
202405;1;MA;52072;C6 BANK;3;665,51
202405;1;MA;51626;CAIXA ECONÔMICA FEDERAL;461;451057,96
202405;1;MA;51884;INTER;197;197065,57
202405;1;MA;10069;ITAU;108;92320,02
202405;1;MA;52058;NUBANK;945;855386,90
202405;1;MA;30379;SANTANDER;79;48378,79
202405;1;MA;51011;VOTORANTIM;2;3040,59
202405;1;MG;51750;BANCO SICOOB;24;35502,54
202405;1;MG;30173;BANRISUL;1;932,32
202405;1;MG;49906;BB;631;814534,49
202405;1;MG;30290;BMG;14;19995,16
202405;1;MG;10045;BRADESCO;436;490204,63
202405;1;MG;49944;BTG PACTUAL;2715;3881101,01
202405;1;MG;52072;C6 BANK;27;29608,35
202405;1;MG;51626;CAIXA ECONÔMICA FEDERAL;2563;2982867,26
202405;1;MG;51884;INTER;1177;1268030,53
202405;1;MG;10069;ITAU;846;1010324,32
202405;1;MG;52058;NUBANK;3429;3945033,96
202405;1;MG;30379;SANTANDER;497;494077,10
202405;1;MG;51011;VOTORANTIM;10;10166,99
202405;1;MS;49906;BB;149;176129,64
202405;1;MS;30290;BMG;1;607,64
202405;1;MS;10045;BRADESCO;148;156217,15
202405;1;MS;49944;BTG PACTUAL;503;799913,18
202405;1;MS;52072;C6 BANK;2;856,76
202405;1;MS;51626;CAIXA ECONÔMICA FEDERAL;468;472177,59
202405;1;MS;51884;INTER;122;120508,30
202405;1;MS;10069;ITAU;78;91429,04
202405;1;MS;52058;NUBANK;726;774242,52
202405;1;MS;30379;SANTANDER;112;96847,87
202405;1;MS;51011;VOTORANTIM;4;2982,42
202405;1;MT;51750;BANCO SICOOB;4;11532,03
202405;1;MT;49906;BB;180;247809,20
202405;1;MT;30290;BMG;1;2808,22
202405;1;MT;10045;BRADESCO;83;100445,20
202405;1;MT;49944;BTG PACTUAL;467;745935,12
202405;1;MT;52072;C6 BANK;8;11447,35
202405;1;MT;51626;CAIXA ECONÔMICA FEDERAL;302;456934,91
202405;1;MT;2015588;CCLA DO CENTRO SUL RONDONIENSE;1;2505,50
202405;1;MT;51884;INTER;122;174272,79
202405;1;MT;10069;ITAU;78;112546,70
202405;1;MT;52058;NUBANK;647;894454,25
202405;1;MT;30379;SANTANDER;105;108465,88
202405;1;MT;51011;VOTORANTIM;3;6680,97
202405;1;PA;51750;BANCO SICOOB;1;557,30
202405;1;PA;30173;BANRISUL;1;4996,12
202405;1;PA;49906;BB;313;335831,57
202405;1;PA;4913711;BCO DO EST. DO PA S.A.;13;36347,57
202405;1;PA;30290;BMG;5;5604,43
202405;1;PA;10045;BRADESCO;217;202642,15
202405;1;PA;49944;BTG PACTUAL;932;1141109,87
202405;1;PA;52072;C6 BANK;8;6778,93
202405;1;PA;51626;CAIXA ECONÔMICA FEDERAL;660;619720,04
202405;1;PA;51884;INTER;353;330388,51
202405;1;PA;10069;ITAU;222;228676,83
202405;1;PA;52058;NUBANK;1447;1226476,25
202405;1;PA;30379;SANTANDER;174;133327,10
202405;1;PA;51011;VOTORANTIM;3;6027,60
202405;1;PB;51750;BANCO SICOOB;1;995,46
202405;1;PB;30173;BANRISUL;2;1389,30
202405;1;PB;49906;BB;206;245761,39
202405;1;PB;30290;BMG;2;3913,44
202405;1;PB;10045;BRADESCO;113;110788,66
202405;1;PB;49944;BTG PACTUAL;638;846470,51
202405;1;PB;52072;C6 BANK;6;17710,80
202405;1;PB;51626;CAIXA ECONÔMICA FEDERAL;430;405698,24
202405;1;PB;51884;INTER;143;149472,32
202405;1;PB;10069;ITAU;105;106224,69
202405;1;PB;52058;NUBANK;721;719903,32
202405;1;PB;30379;SANTANDER;102;76360,31
202405;1;PB;51011;VOTORANTIM;3;7012,37
202405;1;PE;49906;BB;317;379530,44
202405;1;PE;30290;BMG;10;14446,17
202405;1;PE;10045;BRADESCO;266;286849,76
202405;1;PE;49944;BTG PACTUAL;1297;1634143,02
202405;1;PE;52072;C6 BANK;10;9530,54
202405;1;PE;51626;CAIXA ECONÔMICA FEDERAL;1097;1078235,59
202405;1;PE;51884;INTER;352;355542,28
202405;1;PE;10069;ITAU;318;313582,05
202405;1;PE;52058;NUBANK;1699;1602023,46
202405;1;PE;30379;SANTANDER;262;196729,11
202405;1;PE;51011;VOTORANTIM;8;12415,81
202405;1;PI;30173;BANRISUL;1;698,02
202405;1;PI;49906;BB;171;213970,61
202405;1;PI;30290;BMG;2;773,00
202405;1;PI;10045;BRADESCO;48;47241,24
202405;1;PI;49944;BTG PACTUAL;360;540573,76
202405;1;PI;52072;C6 BANK;4;2990,87
202405;1;PI;51626;CAIXA ECONÔMICA FEDERAL;270;277479,66
202405;1;PI;51884;INTER;98;89930,92
202405;1;PI;10069;ITAU;46;42021,25
202405;1;PI;52058;NUBANK;553;579611,68
202405;1;PI;30379;SANTANDER;60;56841,59
202405;1;PI;51011;VOTORANTIM;3;3852,87
202405;1;PR;51750;BANCO SICOOB;7;13600,13
202405;1;PR;30173;BANRISUL;3;3048,36
202405;1;PR;49906;BB;296;366839,58
202405;1;PR;30290;BMG;8;8168,10
202405;1;PR;10045;BRADESCO;312;381463,07
202405;1;PR;49944;BTG PACTUAL;1598;2383494,63
202405;1;PR;52072;C6 BANK;19;23306,31
202405;1;PR;51626;CAIXA ECONÔMICA FEDERAL;1102;1216158,47
202405;1;PR;2466552;CC SICOOB VALE SUL;2;586,74
202405;1;PR;78825270;CCLA MAXI ALFA;1;4568,36
202405;1;PR;51884;INTER;285;328670,36
202405;1;PR;10069;ITAU;514;666931,01
202405;1;PR;52058;NUBANK;1949;2270534,87
202405;1;PR;30379;SANTANDER;252;220808,18
202405;1;PR;51011;VOTORANTIM;9;13848,73
202405;1;RJ;51750;BANCO SICOOB;5;8566,69
202405;1;RJ;30173;BANRISUL;2;2566,60
202405;1;RJ;49906;BB;507;559468,16
202405;1;RJ;30290;BMG;13;11514,09
202405;1;RJ;10045;BRADESCO;824;861273,58
202405;1;RJ;49944;BTG PACTUAL;3053;3801466,81
202405;1;RJ;52072;C6 BANK;42;51920,23
202405;1;RJ;51626;CAIXA ECONÔMICA FEDERAL;2609;2577782,35
202405;1;RJ;51884;INTER;877;829774,36
202405;1;RJ;10069;ITAU;1614;1727584,28
202405;1;RJ;52058;NUBANK;4590;4329167,67
202405;1;RJ;30379;SANTANDER;977;684566,88
202405;1;RJ;51011;VOTORANTIM;9;11183,18
202405;1;RN;51750;BANCO SICOOB;1;223,79
202405;1;RN;49906;BB;207;252697,66
202405;1;RN;30290;BMG;4;12883,18
202405;1;RN;10045;BRADESCO;66;74845,08
202405;1;RN;49944;BTG PACTUAL;542;737190,05
202405;1;RN;52072;C6 BANK;3;4483,52
202405;1;RN;51626;CAIXA ECONÔMICA FEDERAL;354;367804,97
202405;1;RN;51884;INTER;108;128318,36
202405;1;RN;10069;ITAU;84;82121,31
202405;1;RN;52058;NUBANK;654;661266,43
202405;1;RN;30379;SANTANDER;73;52071,56
202405;1;RN;51011;VOTORANTIM;2;927,85
202405;1;RO;51750;BANCO SICOOB;5;10811,24
202405;1;RO;49906;BB;123;178039,99
202405;1;RO;30290;BMG;3;8847,01
202405;1;RO;10045;BRADESCO;71;95716,77
202405;1;RO;49944;BTG PACTUAL;255;364146,41
202405;1;RO;52072;C6 BANK;2;2847,59
202405;1;RO;51626;CAIXA ECONÔMICA FEDERAL;245;318997,53
202405;1;RO;4751713;CC INV DE RONDÔNIA - SICOOB CREDJURD;2;2897,90
202405;1;RO;8044854;CC INVESTIMENTO SICOOB CENTRO;6;5570,19
202405;1;RO;2015588;CCLA DO CENTRO SUL RONDONIENSE;2;1505,85
202405;1;RO;51884;INTER;83;100752,22
202405;1;RO;10069;ITAU;40;62957,90
202405;1;RO;52058;NUBANK;459;525268,85
202405;1;RO;30379;SANTANDER;53;36406,58
202405;1;RO;5203605;SICOOB AMAZÔNIA;2;3062,01
202405;1;RO;3632872;SICOOB CREDISUL;3;4837,04
202405;1;RO;51011;VOTORANTIM;1;4590,83
202405;1;RR;49906;BB;50;60445,95
202405;1;RR;10045;BRADESCO;11;6700,79
202405;1;RR;49944;BTG PACTUAL;91;139683,12
202405;1;RR;52072;C6 BANK;1;2347,12
202405;1;RR;51626;CAIXA ECONÔMICA FEDERAL;68;82137,69
202405;1;RR;51884;INTER;34;37944,91
202405;1;RR;10069;ITAU;24;24585,54
202405;1;RR;52058;NUBANK;172;177396,16
202405;1;RR;30379;SANTANDER;20;17820,59
202405;1;RS;51750;BANCO SICOOB;2;3246,24
202405;1;RS;30173;BANRISUL;85;101688,50
202405;1;RS;49906;BB;255;313957,56
202405;1;RS;30290;BMG;1;308,33
202405;1;RS;10045;BRADESCO;198;187531,98
202405;1;RS;49944;BTG PACTUAL;1364;1892357,28
202405;1;RS;52072;C6 BANK;15;17820,49
202405;1;RS;51626;CAIXA ECONÔMICA FEDERAL;1507;1660635,96
202405;1;RS;51884;INTER;279;320930,93
202405;1;RS;10069;ITAU;288;292637,20
202405;1;RS;52058;NUBANK;1743;1814282,47
202405;1;RS;30379;SANTANDER;288;253428,69
202405;1;RS;51011;VOTORANTIM;3;6959,51
202405;1;SC;51750;BANCO SICOOB;7;7690,33
202405;1;SC;30173;BANRISUL;1;538,59
202405;1;SC;49906;BB;211;279394,07
202405;1;SC;30290;BMG;3;956,34
202405;1;SC;10045;BRADESCO;147;236047,57
202405;1;SC;49944;BTG PACTUAL;955;1537214,87
202405;1;SC;52072;C6 BANK;15;14458,13
202405;1;SC;51626;CAIXA ECONÔMICA FEDERAL;679;860469,21
202405;1;SC;78825270;CCLA MAXI ALFA;4;11085,43
202405;1;SC;2090126;CCLA SICOOB VALCREDI SUL;1;403,58
202405;1;SC;51884;INTER;199;264633,25
202405;1;SC;10069;ITAU;176;245418,32
202405;1;SC;52058;NUBANK;1090;1446441,70
202405;1;SC;30379;SANTANDER;140;134915,47
202405;1;SC;51011;VOTORANTIM;4;6761,78
202405;1;SE;49906;BB;95;107900,88
202405;1;SE;10045;BRADESCO;32;30117,17
202405;1;SE;49944;BTG PACTUAL;352;452297,82
202405;1;SE;52072;C6 BANK;3;2513,53
202405;1;SE;51626;CAIXA ECONÔMICA FEDERAL;212;175940,60
202405;1;SE;51884;INTER;64;57168,42
202405;1;SE;10069;ITAU;39;38488,96
202405;1;SE;52058;NUBANK;424;451971,01
202405;1;SE;30379;SANTANDER;29;18718,98
202405;1;SP;51750;BANCO SICOOB;12;15011,60
202405;1;SP;30173;BANRISUL;2;1394,37
202405;1;SP;49906;BB;1389;1673388,81
202405;1;SP;30290;BMG;36;43894,47
202405;1;SP;10045;BRADESCO;1984;2192858,89
202405;1;SP;49944;BTG PACTUAL;8367;11436993,15
202405;1;SP;52072;C6 BANK;106;136244,79
202405;1;SP;51626;CAIXA ECONÔMICA FEDERAL;4823;5063652,37
202405;1;SP;68969625;CECM EMP USAGRO;1;782,17
202405;1;SP;51884;INTER;1717;1814194,86
202405;1;SP;10069;ITAU;3194;3584706,47
202405;1;SP;52058;NUBANK;10291;10790943,14
202405;1;SP;30379;SANTANDER;2077;1598249,79
202405;1;SP;51011;VOTORANTIM;44;51157,76
202405;1;TO;51750;BANCO SICOOB;2;4499,53
202405;1;TO;49906;BB;57;64498,95
202405;1;TO;30290;BMG;1;1998,56
202405;1;TO;10045;BRADESCO;16;19368,76
202405;1;TO;49944;BTG PACTUAL;123;165879,53
202405;1;TO;51626;CAIXA ECONÔMICA FEDERAL;83;80201,10
202405;1;TO;51884;INTER;32;26758,36
202405;1;TO;10069;ITAU;18;12026,14
202405;1;TO;52058;NUBANK;166;160160,60
202405;1;TO;30379;SANTANDER;19;11443,58
202405;2;AL;10045;BRADESCO;1;400,74
202405;2;AL;51011;VOTORANTIM;1;9166,67
202405;2;AM;10045;BRADESCO;4;35369,51
202405;2;AM;51011;VOTORANTIM;1;549,36
202405;2;BA;10045;BRADESCO;5;33698,14
202405;2;BA;52072;C6 BANK;1;209,06
202405;2;BA;51011;VOTORANTIM;1;2265,13
202405;2;CE;10045;BRADESCO;7;13141,09
202405;2;CE;51011;VOTORANTIM;3;13896,11
202405;2;DF;10045;BRADESCO;5;61336,37
202405;2;DF;51011;VOTORANTIM;1;3091,13
202405;2;ES;10045;BRADESCO;3;17930,96
202405;2;ES;51011;VOTORANTIM;1;1551,19
202405;2;GO;10045;BRADESCO;3;8877,49
202405;2;GO;52072;C6 BANK;1;133,12
202405;2;GO;51011;VOTORANTIM;7;33110,44
202405;2;MA;10045;BRADESCO;5;98647,91
202405;2;MA;51011;VOTORANTIM;2;7061,57
202405;2;MG;10045;BRADESCO;17;114269,70
202405;2;MG;10069;ITAU;1;14275,95
202405;2;MG;30379;SANTANDER;2;125,28
202405;2;MG;51011;VOTORANTIM;12;47305,20
202405;2;MS;10045;BRADESCO;1;1,85
202405;2;MS;51011;VOTORANTIM;1;4501,40
202405;2;MT;10045;BRADESCO;4;21568,19
202405;2;MT;51011;VOTORANTIM;3;1840,98
202405;2;PA;10045;BRADESCO;20;162821,04
202405;2;PB;10045;BRADESCO;4;68331,70
202405;2;PB;51011;VOTORANTIM;2;10010,77
202405;2;PE;10045;BRADESCO;16;215584,05
202405;2;PE;52072;C6 BANK;1;199,65
202405;2;PI;10045;BRADESCO;1;29,66
202405;2;PI;52072;C6 BANK;1;208,86
202405;2;PI;51011;VOTORANTIM;1;2378,26
202405;2;PR;10045;BRADESCO;32;417772,19
202405;2;PR;51011;VOTORANTIM;11;56576,64
202405;2;RJ;10045;BRADESCO;54;1114870,71
202405;2;RJ;52072;C6 BANK;7;2333,56
202405;2;RJ;10069;ITAU;2;123,10
202405;2;RJ;30379;SANTANDER;1;13,27
202405;2;RJ;51011;VOTORANTIM;2;4841,31
202405;2;RN;51011;VOTORANTIM;2;13250,88
202405;2;RO;10045;BRADESCO;4;31470,81
202405;2;RR;10045;BRADESCO;1;1599,13
202405;2;RR;51011;VOTORANTIM;1;13688,32
202405;2;RS;10045;BRADESCO;10;95990,26
202405;2;RS;51011;VOTORANTIM;11;23981,92
202405;2;SC;10045;BRADESCO;7;71061,87
202405;2;SC;51011;VOTORANTIM;7;15723,41
202405;2;SP;10045;BRADESCO;111;1425552,73
202405;2;SP;52072;C6 BANK;5;794,28
202405;2;SP;10069;ITAU;3;274,40
202405;2;SP;30379;SANTANDER;7;230,34
202405;2;SP;51011;VOTORANTIM;30;112773,53
202405;2;TO;10045;BRADESCO;1;3886,14
202405;2;TO;51011;VOTORANTIM;1;2200,46
202405;3;AC;10045;BRADESCO;5;889867,65
202405;3;AL;49906;BB;5;104388,64
202405;3;AL;10045;BRADESCO;26;1715339,98
202405;3;AM;49906;BB;2;133399,37
202405;3;AM;10045;BRADESCO;35;2651041,16
202405;3;AP;49906;BB;2;836740,47
202405;3;AP;10045;BRADESCO;4;253163,71
202405;3;BA;49906;BB;25;1168201,28
202405;3;BA;10045;BRADESCO;97;6756029,09
202405;3;CE;49906;BB;22;1097018,94
202405;3;CE;10045;BRADESCO;35;1993328,05
202405;3;DF;49906;BB;13;1390444,74
202405;3;DF;10045;BRADESCO;8;255017,46
202405;3;ES;49906;BB;2;14188,01
202405;3;ES;10045;BRADESCO;15;1170259,52
202405;3;GO;49906;BB;20;1228326,07
202405;3;GO;10045;BRADESCO;39;4283249,28
202405;3;MA;49906;BB;16;1247180,30
202405;3;MA;10045;BRADESCO;36;2596672,90
202405;3;MG;49906;BB;32;2950499,99
202405;3;MG;10045;BRADESCO;106;6481845,00
202405;3;MS;49906;BB;9;482325,86
202405;3;MS;10045;BRADESCO;31;1591419,55
202405;3;MT;49906;BB;7;675806,26
202405;3;MT;10045;BRADESCO;23;1055728,19
202405;3;PA;49906;BB;13;1580347,86
202405;3;PA;10045;BRADESCO;44;3981665,67
202405;3;PB;49906;BB;7;291524,65
202405;3;PB;10045;BRADESCO;22;875865,60
202405;3;PE;49906;BB;13;675515,89
202405;3;PE;10045;BRADESCO;38;2044808,04
202405;3;PI;49906;BB;12;316561,57
202405;3;PI;10045;BRADESCO;15;695608,55
202405;3;PR;49906;BB;29;3406121,70
202405;3;PR;10045;BRADESCO;111;9799377,26
202405;3;RJ;49906;BB;8;301681,88
202405;3;RJ;10045;BRADESCO;124;13053165,39
202405;3;RN;49906;BB;13;733911,40
202405;3;RN;10045;BRADESCO;12;1730044,69
202405;3;RO;49906;BB;5;89434,41
202405;3;RO;10045;BRADESCO;3;100192,88
202405;3;RR;49906;BB;3;56975,53
202405;3;RR;10045;BRADESCO;2;144223,15
202405;3;RS;49906;BB;20;774719,04
202405;3;RS;10045;BRADESCO;66;4000032,69
202405;3;SC;49906;BB;13;779031,03
202405;3;SC;10045;BRADESCO;56;5475881,77
202405;3;SE;49906;BB;2;18235,00
202405;3;SE;10045;BRADESCO;4;60477,94
202405;3;SP;49906;BB;73;3112433,83
202405;3;SP;10045;BRADESCO;568;45150202,70
202405;3;TO;49906;BB;6;126683,05
202405;3;TO;10045;BRADESCO;16;910559,24
202406;1;AC;52058;NUBANK;8;1213,78
202406;1;AC;30379;SANTANDER;4;367,09
202406;1;AL;49906;BB;1;201,00
202406;1;AL;10045;BRADESCO;3;1694,98
202406;1;AL;49944;BTG PACTUAL;8;1478,68
202406;1;AL;52072;C6 BANK;1;200,94
202406;1;AL;51626;CAIXA ECONÔMICA FEDERAL;2;404,22
202406;1;AL;51884;INTER;7;3849,86
202406;1;AL;10069;ITAU;2;208,66
202406;1;AL;52058;NUBANK;16;2654,13
202406;1;AL;30379;SANTANDER;8;499,42
202406;1;AM;49906;BB;1;201,67
202406;1;AM;10045;BRADESCO;44;66730,85
202406;1;AM;49944;BTG PACTUAL;14;2521,34
202406;1;AM;51626;CAIXA ECONÔMICA FEDERAL;2;402,48
202406;1;AM;51884;INTER;21;11710,43
202406;1;AM;10069;ITAU;3;485,87
202406;1;AM;52058;NUBANK;22;3275,23
202406;1;AM;30379;SANTANDER;56;5395,30
202406;1;AP;49944;BTG PACTUAL;1;201,52
202406;1;AP;51884;INTER;2;1917,96
202406;1;AP;52058;NUBANK;9;1326,87
202406;1;AP;30379;SANTANDER;7;269,73
202406;1;BA;49906;BB;6;1038,65
202406;1;BA;10045;BRADESCO;23;18242,20
202406;1;BA;49944;BTG PACTUAL;27;4189,47
202406;1;BA;52072;C6 BANK;1;117,19
202406;1;BA;51626;CAIXA ECONÔMICA FEDERAL;9;1817,68
202406;1;BA;51884;INTER;30;20932,99
202406;1;BA;10069;ITAU;3;434,63
202406;1;BA;52058;NUBANK;71;10847,84
202406;1;BA;30379;SANTANDER;96;8182,20
202406;1;CE;49906;BB;3;267,90
202406;1;CE;30290;BMG;1;200,59
202406;1;CE;10045;BRADESCO;3;1892,92
202406;1;CE;49944;BTG PACTUAL;21;3326,83
202406;1;CE;52072;C6 BANK;1;201,96
202406;1;CE;51626;CAIXA ECONÔMICA FEDERAL;4;704,01
202406;1;CE;51884;INTER;31;19396,07
202406;1;CE;10069;ITAU;5;844,58
202406;1;CE;52058;NUBANK;47;6161,53
202406;1;CE;30379;SANTANDER;86;6404,24
202406;1;DF;49906;BB;1;201,90
202406;1;DF;10045;BRADESCO;7;7258,74
202406;1;DF;49944;BTG PACTUAL;11;1922,84
202406;1;DF;51884;INTER;5;6535,39
202406;1;DF;10069;ITAU;3;509,25
202406;1;DF;52058;NUBANK;17;2126,14
202406;1;DF;30379;SANTANDER;30;2822,68
202406;1;ES;10045;BRADESCO;9;6317,45
202406;1;ES;49944;BTG PACTUAL;6;947,21
202406;1;ES;51884;INTER;5;5147,95
202406;1;ES;10069;ITAU;1;50,58
202406;1;ES;52058;NUBANK;18;2564,84
202406;1;ES;30379;SANTANDER;28;2395,29
202406;1;GO;49906;BB;4;765,69
202406;1;GO;10045;BRADESCO;13;14427,64
202406;1;GO;49944;BTG PACTUAL;8;1320,11
202406;1;GO;51626;CAIXA ECONÔMICA FEDERAL;2;401,24
202406;1;GO;51884;INTER;14;14333,57
202406;1;GO;10069;ITAU;3;400,79
202406;1;GO;52058;NUBANK;27;3788,17
202406;1;GO;30379;SANTANDER;59;5036,42
202406;1;MA;49906;BB;4;712,29
202406;1;MA;10045;BRADESCO;11;2480,14
202406;1;MA;49944;BTG PACTUAL;4;711,03
202406;1;MA;51626;CAIXA ECONÔMICA FEDERAL;3;488,54
202406;1;MA;51884;INTER;7;7635,31
202406;1;MA;10069;ITAU;1;202,02
202406;1;MA;52058;NUBANK;28;3945,59
202406;1;MA;30379;SANTANDER;39;3209,33
202406;1;MG;49906;BB;1;201,81
202406;1;MG;30290;BMG;1;202,87
202406;1;MG;10045;BRADESCO;24;16229,60
202406;1;MG;49944;BTG PACTUAL;36;5801,88
202406;1;MG;52072;C6 BANK;1;203,86
202406;1;MG;51626;CAIXA ECONÔMICA FEDERAL;16;3079,99
202406;1;MG;51884;INTER;70;51341,84
202406;1;MG;10069;ITAU;12;2021,31
202406;1;MG;52058;NUBANK;81;11694,18
202406;1;MG;30379;SANTANDER;170;15936,06
202406;1;MG;51011;VOTORANTIM;1;203,84
202406;1;MS;49906;BB;3;459,94
202406;1;MS;10045;BRADESCO;29;23639,81
202406;1;MS;49944;BTG PACTUAL;6;725,70
202406;1;MS;51626;CAIXA ECONÔMICA FEDERAL;3;603,87
202406;1;MS;51884;INTER;5;4288,85
202406;1;MS;52058;NUBANK;19;2431,30
202406;1;MS;30379;SANTANDER;30;2163,32
202406;1;MT;10045;BRADESCO;14;22701,19
202406;1;MT;49944;BTG PACTUAL;7;970,32
202406;1;MT;51626;CAIXA ECONÔMICA FEDERAL;1;200,33
202406;1;MT;51884;INTER;7;8883,76
202406;1;MT;10069;ITAU;1;107,50
202406;1;MT;52058;NUBANK;14;1790,15
202406;1;MT;30379;SANTANDER;26;1746,50
202406;1;PA;49906;BB;4;532,61
202406;1;PA;30290;BMG;2;403,17
202406;1;PA;10045;BRADESCO;14;6967,01
202406;1;PA;49944;BTG PACTUAL;9;1405,36
202406;1;PA;51626;CAIXA ECONÔMICA FEDERAL;5;1005,87
202406;1;PA;51884;INTER;26;15447,56
202406;1;PA;10069;ITAU;4;669,55
202406;1;PA;52058;NUBANK;51;7398,06
202406;1;PA;30379;SANTANDER;45;3992,71
202406;1;PB;49906;BB;1;202,66
202406;1;PB;30290;BMG;1;200,25
202406;1;PB;10045;BRADESCO;3;5650,30
202406;1;PB;49944;BTG PACTUAL;12;2130,56
202406;1;PB;51626;CAIXA ECONÔMICA FEDERAL;5;940,55
202406;1;PB;51884;INTER;2;794,50
202406;1;PB;10069;ITAU;2;350,26
202406;1;PB;52058;NUBANK;23;2956,30
202406;1;PB;30379;SANTANDER;29;2834,99
202406;1;PE;49906;BB;5;904,37
202406;1;PE;30290;BMG;1;201,91
202406;1;PE;10045;BRADESCO;21;14857,16
202406;1;PE;49944;BTG PACTUAL;18;3044,46
202406;1;PE;51626;CAIXA ECONÔMICA FEDERAL;5;992,07
202406;1;PE;51884;INTER;15;10344,42
202406;1;PE;10069;ITAU;8;1508,62
202406;1;PE;52058;NUBANK;57;8469,83
202406;1;PE;30379;SANTANDER;80;6516,59
202406;1;PI;49906;BB;4;721,45
202406;1;PI;10045;BRADESCO;1;32,76
202406;1;PI;49944;BTG PACTUAL;3;370,50
202406;1;PI;51626;CAIXA ECONÔMICA FEDERAL;2;405,83
202406;1;PI;51884;INTER;11;5519,72
202406;1;PI;10069;ITAU;2;347,18
202406;1;PI;52058;NUBANK;19;2866,57
202406;1;PI;30379;SANTANDER;22;1678,21
202406;1;PR;49906;BB;2;349,71
202406;1;PR;10045;BRADESCO;19;16885,49
202406;1;PR;49944;BTG PACTUAL;22;3366,08
202406;1;PR;52072;C6 BANK;1;114,33
202406;1;PR;51626;CAIXA ECONÔMICA FEDERAL;9;1737,92
202406;1;PR;51884;INTER;11;4325,78
202406;1;PR;10069;ITAU;10;1293,85
202406;1;PR;52058;NUBANK;50;6709,75
202406;1;PR;30379;SANTANDER;74;6391,44
202406;1;RJ;49906;BB;3;542,79
202406;1;RJ;30290;BMG;3;605,37
202406;1;RJ;10045;BRADESCO;53;31936,98
202406;1;RJ;49944;BTG PACTUAL;56;9304,00
202406;1;RJ;52072;C6 BANK;1;199,72
202406;1;RJ;51626;CAIXA ECONÔMICA FEDERAL;21;3789,80
202406;1;RJ;51884;INTER;58;49913,20
202406;1;RJ;10069;ITAU;39;6288,06
202406;1;RJ;52058;NUBANK;131;17749,01
202406;1;RJ;30379;SANTANDER;318;24128,97
202406;1;RN;49906;BB;1;202,55
202406;1;RN;10045;BRADESCO;3;1172,21
202406;1;RN;49944;BTG PACTUAL;8;1286,52
202406;1;RN;51626;CAIXA ECONÔMICA FEDERAL;1;203,82
202406;1;RN;51884;INTER;10;5971,63
202406;1;RN;10069;ITAU;1;201,71
202406;1;RN;52058;NUBANK;31;4733,70
202406;1;RN;30379;SANTANDER;19;1569,07
202406;1;RO;10045;BRADESCO;11;12152,42
202406;1;RO;49944;BTG PACTUAL;4;705,81
202406;1;RO;51626;CAIXA ECONÔMICA FEDERAL;1;200,53
202406;1;RO;51884;INTER;2;2798,52
202406;1;RO;10069;ITAU;1;110,37
202406;1;RO;52058;NUBANK;12;1505,17
202406;1;RO;30379;SANTANDER;22;1817,65
202406;1;RR;49944;BTG PACTUAL;2;310,07
202406;1;RR;51884;INTER;1;821,33
202406;1;RR;52058;NUBANK;3;412,56
202406;1;RR;30379;SANTANDER;6;538,42
202406;1;RS;51750;BANCO SICOOB;1;2,31
202406;1;RS;30173;BANRISUL;1;192,21
202406;1;RS;49906;BB;1;201,11
202406;1;RS;10045;BRADESCO;3;1517,21
202406;1;RS;49944;BTG PACTUAL;17;2547,78
202406;1;RS;52072;C6 BANK;2;358,12
202406;1;RS;51626;CAIXA ECONÔMICA FEDERAL;4;726,21
202406;1;RS;51884;INTER;19;15576,80
202406;1;RS;10069;ITAU;8;880,56
202406;1;RS;52058;NUBANK;66;9563,76
202406;1;RS;30379;SANTANDER;91;7530,43
202406;1;SC;30173;BANRISUL;1;203,97
202406;1;SC;49906;BB;1;104,52
202406;1;SC;30290;BMG;2;350,27
202406;1;SC;10045;BRADESCO;6;2385,57
202406;1;SC;49944;BTG PACTUAL;14;2043,93
202406;1;SC;52072;C6 BANK;1;200,05
202406;1;SC;51626;CAIXA ECONÔMICA FEDERAL;1;200,22
202406;1;SC;51884;INTER;11;10941,22
202406;1;SC;10069;ITAU;4;605,05
202406;1;SC;52058;NUBANK;20;2772,31
202406;1;SC;30379;SANTANDER;46;4379,40
202406;1;SE;49944;BTG PACTUAL;7;1173,70
202406;1;SE;51626;CAIXA ECONÔMICA FEDERAL;1;203,05
202406;1;SE;51884;INTER;1;93,49
202406;1;SE;10069;ITAU;1;202,97
202406;1;SE;52058;NUBANK;13;2060,04
202406;1;SE;30379;SANTANDER;10;1183,21
202406;1;SP;49906;BB;12;1999,38
202406;1;SP;30290;BMG;2;402,85
202406;1;SP;10045;BRADESCO;179;158247,32
202406;1;SP;49944;BTG PACTUAL;104;17006,16
202406;1;SP;52072;C6 BANK;6;1092,57
202406;1;SP;51626;CAIXA ECONÔMICA FEDERAL;27;4884,07
202406;1;SP;51884;INTER;110;71662,99
202406;1;SP;10069;ITAU;66;8988,17
202406;1;SP;52058;NUBANK;240;32847,25
202406;1;SP;30379;SANTANDER;723;63878,42
202406;1;SP;51011;VOTORANTIM;1;200,64
202406;1;TO;30290;BMG;1;54,31
202406;1;TO;10045;BRADESCO;3;308,44
202406;1;TO;49944;BTG PACTUAL;1;57,73
202406;1;TO;51884;INTER;2;3788,16
202406;1;TO;52058;NUBANK;7;1092,54
202406;1;TO;30379;SANTANDER;5;393,76
202406;2;AC;10045;BRADESCO;1;1834,32
202406;2;AL;10045;BRADESCO;3;33892,35
202406;2;AL;51011;VOTORANTIM;3;11451,36
202406;2;AM;10045;BRADESCO;19;184812,61
202406;2;AM;30379;SANTANDER;1;36,51
202406;2;AM;51011;VOTORANTIM;2;13494,19
202406;2;AP;49906;BB;1;197,88
202406;2;AP;10045;BRADESCO;1;390,18
202406;2;BA;10045;BRADESCO;24;224073,09
202406;2;BA;30379;SANTANDER;2;60,80
202406;2;BA;51011;VOTORANTIM;3;5488,32
202406;2;CE;10045;BRADESCO;7;223325,96
202406;2;CE;51011;VOTORANTIM;4;7468,06
202406;2;DF;10045;BRADESCO;9;218930,66
202406;2;ES;10045;BRADESCO;9;51572,99
202406;2;ES;51011;VOTORANTIM;1;8159,28
202406;2;GO;49906;BB;2;5044,70
202406;2;GO;10045;BRADESCO;17;174931,70
202406;2;GO;30379;SANTANDER;3;83,83
202406;2;GO;51011;VOTORANTIM;2;5136,27
202406;2;MA;10045;BRADESCO;5;5998,17
202406;2;MA;51011;VOTORANTIM;1;665,26
202406;2;MG;49906;BB;1;4973,43
202406;2;MG;10045;BRADESCO;23;122396,67
202406;2;MG;52072;C6 BANK;1;200,26
202406;2;MG;51626;CAIXA ECONÔMICA FEDERAL;1;161,72
202406;2;MG;51011;VOTORANTIM;16;54638,58
202406;2;MS;10045;BRADESCO;17;365725,08
202406;2;MS;51011;VOTORANTIM;1;2336,69
202406;2;MT;10045;BRADESCO;8;42957,19
202406;2;MT;51011;VOTORANTIM;1;593,57
202406;2;PA;10045;BRADESCO;11;75329,38
202406;2;PA;51011;VOTORANTIM;1;3662,94
202406;2;PB;10045;BRADESCO;3;21534,65
202406;2;PB;51626;CAIXA ECONÔMICA FEDERAL;1;72,83
202406;2;PB;51011;VOTORANTIM;1;323,93
202406;2;PE;10045;BRADESCO;18;194026,92
202406;2;PE;51011;VOTORANTIM;2;5431,41
202406;2;PI;10045;BRADESCO;3;9015,19
202406;2;PI;51011;VOTORANTIM;2;7135,62
202406;2;PR;10045;BRADESCO;29;371024,14
202406;2;PR;52072;C6 BANK;1;135,12
202406;2;PR;51011;VOTORANTIM;6;18863,64
202406;2;RJ;49906;BB;1;806,94
202406;2;RJ;10045;BRADESCO;46;467316,89
202406;2;RJ;52072;C6 BANK;4;621,12
202406;2;RJ;10069;ITAU;1;108,10
202406;2;RJ;30379;SANTANDER;5;281,86
202406;2;RJ;51011;VOTORANTIM;3;7141,60
202406;2;RN;10045;BRADESCO;1;599,22
202406;2;RN;52072;C6 BANK;1;200,17
202406;2;RN;51011;VOTORANTIM;2;7925,07
202406;2;RO;10045;BRADESCO;1;22518,80
202406;2;RO;52072;C6 BANK;1;203,92
202406;2;RO;51011;VOTORANTIM;1;2554,74
202406;2;RR;49906;BB;1;2282,88
202406;2;RS;49906;BB;2;729,47
202406;2;RS;10045;BRADESCO;8;27735,61
202406;2;RS;51011;VOTORANTIM;5;15238,11
202406;2;SC;10045;BRADESCO;11;117099,53
202406;2;SC;51011;VOTORANTIM;9;54562,80
202406;2;SE;10045;BRADESCO;3;18222,21
202406;2;SP;49906;BB;2;4385,17
202406;2;SP;10045;BRADESCO;112;1070314,80
202406;2;SP;52072;C6 BANK;3;6881,31
202406;2;SP;51626;CAIXA ECONÔMICA FEDERAL;1;132,67
202406;2;SP;10069;ITAU;2;227,88
202406;2;SP;30379;SANTANDER;4;343,25
202406;2;SP;51011;VOTORANTIM;37;96800,82
202406;2;TO;51011;VOTORANTIM;1;2304,56
202406;3;AC;49906;BB;9;501016,60
202406;3;AC;10045;BRADESCO;2;263887,17
202406;3;AC;10069;ITAU;3;37424,43
202406;3;AC;30379;SANTANDER;44;738781,49
202406;3;AL;49906;BB;16;1160097,90
202406;3;AL;10045;BRADESCO;15;1280540,03
202406;3;AL;10069;ITAU;50;643124,49
202406;3;AL;30379;SANTANDER;64;687115,12
202406;3;AM;49906;BB;17;1304759,73
202406;3;AM;10045;BRADESCO;49;4694352,08
202406;3;AM;10069;ITAU;100;1187559,07
202406;3;AM;30379;SANTANDER;97;1824478,12
202406;3;AP;49906;BB;3;65684,55
202406;3;AP;10045;BRADESCO;5;516186,93
202406;3;AP;10069;ITAU;12;263221,18
202406;3;AP;30379;SANTANDER;32;456200,47
202406;3;BA;49906;BB;62;4050866,75
202406;3;BA;10045;BRADESCO;122;7623200,61
202406;3;BA;10069;ITAU;232;1944693,37
202406;3;BA;30379;SANTANDER;446;4866279,84
202406;3;CE;49906;BB;48;2045370,65
202406;3;CE;10045;BRADESCO;58;3999319,78
202406;3;CE;10069;ITAU;136;1262124,56
202406;3;CE;30379;SANTANDER;162;3047131,45
202406;3;DF;49906;BB;19;1991221,86
202406;3;DF;10045;BRADESCO;27;2686578,78
202406;3;DF;10069;ITAU;115;1336927,89
202406;3;DF;30379;SANTANDER;154;2293738,32
202406;3;ES;49906;BB;15;559770,30
202406;3;ES;10045;BRADESCO;34;2808921,67
202406;3;ES;10069;ITAU;52;527168,17
202406;3;ES;30379;SANTANDER;90;902929,04
202406;3;GO;49906;BB;40;3035146,47
202406;3;GO;10045;BRADESCO;85;7196195,18
202406;3;GO;10069;ITAU;340;3272898,18
202406;3;GO;30379;SANTANDER;234;3246769,69
202406;3;MA;49906;BB;58;5428911,40
202406;3;MA;10045;BRADESCO;50;3983178,08
202406;3;MA;10069;ITAU;54;648889,37
202406;3;MA;30379;SANTANDER;99;1886936,45
202406;3;MG;49906;BB;97;10189923,02
202406;3;MG;10045;BRADESCO;158;12330524,11
202406;3;MG;10069;ITAU;456;5748072,30
202406;3;MG;30379;SANTANDER;694;10512952,16
202406;3;MS;49906;BB;33;2586071,53
202406;3;MS;10045;BRADESCO;36;2331824,88
202406;3;MS;10069;ITAU;58;1671345,06
202406;3;MS;30379;SANTANDER;121;2114125,96
202406;3;MT;49906;BB;47;2940689,18
202406;3;MT;10045;BRADESCO;41;4075946,01
202406;3;MT;10069;ITAU;81;1258938,00
202406;3;MT;30379;SANTANDER;136;1997110,99
202406;3;PA;49906;BB;54;4871100,98
202406;3;PA;10045;BRADESCO;59;4392010,50
202406;3;PA;10069;ITAU;123;1205779,52
202406;3;PA;30379;SANTANDER;136;4089984,19
202406;3;PB;49906;BB;20;1094920,73
202406;3;PB;10045;BRADESCO;27;1129653,70
202406;3;PB;10069;ITAU;23;200179,63
202406;3;PB;30379;SANTANDER;75;1518344,67
202406;3;PE;49906;BB;27;3604687,51
202406;3;PE;10045;BRADESCO;68;4892441,15
202406;3;PE;10069;ITAU;178;1958785,69
202406;3;PE;30379;SANTANDER;325;4749577,15
202406;3;PI;49906;BB;22;1417681,21
202406;3;PI;10045;BRADESCO;20;1667054,73
202406;3;PI;10069;ITAU;38;451392,52
202406;3;PI;30379;SANTANDER;64;618840,21
202406;3;PR;49906;BB;61;6168510,27
202406;3;PR;10045;BRADESCO;156;12149633,81
202406;3;PR;10069;ITAU;468;5497689,17
202406;3;PR;30379;SANTANDER;592;12744517,98
202406;3;RJ;49906;BB;53;4182139,19
202406;3;RJ;10045;BRADESCO;179;15229345,18
202406;3;RJ;10069;ITAU;905;9135660,85
202406;3;RJ;30379;SANTANDER;870;12269204,30
202406;3;RN;49906;BB;40;2106660,78
202406;3;RN;10045;BRADESCO;13;1739140,47
202406;3;RN;10069;ITAU;62;699395,48
202406;3;RN;30379;SANTANDER;51;788787,67
202406;3;RO;49906;BB;10;625492,55
202406;3;RO;10045;BRADESCO;18;618687,08
202406;3;RO;10069;ITAU;31;595963,95
202406;3;RO;30379;SANTANDER;28;376120,92
202406;3;RR;49906;BB;5;1069028,97
202406;3;RR;10045;BRADESCO;3;512856,18
202406;3;RR;10069;ITAU;23;110614,23
202406;3;RR;30379;SANTANDER;12;169250,92
202406;3;RS;49906;BB;34;1343123,09
202406;3;RS;10045;BRADESCO;137;15872204,64
202406;3;RS;10069;ITAU;92;772935,76
202406;3;RS;30379;SANTANDER;378;7952283,60
202406;3;SC;49906;BB;53;2725062,65
202406;3;SC;10045;BRADESCO;79;9820514,25
202406;3;SC;10069;ITAU;130;2139400,00
202406;3;SC;30379;SANTANDER;249;4297397,43
202406;3;SE;49906;BB;20;1170573,96
202406;3;SE;10045;BRADESCO;9;203755,41
202406;3;SE;10069;ITAU;11;178295,31
202406;3;SE;30379;SANTANDER;37;310153,95
202406;3;SP;49906;BB;217;18084695,46
202406;3;SP;10045;BRADESCO;837;69724342,25
202406;3;SP;10069;ITAU;2494;35426831,51
202406;3;SP;30379;SANTANDER;3177;47606904,71
202406;3;TO;49906;BB;19;1065926,19
202406;3;TO;10045;BRADESCO;23;3933454,72
202406;3;TO;10069;ITAU;26;360340,44
202406;3;TO;30379;SANTANDER;31;416832,83
202407;1;AC;49906;BB;1;203,42
202407;1;AC;31976;BRB;4;2345,99
202407;1;AC;49944;BTG PACTUAL;2;264,86
202407;1;AC;52058;NUBANK;8;1037,15
202407;1;AC;30379;SANTANDER;6;568,86
202407;1;AL;49906;BB;2;319,34
202407;1;AL;10045;BRADESCO;5;2567,47
202407;1;AL;31976;BRB;19;27176,01
202407;1;AL;49944;BTG PACTUAL;4;660,98
202407;1;AL;51626;CAIXA ECONÔMICA FEDERAL;2;359,61
202407;1;AL;51884;INTER;1;91,86
202407;1;AL;10069;ITAU;1;59,62
202407;1;AL;52058;NUBANK;8;640,89
202407;1;AL;30379;SANTANDER;16;842,33
202407;1;AM;49906;BB;2;403,59
202407;1;AM;10045;BRADESCO;22;18544,12
202407;1;AM;31976;BRB;25;28335,28
202407;1;AM;49944;BTG PACTUAL;17;2484,25
202407;1;AM;51626;CAIXA ECONÔMICA FEDERAL;3;598,35
202407;1;AM;51884;INTER;2;356,05
202407;1;AM;10069;ITAU;13;737,24
202407;1;AM;52058;NUBANK;45;4598,25
202407;1;AM;30379;SANTANDER;32;3471,63
202407;1;AP;10045;BRADESCO;7;3216,97
202407;1;AP;31976;BRB;4;6410,75
202407;1;AP;49944;BTG PACTUAL;2;285,19
202407;1;AP;51884;INTER;1;200,80
202407;1;AP;10069;ITAU;1;201,54
202407;1;AP;52058;NUBANK;5;713,01
202407;1;AP;30379;SANTANDER;5;404,09
202407;1;BA;49906;BB;6;658,78
202407;1;BA;30290;BMG;1;203,20
202407;1;BA;10045;BRADESCO;25;22693,55
202407;1;BA;31976;BRB;72;94699,74
202407;1;BA;49944;BTG PACTUAL;28;4015,48
202407;1;BA;51626;CAIXA ECONÔMICA FEDERAL;6;968,55
202407;1;BA;51884;INTER;3;451,67
202407;1;BA;10069;ITAU;18;1128,07
202407;1;BA;52058;NUBANK;73;7728,93
202407;1;BA;30379;SANTANDER;92;6615,90
202407;1;CE;49906;BB;5;948,15
202407;1;CE;10045;BRADESCO;8;3980,78
202407;1;CE;31976;BRB;32;37425,91
202407;1;CE;49944;BTG PACTUAL;16;2327,61
202407;1;CE;51626;CAIXA ECONÔMICA FEDERAL;8;1367,91
202407;1;CE;51884;INTER;3;458,93
202407;1;CE;10069;ITAU;5;288,80
202407;1;CE;52058;NUBANK;55;6361,82
202407;1;CE;30379;SANTANDER;74;4941,46
202407;1;DF;49906;BB;4;717,12
202407;1;DF;10045;BRADESCO;8;5742,96
202407;1;DF;31976;BRB;573;742849,90
202407;1;DF;49944;BTG PACTUAL;10;1669,83
202407;1;DF;51884;INTER;1;157,14
202407;1;DF;10069;ITAU;10;554,45
202407;1;DF;52058;NUBANK;21;1744,79
202407;1;DF;30379;SANTANDER;26;2822,20
202407;1;ES;10045;BRADESCO;13;15211,72
202407;1;ES;31976;BRB;12;22936,92
202407;1;ES;49944;BTG PACTUAL;11;1667,90
202407;1;ES;51626;CAIXA ECONÔMICA FEDERAL;5;917,32
202407;1;ES;51884;INTER;2;293,64
202407;1;ES;10069;ITAU;5;398,34
202407;1;ES;52058;NUBANK;7;828,61
202407;1;ES;30379;SANTANDER;14;1943,89
202407;1;GO;51750;BANCO SICOOB;1;333,37
202407;1;GO;49906;BB;1;417,93
202407;1;GO;30290;BMG;2;376,52
202407;1;GO;10045;BRADESCO;9;4306,20
202407;1;GO;31976;BRB;138;212014,76
202407;1;GO;49944;BTG PACTUAL;6;975,08
202407;1;GO;51626;CAIXA ECONÔMICA FEDERAL;1;200,49
202407;1;GO;51884;INTER;5;779,30
202407;1;GO;10069;ITAU;8;957,89
202407;1;GO;52058;NUBANK;32;4192,76
202407;1;GO;30379;SANTANDER;48;4523,88
202407;1;MA;49906;BB;7;1084,91
202407;1;MA;10045;BRADESCO;10;8067,10
202407;1;MA;31976;BRB;17;17765,40
202407;1;MA;49944;BTG PACTUAL;8;1103,25
202407;1;MA;51626;CAIXA ECONÔMICA FEDERAL;3;602,68
202407;1;MA;51884;INTER;3;328,06
202407;1;MA;10069;ITAU;7;614,08
202407;1;MA;52058;NUBANK;23;2463,91
202407;1;MA;30379;SANTANDER;25;2112,27
202407;1;MG;51750;BANCO SICOOB;6;1575,54
202407;1;MG;49906;BB;3;405,17
202407;1;MG;30290;BMG;1;202,83
202407;1;MG;10045;BRADESCO;22;20325,38
202407;1;MG;31976;BRB;62;79149,21
202407;1;MG;49944;BTG PACTUAL;22;2924,70
202407;1;MG;52072;C6 BANK;1;60,68
202407;1;MG;51626;CAIXA ECONÔMICA FEDERAL;10;1951,91
202407;1;MG;51884;INTER;14;1928,50
202407;1;MG;10069;ITAU;31;2550,11
202407;1;MG;52058;NUBANK;82;8810,13
202407;1;MG;30379;SANTANDER;129;11499,58
202407;1;MS;49906;BB;1;116,03
202407;1;MS;10045;BRADESCO;3;1738,51
202407;1;MS;31976;BRB;6;11841,41
202407;1;MS;49944;BTG PACTUAL;11;1490,66
202407;1;MS;51626;CAIXA ECONÔMICA FEDERAL;1;202,39
202407;1;MS;51884;INTER;1;160,94
202407;1;MS;10069;ITAU;4;515,64
202407;1;MS;52058;NUBANK;26;2634,22
202407;1;MS;30379;SANTANDER;20;796,46
202407;1;MS;51011;VOTORANTIM;1;201,80
202407;1;MT;49906;BB;1;18,75
202407;1;MT;10045;BRADESCO;11;17204,25
202407;1;MT;31976;BRB;25;33001,86
202407;1;MT;49944;BTG PACTUAL;4;576,83
202407;1;MT;51626;CAIXA ECONÔMICA FEDERAL;2;402,01
202407;1;MT;51884;INTER;1;206,68
202407;1;MT;10069;ITAU;3;327,05
202407;1;MT;52058;NUBANK;15;1139,09
202407;1;MT;30379;SANTANDER;28;3129,60
202407;1;MT;3632872;SICOOB CREDISUL;1;262,89
202407;1;PA;49906;BB;5;802,85
202407;1;PA;10045;BRADESCO;8;3019,61
202407;1;PA;31976;BRB;16;26741,57
202407;1;PA;49944;BTG PACTUAL;30;4474,56
202407;1;PA;51626;CAIXA ECONÔMICA FEDERAL;2;400,70
202407;1;PA;51884;INTER;4;663,90
202407;1;PA;10069;ITAU;9;1099,52
202407;1;PA;52058;NUBANK;40;3436,79
202407;1;PA;30379;SANTANDER;33;3058,56
202407;1;PB;10045;BRADESCO;1;92,52
202407;1;PB;31976;BRB;87;98055,86
202407;1;PB;49944;BTG PACTUAL;8;1365,06
202407;1;PB;51626;CAIXA ECONÔMICA FEDERAL;4;800,45
202407;1;PB;10069;ITAU;1;98,53
202407;1;PB;52058;NUBANK;23;2532,57
202407;1;PB;30379;SANTANDER;21;1397,62
202407;1;PE;49906;BB;4;809,12
202407;1;PE;10045;BRADESCO;22;16590,03
202407;1;PE;31976;BRB;23;25248,52
202407;1;PE;49944;BTG PACTUAL;11;1929,80
202407;1;PE;52072;C6 BANK;1;157,09
202407;1;PE;51626;CAIXA ECONÔMICA FEDERAL;8;1563,60
202407;1;PE;51884;INTER;10;1413,48
202407;1;PE;10069;ITAU;17;2268,69
202407;1;PE;52058;NUBANK;48;5842,79
202407;1;PE;30379;SANTANDER;49;4042,09
202407;1;PI;51750;BANCO SICOOB;1;669,62
202407;1;PI;49906;BB;2;255,71
202407;1;PI;10045;BRADESCO;5;6430,01
202407;1;PI;31976;BRB;22;40947,49
202407;1;PI;49944;BTG PACTUAL;6;681,06
202407;1;PI;51626;CAIXA ECONÔMICA FEDERAL;1;200,94
202407;1;PI;51884;INTER;3;602,33
202407;1;PI;10069;ITAU;2;107,11
202407;1;PI;52058;NUBANK;23;2655,98
202407;1;PI;30379;SANTANDER;20;1555,56
202407;1;PR;10045;BRADESCO;12;7297,04
202407;1;PR;31976;BRB;21;29417,85
202407;1;PR;49944;BTG PACTUAL;31;4601,20
202407;1;PR;52072;C6 BANK;1;167,04
202407;1;PR;51626;CAIXA ECONÔMICA FEDERAL;12;2154,98
202407;1;PR;51884;INTER;3;369,44
202407;1;PR;10069;ITAU;27;2343,67
202407;1;PR;52058;NUBANK;37;3532,24
202407;1;PR;30379;SANTANDER;64;6302,57
202407;1;RJ;49906;BB;3;459,87
202407;1;RJ;30290;BMG;3;607,19
202407;1;RJ;10045;BRADESCO;125;93302,74
202407;1;RJ;31976;BRB;192;202747,75
202407;1;RJ;49944;BTG PACTUAL;40;6026,72
202407;1;RJ;52072;C6 BANK;1;204,45
202407;1;RJ;51626;CAIXA ECONÔMICA FEDERAL;12;2020,76
202407;1;RJ;51884;INTER;18;2687,84
202407;1;RJ;10069;ITAU;42;3529,55
202407;1;RJ;52058;NUBANK;116;12579,66
202407;1;RJ;30379;SANTANDER;255;19174,33
202407;1;RN;49906;BB;1;201,85
202407;1;RN;10045;BRADESCO;1;202,56
202407;1;RN;31976;BRB;19;20083,96
202407;1;RN;49944;BTG PACTUAL;9;1311,65
202407;1;RN;51626;CAIXA ECONÔMICA FEDERAL;1;201,41
202407;1;RN;51884;INTER;1;127,14
202407;1;RN;10069;ITAU;2;323,19
202407;1;RN;52058;NUBANK;19;2108,37
202407;1;RN;30379;SANTANDER;19;1310,86
202407;1;RO;10045;BRADESCO;3;3156,53
202407;1;RO;31976;BRB;5;10956,48
202407;1;RO;49944;BTG PACTUAL;3;495,45
202407;1;RO;52072;C6 BANK;1;201,44
202407;1;RO;51626;CAIXA ECONÔMICA FEDERAL;1;200,89
202407;1;RO;2015588;CCLA DO CENTRO SUL RONDONIENSE;1;43,56
202407;1;RO;10069;ITAU;2;271,66
202407;1;RO;52058;NUBANK;5;606,44
202407;1;RO;30379;SANTANDER;14;1495,99
202407;1;RR;49944;BTG PACTUAL;1;149,54
202407;1;RR;51884;INTER;2;397,54
202407;1;RR;10069;ITAU;2;236,53
202407;1;RR;52058;NUBANK;2;309,60
202407;1;RR;30379;SANTANDER;3;340,89
202407;1;RS;49906;BB;3;608,25
202407;1;RS;30290;BMG;1;200,45
202407;1;RS;10045;BRADESCO;4;7515,22
202407;1;RS;31976;BRB;19;32275,49
202407;1;RS;49944;BTG PACTUAL;31;4467,33
202407;1;RS;52072;C6 BANK;2;315,69
202407;1;RS;51626;CAIXA ECONÔMICA FEDERAL;4;783,99
202407;1;RS;51884;INTER;5;659,34
202407;1;RS;10069;ITAU;11;924,60
202407;1;RS;52058;NUBANK;45;4856,45
202407;1;RS;30379;SANTANDER;82;5357,36
202407;1;SC;49906;BB;2;174,22
202407;1;SC;10045;BRADESCO;3;3566,32
202407;1;SC;31976;BRB;11;11330,45
202407;1;SC;49944;BTG PACTUAL;11;1750,85
202407;1;SC;51626;CAIXA ECONÔMICA FEDERAL;2;402,33
202407;1;SC;51884;INTER;4;465,62
202407;1;SC;10069;ITAU;8;571,24
202407;1;SC;52058;NUBANK;19;2257,89
202407;1;SC;30379;SANTANDER;42;3216,01
202407;1;SE;31976;BRB;7;4719,17
202407;1;SE;49944;BTG PACTUAL;7;917,89
202407;1;SE;52072;C6 BANK;1;182,55
202407;1;SE;51626;CAIXA ECONÔMICA FEDERAL;1;201,02
202407;1;SE;51884;INTER;3;412,93
202407;1;SE;10069;ITAU;2;2,00
202407;1;SE;52058;NUBANK;12;1192,50
202407;1;SE;30379;SANTANDER;10;676,67
202407;1;SP;51750;BANCO SICOOB;1;466,54
202407;1;SP;49906;BB;15;1903,96
202407;1;SP;30290;BMG;5;911,13
202407;1;SP;10045;BRADESCO;112;83070,37
202407;1;SP;31976;BRB;133;180813,50
202407;1;SP;49944;BTG PACTUAL;131;18786,58
202407;1;SP;52072;C6 BANK;5;806,91
202407;1;SP;51626;CAIXA ECONÔMICA FEDERAL;16;3148,50
202407;1;SP;51884;INTER;24;3249,86
202407;1;SP;10069;ITAU;106;7598,34
202407;1;SP;52058;NUBANK;242;26062,08
202407;1;SP;30379;SANTANDER;524;43734,77
202407;1;TO;49906;BB;4;855,20
202407;1;TO;31976;BRB;6;6178,95
202407;1;TO;49944;BTG PACTUAL;2;161,94
202407;1;TO;51884;INTER;1;201,69
202407;1;TO;10069;ITAU;1;203,92
202407;1;TO;52058;NUBANK;4;299,74
202407;1;TO;30379;SANTANDER;6;306,41
202407;2;AC;49906;BB;12;252424,87
202407;2;AL;49906;BB;31;274279,58
202407;2;AM;49906;BB;35;477238,35
202407;2;AM;10045;BRADESCO;15;104089,43
202407;2;AM;51011;VOTORANTIM;1;2283,22
202407;2;AP;49906;BB;17;332914,20
202407;2;BA;49906;BB;123;1371431,46
202407;2;BA;10045;BRADESCO;9;42509,07
202407;2;BA;52072;C6 BANK;1;142,72
202407;2;BA;30379;SANTANDER;1;0,05
202407;2;BA;51011;VOTORANTIM;2;2609,19
202407;2;CE;49906;BB;118;1217363,57
202407;2;CE;10045;BRADESCO;5;32082,00
202407;2;CE;52072;C6 BANK;1;210,43
202407;2;CE;51011;VOTORANTIM;2;4138,98
202407;2;DF;49906;BB;32;452502,81
202407;2;DF;10045;BRADESCO;5;81461,01
202407;2;ES;49906;BB;22;276355,03
202407;2;ES;10045;BRADESCO;9;79458,91
202407;2;ES;30379;SANTANDER;1;160,99
202407;2;ES;51011;VOTORANTIM;1;1144,87
202407;2;GO;49906;BB;93;930849,32
202407;2;GO;10045;BRADESCO;8;337896,27
202407;2;GO;51011;VOTORANTIM;2;8499,80
202407;2;MA;49906;BB;84;1324494,88
202407;2;MA;10045;BRADESCO;5;44521,35
202407;2;MA;51011;VOTORANTIM;5;20508,26
202407;2;MG;49906;BB;147;2428038,08
202407;2;MG;10045;BRADESCO;18;102165,64
202407;2;MG;51626;CAIXA ECONÔMICA FEDERAL;1;202,09
202407;2;MG;51011;VOTORANTIM;12;43370,77
202407;2;MS;49906;BB;62;1111363,01
202407;2;MS;10045;BRADESCO;3;12688,75
202407;2;MS;51011;VOTORANTIM;3;4135,67
202407;2;MT;49906;BB;53;586243,48
202407;2;MT;10045;BRADESCO;4;55542,41
202407;2;MT;51011;VOTORANTIM;3;6354,95
202407;2;PA;49906;BB;81;1067970,67
202407;2;PA;10045;BRADESCO;2;62406,18
202407;2;PA;51011;VOTORANTIM;3;15309,54
202407;2;PB;49906;BB;60;674661,68
202407;2;PB;10045;BRADESCO;1;10617,66
202407;2;PE;49906;BB;53;873289,21
202407;2;PE;10045;BRADESCO;10;52521,36
202407;2;PE;51011;VOTORANTIM;2;7628,63
202407;2;PI;49906;BB;63;725139,77
202407;2;PI;10045;BRADESCO;3;26336,67
202407;2;PR;49906;BB;54;598845,79
202407;2;PR;10045;BRADESCO;14;100379,15
202407;2;PR;10069;ITAU;3;79,62
202407;2;PR;51011;VOTORANTIM;10;43261,62
202407;2;RJ;49906;BB;76;1239077,28
202407;2;RJ;10045;BRADESCO;52;635257,60
202407;2;RJ;30379;SANTANDER;4;280,76
202407;2;RJ;51011;VOTORANTIM;11;27787,76
202407;2;RN;49906;BB;73;814011,49
202407;2;RN;51011;VOTORANTIM;1;1182,71
202407;2;RO;49906;BB;16;225739,36
202407;2;RO;10045;BRADESCO;3;14739,48
202407;2;RO;51011;VOTORANTIM;2;9514,00
202407;2;RR;49906;BB;11;224777,06
202407;2;RS;49906;BB;70;863875,74
202407;2;RS;10045;BRADESCO;7;87160,32
202407;2;RS;52072;C6 BANK;1;111,56
202407;2;RS;30379;SANTANDER;2;127,23
202407;2;RS;51011;VOTORANTIM;12;27809,04
202407;2;SC;49906;BB;67;1016801,92
202407;2;SC;10045;BRADESCO;8;113269,13
202407;2;SC;52072;C6 BANK;1;207,08
202407;2;SC;51011;VOTORANTIM;8;13543,41
202407;2;SE;49906;BB;15;310797,39
202407;2;SE;10045;BRADESCO;2;58218,28
202407;2;SE;51011;VOTORANTIM;1;1945,93
202407;2;SP;49906;BB;285;4737411,55
202407;2;SP;10045;BRADESCO;80;572284,93
202407;2;SP;49944;BTG PACTUAL;1;2289,44
202407;2;SP;52072;C6 BANK;3;499,27
202407;2;SP;10069;ITAU;2;5125,03
202407;2;SP;30379;SANTANDER;2;54,89
202407;2;SP;51011;VOTORANTIM;44;144900,36
202407;2;TO;49906;BB;23;376378,38
202407;2;TO;10045;BRADESCO;1;2081,94
202407;2;TO;51011;VOTORANTIM;1;2587,90
202407;3;AC;49906;BB;9;683297,25
202407;3;AC;51626;CAIXA ECONÔMICA FEDERAL;7;612510,41
202407;3;AC;10069;ITAU;2;3994,69
202407;3;AC;30379;SANTANDER;12;84780,74
202407;3;AL;49906;BB;7;219816,66
202407;3;AL;51626;CAIXA ECONÔMICA FEDERAL;27;2404869,61
202407;3;AL;10069;ITAU;18;132330,84
202407;3;AL;30379;SANTANDER;42;304262,03
202407;3;AM;49906;BB;9;766018,26
202407;3;AM;51626;CAIXA ECONÔMICA FEDERAL;17;1626766,89
202407;3;AM;10069;ITAU;46;668610,85
202407;3;AM;30379;SANTANDER;49;692906,39
202407;3;AP;49906;BB;3;111126,00
202407;3;AP;51626;CAIXA ECONÔMICA FEDERAL;11;1118972,67
202407;3;AP;10069;ITAU;3;17915,87
202407;3;AP;30379;SANTANDER;30;269922,12
202407;3;BA;49906;BB;27;1387379,20
202407;3;BA;51626;CAIXA ECONÔMICA FEDERAL;98;6582751,19
202407;3;BA;10069;ITAU;172;2255253,60
202407;3;BA;30379;SANTANDER;323;3347554,58
202407;3;CE;49906;BB;26;1403395,38
202407;3;CE;7237373;BCO DO NORDESTE DO BRASIL S.A.;1;24297,94
202407;3;CE;10045;BRADESCO;1;2211,16
202407;3;CE;51626;CAIXA ECONÔMICA FEDERAL;70;5698941,33
202407;3;CE;10069;ITAU;60;821304,63
202407;3;CE;30379;SANTANDER;115;1333718,77
202407;3;DF;49906;BB;10;236302,19
202407;3;DF;51626;CAIXA ECONÔMICA FEDERAL;33;2999888,23
202407;3;DF;10069;ITAU;80;1104174,44
202407;3;DF;30379;SANTANDER;99;1789310,49
202407;3;ES;49906;BB;3;57517,86
202407;3;ES;51626;CAIXA ECONÔMICA FEDERAL;28;1410782,38
202407;3;ES;10069;ITAU;40;506363,59
202407;3;ES;30379;SANTANDER;54;354892,93
202407;3;GO;49906;BB;16;2228820,39
202407;3;GO;51626;CAIXA ECONÔMICA FEDERAL;63;3715230,79
202407;3;GO;10069;ITAU;89;731274,19
202407;3;GO;30379;SANTANDER;145;1806620,82
202407;3;MA;49906;BB;27;1123063,89
202407;3;MA;51626;CAIXA ECONÔMICA FEDERAL;14;848485,41
202407;3;MA;10069;ITAU;22;220466,83
202407;3;MA;30379;SANTANDER;64;1050772,18
202407;3;MG;49906;BB;34;2922353,63
202407;3;MG;10045;BRADESCO;1;3706,59
202407;3;MG;51626;CAIXA ECONÔMICA FEDERAL;117;6768433,83
202407;3;MG;10069;ITAU;181;1909536,85
202407;3;MG;30379;SANTANDER;381;4271915,13
202407;3;MS;49906;BB;18;696485,14
202407;3;MS;51626;CAIXA ECONÔMICA FEDERAL;17;1694828,60
202407;3;MS;10069;ITAU;26;361689,49
202407;3;MS;30379;SANTANDER;59;756639,64
202407;3;MT;49906;BB;16;835014,93
202407;3;MT;51626;CAIXA ECONÔMICA FEDERAL;32;2101478,72
202407;3;MT;10069;ITAU;55;446074,57
202407;3;MT;30379;SANTANDER;91;1297247,11
202407;3;PA;49906;BB;21;1198140,57
202407;3;PA;51626;CAIXA ECONÔMICA FEDERAL;22;1190451,73
202407;3;PA;10069;ITAU;42;434891,40
202407;3;PA;30379;SANTANDER;65;531719,48
202407;3;PB;49906;BB;14;865044,34
202407;3;PB;10045;BRADESCO;1;1572,79
202407;3;PB;51626;CAIXA ECONÔMICA FEDERAL;30;2389288,23
202407;3;PB;10069;ITAU;24;177605,00
202407;3;PB;30379;SANTANDER;47;341317,97
202407;3;PE;49906;BB;19;1885012,30
202407;3;PE;51626;CAIXA ECONÔMICA FEDERAL;55;4346533,18
202407;3;PE;10069;ITAU;71;580873,16
202407;3;PE;30379;SANTANDER;226;3544819,50
202407;3;PI;49906;BB;13;672636,69
202407;3;PI;10045;BRADESCO;1;6833,58
202407;3;PI;51626;CAIXA ECONÔMICA FEDERAL;12;832557,41
202407;3;PI;10069;ITAU;11;245042,02
202407;3;PI;30379;SANTANDER;33;819239,52
202407;3;PR;49906;BB;28;911706,93
202407;3;PR;51626;CAIXA ECONÔMICA FEDERAL;114;7302107,36
202407;3;PR;10069;ITAU;242;2741773,36
202407;3;PR;30379;SANTANDER;292;4546785,86
202407;3;RJ;49906;BB;15;1955166,12
202407;3;RJ;10045;BRADESCO;1;3353,44
202407;3;RJ;51626;CAIXA ECONÔMICA FEDERAL;130;11596946,81
202407;3;RJ;10069;ITAU;358;4436029,52
202407;3;RJ;30379;SANTANDER;550;7276251,04
202407;3;RN;49906;BB;10;356877,04
202407;3;RN;51626;CAIXA ECONÔMICA FEDERAL;17;1158011,77
202407;3;RN;10069;ITAU;18;138851,80
202407;3;RN;30379;SANTANDER;52;722709,16
202407;3;RO;49906;BB;3;228573,46
202407;3;RO;51626;CAIXA ECONÔMICA FEDERAL;15;935409,91
202407;3;RO;10069;ITAU;8;134279,73
202407;3;RO;30379;SANTANDER;21;288025,51
202407;3;RR;49906;BB;3;68424,01
202407;3;RR;51626;CAIXA ECONÔMICA FEDERAL;2;82954,20
202407;3;RR;10069;ITAU;6;25634,93
202407;3;RR;30379;SANTANDER;7;46887,70
202407;3;RS;49906;BB;13;1343388,49
202407;3;RS;10045;BRADESCO;1;25759,98
202407;3;RS;51626;CAIXA ECONÔMICA FEDERAL;86;4390484,61
202407;3;RS;10069;ITAU;107;1313265,74
202407;3;RS;30379;SANTANDER;283;4682753,87
202407;3;SC;49906;BB;24;1438905,00
202407;3;SC;51626;CAIXA ECONÔMICA FEDERAL;73;4794967,79
202407;3;SC;10069;ITAU;62;676212,60
202407;3;SC;30379;SANTANDER;157;2545105,19
202407;3;SE;49906;BB;4;18996,48
202407;3;SE;51626;CAIXA ECONÔMICA FEDERAL;13;1384038,57
202407;3;SE;10069;ITAU;1;5359,23
202407;3;SE;30379;SANTANDER;23;324850,53
202407;3;SP;49906;BB;75;3302938,90
202407;3;SP;10045;BRADESCO;6;358914,42
202407;3;SP;51626;CAIXA ECONÔMICA FEDERAL;291;20777710,58
202407;3;SP;10069;ITAU;1114;14473510,65
202407;3;SP;30379;SANTANDER;2004;27676760,53
202407;3;TO;49906;BB;4;122801,82
202407;3;TO;51626;CAIXA ECONÔMICA FEDERAL;6;206195,29
202407;3;TO;10069;ITAU;18;139317,87
202407;3;TO;30379;SANTANDER;20;187326,19
202408;1;AC;49906;BB;2;349,62
202408;1;AC;10045;BRADESCO;1;0,27
202408;1;AC;49944;BTG PACTUAL;1;189,52
202408;1;AC;52058;NUBANK;2;245,05
202408;1;AC;30379;SANTANDER;4;5131,64
202408;1;AL;30290;BMG;1;200,96
202408;1;AL;10045;BRADESCO;5;1735,91
202408;1;AL;49944;BTG PACTUAL;6;946,12
202408;1;AL;10069;ITAU;4;191,87
202408;1;AL;52058;NUBANK;14;1646,19
202408;1;AL;30379;SANTANDER;20;21523,50
202408;1;AM;10045;BRADESCO;33;27158,38
202408;1;AM;49944;BTG PACTUAL;6;894,93
202408;1;AM;51626;CAIXA ECONÔMICA FEDERAL;1;200,06
202408;1;AM;51884;INTER;2;400,92
202408;1;AM;10069;ITAU;18;2509,28
202408;1;AM;52058;NUBANK;38;3629,49
202408;1;AM;30379;SANTANDER;51;59154,58
202408;1;AP;49944;BTG PACTUAL;4;618,97
202408;1;AP;51884;INTER;1;68,94
202408;1;AP;52058;NUBANK;5;498,69
202408;1;AP;30379;SANTANDER;7;7092,88
202408;1;BA;49906;BB;6;941,31
202408;1;BA;10045;BRADESCO;3;865,83
202408;1;BA;49944;BTG PACTUAL;18;2482,69
202408;1;BA;51626;CAIXA ECONÔMICA FEDERAL;3;550,44
202408;1;BA;4174720;CC SICOOB COOPEMAR;1;52,18
202408;1;BA;51884;INTER;7;1094,54
202408;1;BA;10069;ITAU;41;3390,60
202408;1;BA;52058;NUBANK;66;6410,04
202408;1;BA;30379;SANTANDER;107;111565,48
202408;1;BA;73398646;SOC CC SICOOB COOPERE;1;160,28
202408;1;CE;51750;BANCO SICOOB;1;213,60
202408;1;CE;49906;BB;3;603,47
202408;1;CE;10045;BRADESCO;6;1451,47
202408;1;CE;49944;BTG PACTUAL;16;2386,98
202408;1;CE;51626;CAIXA ECONÔMICA FEDERAL;1;53,79
202408;1;CE;51884;INTER;7;1137,19
202408;1;CE;10069;ITAU;16;1252,08
202408;1;CE;52058;NUBANK;53;4921,43
202408;1;CE;30379;SANTANDER;98;115651,95
202408;1;DF;51750;BANCO SICOOB;2;229,51
202408;1;DF;30290;BMG;1;200,31
202408;1;DF;10045;BRADESCO;16;14151,44
202408;1;DF;49944;BTG PACTUAL;7;1237,20
202408;1;DF;51626;CAIXA ECONÔMICA FEDERAL;2;1188,52
202408;1;DF;51884;INTER;2;211,98
202408;1;DF;10069;ITAU;12;1256,15
202408;1;DF;52058;NUBANK;31;3079,07
202408;1;DF;30379;SANTANDER;35;35344,54
202408;1;ES;49944;BTG PACTUAL;10;1563,50
202408;1;ES;10069;ITAU;9;661,64
202408;1;ES;52058;NUBANK;18;1079,39
202408;1;ES;30379;SANTANDER;33;38345,88
202408;1;GO;49906;BB;1;202,01
202408;1;GO;10045;BRADESCO;19;23338,67
202408;1;GO;49944;BTG PACTUAL;13;2157,84
202408;1;GO;52072;C6 BANK;1;205,85
202408;1;GO;51626;CAIXA ECONÔMICA FEDERAL;1;201,91
202408;1;GO;51884;INTER;4;741,13
202408;1;GO;10069;ITAU;27;2462,52
202408;1;GO;52058;NUBANK;33;3126,45
202408;1;GO;30379;SANTANDER;46;54316,01
202408;1;MA;49906;BB;4;529,40
202408;1;MA;10045;BRADESCO;5;4336,19
202408;1;MA;49944;BTG PACTUAL;5;743,51
202408;1;MA;52072;C6 BANK;1;132,92
202408;1;MA;10069;ITAU;5;143,26
202408;1;MA;52058;NUBANK;24;1628,37
202408;1;MA;30379;SANTANDER;39;39007,07
202408;1;MG;51750;BANCO SICOOB;1;25,11
202408;1;MG;49906;BB;3;398,97
202408;1;MG;30290;BMG;3;607,25
202408;1;MG;10045;BRADESCO;42;28130,01
202408;1;MG;49944;BTG PACTUAL;38;5490,57
202408;1;MG;52072;C6 BANK;1;6,79
202408;1;MG;51626;CAIXA ECONÔMICA FEDERAL;5;1328,85
202408;1;MG;65239402;CC UNIÃO DO CENTRO OESTE DE MINAS;1;2115,19
202408;1;MG;51884;INTER;8;831,99
202408;1;MG;10069;ITAU;61;9809,29
202408;1;MG;52058;NUBANK;75;6136,63
202408;1;MG;30379;SANTANDER;161;176601,13
202408;1;MS;10045;BRADESCO;17;9256,57
202408;1;MS;49944;BTG PACTUAL;7;870,32
202408;1;MS;51626;CAIXA ECONÔMICA FEDERAL;2;402,72
202408;1;MS;10069;ITAU;10;841,36
202408;1;MS;52058;NUBANK;22;1450,98
202408;1;MS;30379;SANTANDER;35;35394,79
202408;1;MS;51011;VOTORANTIM;1;203,74
202408;1;MT;49906;BB;2;402,77
202408;1;MT;10045;BRADESCO;1;614,72
202408;1;MT;49944;BTG PACTUAL;6;891,64
202408;1;MT;51884;INTER;1;130,38
202408;1;MT;10069;ITAU;9;3866,91
202408;1;MT;52058;NUBANK;19;1270,23
202408;1;MT;30379;SANTANDER;19;19920,30
202408;1;PA;49906;BB;1;177,68
202408;1;PA;30290;BMG;1;200,91
202408;1;PA;10045;BRADESCO;6;1285,53
202408;1;PA;49944;BTG PACTUAL;9;1236,01
202408;1;PA;51884;INTER;7;867,71
202408;1;PA;10069;ITAU;10;505,55
202408;1;PA;52058;NUBANK;34;3342,89
202408;1;PA;30379;SANTANDER;39;43261,37
202408;1;PB;49906;BB;4;427,88
202408;1;PB;30290;BMG;1;202,85
202408;1;PB;10045;BRADESCO;10;3696,97
202408;1;PB;49944;BTG PACTUAL;9;1246,54
202408;1;PB;51626;CAIXA ECONÔMICA FEDERAL;1;68,95
202408;1;PB;51884;INTER;2;278,06
202408;1;PB;10069;ITAU;8;1530,81
202408;1;PB;52058;NUBANK;22;2226,80
202408;1;PB;30379;SANTANDER;18;20780,71
202408;1;PE;49906;BB;5;833,65
202408;1;PE;10045;BRADESCO;11;6748,76
202408;1;PE;49944;BTG PACTUAL;16;2482,60
202408;1;PE;51626;CAIXA ECONÔMICA FEDERAL;4;742,80
202408;1;PE;51884;INTER;5;776,42
202408;1;PE;10069;ITAU;27;6285,58
202408;1;PE;52058;NUBANK;43;3881,03
202408;1;PE;30379;SANTANDER;87;72233,30
202408;1;PI;49906;BB;1;74,14
202408;1;PI;10045;BRADESCO;2;2245,75
202408;1;PI;49944;BTG PACTUAL;6;909,45
202408;1;PI;51626;CAIXA ECONÔMICA FEDERAL;1;260,88
202408;1;PI;10069;ITAU;1;161,54
202408;1;PI;52058;NUBANK;17;1632,33
202408;1;PI;30379;SANTANDER;14;17022,52
202408;1;PR;51750;BANCO SICOOB;1;210,65
202408;1;PR;49906;BB;2;402,71
202408;1;PR;10045;BRADESCO;21;14318,09
202408;1;PR;49944;BTG PACTUAL;21;2529,61
202408;1;PR;51626;CAIXA ECONÔMICA FEDERAL;3;770,97
202408;1;PR;51884;INTER;5;812,39
202408;1;PR;10069;ITAU;39;4328,93
202408;1;PR;52058;NUBANK;71;5370,39
202408;1;PR;30379;SANTANDER;75;91997,48
202408;1;RJ;49906;BB;4;650,63
202408;1;RJ;30290;BMG;1;203,35
202408;1;RJ;10045;BRADESCO;39;30110,90
202408;1;RJ;49944;BTG PACTUAL;34;4163,36
202408;1;RJ;51626;CAIXA ECONÔMICA FEDERAL;3;595,29
202408;1;RJ;51884;INTER;6;806,25
202408;1;RJ;10069;ITAU;142;17928,81
202408;1;RJ;52058;NUBANK;125;10837,93
202408;1;RJ;30379;SANTANDER;253;247164,75
202408;1;RN;49906;BB;3;405,91
202408;1;RN;10045;BRADESCO;5;5256,76
202408;1;RN;49944;BTG PACTUAL;7;1185,85
202408;1;RN;51884;INTER;4;752,54
202408;1;RN;10069;ITAU;6;503,00
202408;1;RN;52058;NUBANK;31;2550,83
202408;1;RN;30379;SANTANDER;28;36813,08
202408;1;RO;49944;BTG PACTUAL;2;384,10
202408;1;RO;2015588;CCLA DO CENTRO SUL RONDONIENSE;1;39,25
202408;1;RO;51884;INTER;1;201,74
202408;1;RO;10069;ITAU;5;3285,07
202408;1;RO;52058;NUBANK;18;1540,01
202408;1;RO;30379;SANTANDER;18;25839,93
202408;1;RR;49944;BTG PACTUAL;1;177,96
202408;1;RR;10069;ITAU;1;673,74
202408;1;RR;52058;NUBANK;6;454,75
202408;1;RR;30379;SANTANDER;4;5053,99
202408;1;RS;30173;BANRISUL;2;155,51
202408;1;RS;49906;BB;1;0,95
202408;1;RS;10045;BRADESCO;3;254,37
202408;1;RS;49944;BTG PACTUAL;20;2896,60
202408;1;RS;52072;C6 BANK;1;173,65
202408;1;RS;51626;CAIXA ECONÔMICA FEDERAL;3;503,24
202408;1;RS;51884;INTER;1;50,52
202408;1;RS;10069;ITAU;27;1735,08
202408;1;RS;52058;NUBANK;54;3848,20
202408;1;RS;30379;SANTANDER;82;77477,93
202408;1;SC;49906;BB;2;401,75
202408;1;SC;30290;BMG;1;201,90
202408;1;SC;10045;BRADESCO;2;1386,30
202408;1;SC;49944;BTG PACTUAL;11;1810,05
202408;1;SC;51626;CAIXA ECONÔMICA FEDERAL;1;203,65
202408;1;SC;51884;INTER;2;252,68
202408;1;SC;10069;ITAU;16;1641,38
202408;1;SC;52058;NUBANK;36;2709,96
202408;1;SC;30379;SANTANDER;48;43400,82
202408;1;SE;49906;BB;2;404,40
202408;1;SE;30290;BMG;1;200,47
202408;1;SE;10045;BRADESCO;3;2255,31
202408;1;SE;49944;BTG PACTUAL;3;375,03
202408;1;SE;52072;C6 BANK;1;111,77
202408;1;SE;51884;INTER;2;317,83
202408;1;SE;10069;ITAU;6;706,87
202408;1;SE;52058;NUBANK;17;1302,46
202408;1;SE;30379;SANTANDER;11;11177,60
202408;1;SE;51011;VOTORANTIM;1;202,18
202408;1;SP;49906;BB;7;1319,63
202408;1;SP;30290;BMG;1;99,21
202408;1;SP;10045;BRADESCO;109;68340,93
202408;1;SP;49944;BTG PACTUAL;130;18482,03
202408;1;SP;52072;C6 BANK;10;1873,22
202408;1;SP;51626;CAIXA ECONÔMICA FEDERAL;9;1720,70
202408;1;SP;4751713;CC INV DE RONDÔNIA - SICOOB CREDJURD;2;248,58
202408;1;SP;51884;INTER;24;3076,55
202408;1;SP;10069;ITAU;290;34559,08
202408;1;SP;52058;NUBANK;301;25319,46
202408;1;SP;30379;SANTANDER;641;672535,39
202408;1;TO;49944;BTG PACTUAL;2;315,52
202408;1;TO;52058;NUBANK;7;730,89
202408;1;TO;30379;SANTANDER;8;8234,53
202408;2;AC;10045;BRADESCO;1;48,01
202408;2;AL;10045;BRADESCO;18;120970,02
202408;2;AL;51011;VOTORANTIM;2;10695,73
202408;2;AM;10045;BRADESCO;42;612983,41
202408;2;AP;10045;BRADESCO;2;34256,30
202408;2;BA;10045;BRADESCO;103;723239,54
202408;2;BA;10069;ITAU;1;170,01
202408;2;BA;51011;VOTORANTIM;4;7175,92
202408;2;CE;10045;BRADESCO;42;729098,80
202408;2;CE;51011;VOTORANTIM;5;5206,39
202408;2;DF;10045;BRADESCO;37;433104,43
202408;2;DF;30379;SANTANDER;1;197,41
202408;2;DF;51011;VOTORANTIM;2;5839,81
202408;2;ES;10045;BRADESCO;24;69695,32
202408;2;ES;52072;C6 BANK;1;207,86
202408;2;ES;51011;VOTORANTIM;1;782,53
202408;2;GO;49906;BB;1;1587,98
202408;2;GO;10045;BRADESCO;74;837617,48
202408;2;GO;30379;SANTANDER;1;102,75
202408;2;GO;51011;VOTORANTIM;9;17156,77
202408;2;MA;49906;BB;1;196,21
202408;2;MA;7237373;BCO DO NORDESTE DO BRASIL S.A.;1;5856,91
202408;2;MA;10045;BRADESCO;31;410460,11
202408;2;MA;52072;C6 BANK;1;151,44
202408;2;MA;30379;SANTANDER;1;5636,68
202408;2;MG;49906;BB;2;7996,21
202408;2;MG;10045;BRADESCO;180;1195246,34
202408;2;MG;30379;SANTANDER;1;42,60
202408;2;MG;51011;VOTORANTIM;8;22344,71
202408;2;MS;49906;BB;1;203,98
202408;2;MS;10045;BRADESCO;60;603677,76
202408;2;MS;51011;VOTORANTIM;4;20096,67
202408;2;MT;49906;BB;1;7411,55
202408;2;MT;10045;BRADESCO;35;447193,42
202408;2;PA;10045;BRADESCO;37;1159376,73
202408;2;PA;30379;SANTANDER;2;43,20
202408;2;PA;51011;VOTORANTIM;2;10047,65
202408;2;PB;49906;BB;1;201,12
202408;2;PB;10045;BRADESCO;22;172954,48
202408;2;PB;51011;VOTORANTIM;2;3507,70
202408;2;PE;10045;BRADESCO;70;771503,50
202408;2;PE;51011;VOTORANTIM;2;7541,36
202408;2;PI;10045;BRADESCO;8;39697,10
202408;2;PI;52072;C6 BANK;3;482,83
202408;2;PI;51011;VOTORANTIM;2;2618,20
202408;2;PR;10045;BRADESCO;98;962010,55
202408;2;PR;51011;VOTORANTIM;14;28703,65
202408;2;RJ;49906;BB;1;202,09
202408;2;RJ;10045;BRADESCO;284;2499133,72
202408;2;RJ;49944;BTG PACTUAL;1;1779,89
202408;2;RJ;52072;C6 BANK;5;1259,26
202408;2;RJ;10069;ITAU;1;173,34
202408;2;RJ;51011;VOTORANTIM;9;37476,94
202408;2;RN;10045;BRADESCO;16;218289,60
202408;2;RN;51011;VOTORANTIM;2;6541,90
202408;2;RO;10045;BRADESCO;7;99984,16
202408;2;RO;51011;VOTORANTIM;1;654,60
202408;2;RR;10045;BRADESCO;2;11241,13
202408;2;RR;51011;VOTORANTIM;1;12498,04
202408;2;RS;10045;BRADESCO;47;643349,44
202408;2;RS;52072;C6 BANK;1;203,19
202408;2;RS;51011;VOTORANTIM;6;33408,11
202408;2;SC;10045;BRADESCO;71;953475,75
202408;2;SC;52072;C6 BANK;2;2325,40
202408;2;SC;51011;VOTORANTIM;7;17176,65
202408;2;SE;10045;BRADESCO;9;86326,97
202408;2;SE;51011;VOTORANTIM;1;3987,39
202408;2;SP;49906;BB;1;4052,17
202408;2;SP;10045;BRADESCO;881;5406597,12
202408;2;SP;52072;C6 BANK;4;15138,11
202408;2;SP;10069;ITAU;2;57,56
202408;2;SP;30379;SANTANDER;12;312,68
202408;2;SP;51011;VOTORANTIM;47;123102,00
202408;2;TO;10045;BRADESCO;10;34614,90
202408;3;AC;10045;BRADESCO;8;1147273,99
202408;3;AC;51626;CAIXA ECONÔMICA FEDERAL;1;5208,98
202408;3;AC;10069;ITAU;3;22704,83
202408;3;AC;30379;SANTANDER;6;152885,59
202408;3;AL;49906;BB;3;62394,54
202408;3;AL;10045;BRADESCO;67;4130273,87
202408;3;AL;51626;CAIXA ECONÔMICA FEDERAL;9;760101,93
202408;3;AL;10069;ITAU;21;210832,78
202408;3;AL;30379;SANTANDER;20;551836,89
202408;3;AM;49906;BB;6;387853,45
202408;3;AM;10045;BRADESCO;150;13275794,76
202408;3;AM;51626;CAIXA ECONÔMICA FEDERAL;3;208789,86
202408;3;AM;10069;ITAU;35;744050,21
202408;3;AM;30379;SANTANDER;32;349218,93
202408;3;AP;49906;BB;6;521230,12
202408;3;AP;10045;BRADESCO;18;1151292,45
202408;3;AP;51626;CAIXA ECONÔMICA FEDERAL;1;43352,72
202408;3;AP;10069;ITAU;5;23001,14
202408;3;AP;30379;SANTANDER;3;29456,55
202408;3;BA;49906;BB;17;611776,09
202408;3;BA;7237373;BCO DO NORDESTE DO BRASIL S.A.;1;14548,45
202408;3;BA;10045;BRADESCO;400;26986859,95
202408;3;BA;51626;CAIXA ECONÔMICA FEDERAL;20;841121,19
202408;3;BA;10069;ITAU;91;873244,84
202408;3;BA;30379;SANTANDER;207;2224269,86
202408;3;CE;49906;BB;14;586997,63
202408;3;CE;10045;BRADESCO;170;10289254,56
202408;3;CE;51626;CAIXA ECONÔMICA FEDERAL;17;893115,15
202408;3;CE;10069;ITAU;83;1100900,53
202408;3;CE;30379;SANTANDER;65;634558,60
202408;3;DF;49906;BB;1;120541,41
202408;3;DF;10045;BRADESCO;54;4835478,55
202408;3;DF;51626;CAIXA ECONÔMICA FEDERAL;9;515366,01
202408;3;DF;10069;ITAU;47;374772,69
202408;3;DF;30379;SANTANDER;61;1042636,24
202408;3;ES;49906;BB;2;23100,15
202408;3;ES;10045;BRADESCO;82;5436694,36
202408;3;ES;51626;CAIXA ECONÔMICA FEDERAL;7;205711,07
202408;3;ES;10069;ITAU;41;426394,44
202408;3;ES;30379;SANTANDER;48;456550,62
202408;3;GO;49906;BB;5;356784,05
202408;3;GO;10045;BRADESCO;197;14280610,03
202408;3;GO;51626;CAIXA ECONÔMICA FEDERAL;13;870967,33
202408;3;GO;10069;ITAU;137;1339436,77
202408;3;GO;30379;SANTANDER;107;1413989,37
202408;3;MA;49906;BB;10;941411,52
202408;3;MA;10045;BRADESCO;153;13290958,59
202408;3;MA;51626;CAIXA ECONÔMICA FEDERAL;4;316687,01
202408;3;MA;10069;ITAU;28;266752,57
202408;3;MA;30379;SANTANDER;45;506070,03
202408;3;MG;49906;BB;18;1014695,12
202408;3;MG;10045;BRADESCO;443;30588952,77
202408;3;MG;51626;CAIXA ECONÔMICA FEDERAL;45;1928468,41
202408;3;MG;10069;ITAU;227;2259552,64
202408;3;MG;30379;SANTANDER;251;2450767,37
202408;3;MS;49906;BB;2;12260,47
202408;3;MS;10045;BRADESCO;138;9783910,06
202408;3;MS;51626;CAIXA ECONÔMICA FEDERAL;5;234250,81
202408;3;MS;10069;ITAU;15;320734,27
202408;3;MS;30379;SANTANDER;42;316411,30
202408;3;MT;49906;BB;12;967665,52
202408;3;MT;10045;BRADESCO;140;9625161,30
202408;3;MT;51626;CAIXA ECONÔMICA FEDERAL;6;375687,19
202408;3;MT;10069;ITAU;17;78469,08
202408;3;MT;30379;SANTANDER;50;820177,29
202408;3;PA;49906;BB;8;1452357,76
202408;3;PA;10045;BRADESCO;196;16331443,78
202408;3;PA;51626;CAIXA ECONÔMICA FEDERAL;7;503999,66
202408;3;PA;10069;ITAU;22;199435,51
202408;3;PA;30379;SANTANDER;55;475577,15
202408;3;PB;49906;BB;1;37337,39
202408;3;PB;10045;BRADESCO;72;3537226,41
202408;3;PB;51626;CAIXA ECONÔMICA FEDERAL;10;543489,41
202408;3;PB;10069;ITAU;21;210305,91
202408;3;PB;30379;SANTANDER;45;750632,46
202408;3;PE;49906;BB;6;155000,25
202408;3;PE;7237373;BCO DO NORDESTE DO BRASIL S.A.;1;24115,14
202408;3;PE;10045;BRADESCO;169;12097161,11
202408;3;PE;51626;CAIXA ECONÔMICA FEDERAL;9;1771066,88
202408;3;PE;10069;ITAU;94;1454697,70
202408;3;PE;30379;SANTANDER;127;1251999,03
202408;3;PI;49906;BB;9;478035,76
202408;3;PI;10045;BRADESCO;65;5033709,20
202408;3;PI;51626;CAIXA ECONÔMICA FEDERAL;4;85725,45
202408;3;PI;10069;ITAU;14;66911,91
202408;3;PI;30379;SANTANDER;19;164514,07
202408;3;PR;49906;BB;9;551958,47
202408;3;PR;10045;BRADESCO;457;36312374,85
202408;3;PR;51626;CAIXA ECONÔMICA FEDERAL;35;2033401,04
202408;3;PR;10069;ITAU;225;2701138,17
202408;3;PR;30379;SANTANDER;168;2081067,62
202408;3;RJ;49906;BB;7;124413,61
202408;3;RJ;10045;BRADESCO;555;47970874,81
202408;3;RJ;51626;CAIXA ECONÔMICA FEDERAL;35;2781025,43
202408;3;RJ;10069;ITAU;338;3669846,84
202408;3;RJ;30379;SANTANDER;346;4447395,12
202408;3;RN;49906;BB;8;200962,18
202408;3;RN;10045;BRADESCO;47;3590079,10
202408;3;RN;51626;CAIXA ECONÔMICA FEDERAL;9;200925,81
202408;3;RN;10069;ITAU;14;57272,34
202408;3;RN;30379;SANTANDER;53;820569,72
202408;3;RO;10045;BRADESCO;32;2258964,35
202408;3;RO;51626;CAIXA ECONÔMICA FEDERAL;2;23856,61
202408;3;RO;10069;ITAU;16;55084,30
202408;3;RO;30379;SANTANDER;13;176100,33
202408;3;RR;10045;BRADESCO;8;1092161,73
202408;3;RR;51626;CAIXA ECONÔMICA FEDERAL;4;198833,56
202408;3;RR;10069;ITAU;11;76044,73
202408;3;RR;30379;SANTANDER;6;22815,88
202408;3;RS;49906;BB;6;544430,44
202408;3;RS;10045;BRADESCO;618;42626397,74
202408;3;RS;51626;CAIXA ECONÔMICA FEDERAL;33;2176129,17
202408;3;RS;10069;ITAU;118;1296772,42
202408;3;RS;30379;SANTANDER;208;3261300,59
202408;3;SC;49906;BB;10;487951,16
202408;3;SC;10045;BRADESCO;252;28023877,22
202408;3;SC;51626;CAIXA ECONÔMICA FEDERAL;23;1023439,08
202408;3;SC;10069;ITAU;71;853227,01
202408;3;SC;30379;SANTANDER;91;859436,22
202408;3;SE;49906;BB;1;29830,45
202408;3;SE;10045;BRADESCO;25;536087,66
202408;3;SE;51626;CAIXA ECONÔMICA FEDERAL;5;203873,57
202408;3;SE;10069;ITAU;6;196743,20
202408;3;SE;30379;SANTANDER;21;197267,88
202408;3;SP;49906;BB;27;946109,92
202408;3;SP;10045;BRADESCO;2518;215284532,09
202408;3;SP;51626;CAIXA ECONÔMICA FEDERAL;110;6664895,22
202408;3;SP;10069;ITAU;1189;14904293,27
202408;3;SP;30379;SANTANDER;1433;19517588,83
202408;3;TO;49906;BB;1;73293,86
202408;3;TO;10045;BRADESCO;70;5913235,01
202408;3;TO;51626;CAIXA ECONÔMICA FEDERAL;4;118054,02
202408;3;TO;10069;ITAU;3;18329,96
202408;3;TO;30379;SANTANDER;31;1538163,96
202409;1;AC;49944;BTG PACTUAL;2;271,88
202409;1;AC;52058;NUBANK;7;6670,31
202409;1;AC;30379;SANTANDER;3;309,74
202409;1;AL;49906;BB;1;31,27
202409;1;AL;10045;BRADESCO;2;241,92
202409;1;AL;49944;BTG PACTUAL;8;1212,71
202409;1;AL;10069;ITAU;3;81,91
202409;1;AL;52058;NUBANK;21;6117,55
202409;1;AL;30379;SANTANDER;4;386,06
202409;1;AM;10045;BRADESCO;29;27658,91
202409;1;AM;49944;BTG PACTUAL;2;346,69
202409;1;AM;51626;CAIXA ECONÔMICA FEDERAL;2;447,05
202409;1;AM;51884;INTER;4;704,47
202409;1;AM;10069;ITAU;16;1279,87
202409;1;AM;52058;NUBANK;40;14931,42
202409;1;AM;30379;SANTANDER;22;13806,96
202409;1;AP;49906;BB;1;88,35
202409;1;AP;49944;BTG PACTUAL;1;156,21
202409;1;AP;52072;C6 BANK;1;58,54
202409;1;AP;52058;NUBANK;13;4805,42
202409;1;AP;30379;SANTANDER;2;103,17
202409;1;BA;49906;BB;2;267,05
202409;1;BA;10045;BRADESCO;9;3496,71
202409;1;BA;49944;BTG PACTUAL;24;3267,27
202409;1;BA;51626;CAIXA ECONÔMICA FEDERAL;1;203,75
202409;1;BA;51884;INTER;7;909,08
202409;1;BA;10069;ITAU;21;1995,76
202409;1;BA;52058;NUBANK;85;24233,92
202409;1;BA;30379;SANTANDER;30;4843,09
202409;1;BA;51011;VOTORANTIM;1;56,90
202409;1;CE;49906;BB;3;254,21
202409;1;CE;10045;BRADESCO;7;6278,99
202409;1;CE;49944;BTG PACTUAL;10;1475,25
202409;1;CE;51626;CAIXA ECONÔMICA FEDERAL;5;915,65
202409;1;CE;51884;INTER;5;906,75
202409;1;CE;10069;ITAU;9;874,67
202409;1;CE;52058;NUBANK;54;32299,29
202409;1;CE;30379;SANTANDER;24;3786,73
202409;1;DF;30290;BMG;1;203,25
202409;1;DF;31976;BRB;2;667,80
202409;1;DF;49944;BTG PACTUAL;5;689,80
202409;1;DF;10069;ITAU;7;308,41
202409;1;DF;52058;NUBANK;29;5299,18
202409;1;DF;30379;SANTANDER;21;6265,25
202409;1;ES;10045;BRADESCO;4;4567,84
202409;1;ES;49944;BTG PACTUAL;1;109,16
202409;1;ES;51884;INTER;1;48,39
202409;1;ES;10069;ITAU;11;1498,14
202409;1;ES;52058;NUBANK;21;6107,57
202409;1;ES;30379;SANTANDER;9;4174,91
202409;1;GO;49906;BB;1;200,95
202409;1;GO;10045;BRADESCO;9;8310,99
202409;1;GO;31976;BRB;1;203,44
202409;1;GO;49944;BTG PACTUAL;3;351,81
202409;1;GO;51626;CAIXA ECONÔMICA FEDERAL;1;202,83
202409;1;GO;51884;INTER;1;200,80
202409;1;GO;10069;ITAU;8;687,91
202409;1;GO;52058;NUBANK;36;10553,68
202409;1;GO;30379;SANTANDER;16;9589,52
202409;1;MA;30290;BMG;1;100,95
202409;1;MA;49944;BTG PACTUAL;6;813,92
202409;1;MA;51884;INTER;2;314,76
202409;1;MA;10069;ITAU;2;234,17
202409;1;MA;52058;NUBANK;26;10726,69
202409;1;MA;30379;SANTANDER;11;1957,31
202409;1;MG;51750;BANCO SICOOB;1;210,86
202409;1;MG;49906;BB;4;354,51
202409;1;MG;10045;BRADESCO;40;28121,06
202409;1;MG;49944;BTG PACTUAL;19;2887,39
202409;1;MG;51626;CAIXA ECONÔMICA FEDERAL;1;202,75
202409;1;MG;51884;INTER;13;1669,74
202409;1;MG;10069;ITAU;44;2970,97
202409;1;MG;52058;NUBANK;140;70260,46
202409;1;MG;30379;SANTANDER;62;22069,52
202409;1;MS;10045;BRADESCO;7;7567,11
202409;1;MS;49944;BTG PACTUAL;5;738,18
202409;1;MS;52072;C6 BANK;1;8,57
202409;1;MS;51884;INTER;2;366,86
202409;1;MS;10069;ITAU;6;520,81
202409;1;MS;52058;NUBANK;31;16386,62
202409;1;MS;30379;SANTANDER;16;20454,96
202409;1;MT;30290;BMG;1;179,16
202409;1;MT;10045;BRADESCO;3;1764,94
202409;1;MT;31976;BRB;1;204,94
202409;1;MT;49944;BTG PACTUAL;6;849,48
202409;1;MT;51626;CAIXA ECONÔMICA FEDERAL;2;403,17
202409;1;MT;51884;INTER;1;109,97
202409;1;MT;10069;ITAU;2;666,84
202409;1;MT;52058;NUBANK;37;20187,16
202409;1;MT;30379;SANTANDER;8;861,80
202409;1;PA;49906;BB;2;216,96
202409;1;PA;10045;BRADESCO;8;3389,12
202409;1;PA;31976;BRB;1;201,92
202409;1;PA;49944;BTG PACTUAL;7;768,28
202409;1;PA;51626;CAIXA ECONÔMICA FEDERAL;3;573,22
202409;1;PA;51884;INTER;2;406,06
202409;1;PA;10069;ITAU;3;59,73
202409;1;PA;52058;NUBANK;50;11967,98
202409;1;PA;30379;SANTANDER;25;8210,38
202409;1;PB;30290;BMG;1;202,39
202409;1;PB;10045;BRADESCO;3;975,22
202409;1;PB;31976;BRB;3;470,98
202409;1;PB;49944;BTG PACTUAL;3;450,30
202409;1;PB;51626;CAIXA ECONÔMICA FEDERAL;1;102,50
202409;1;PB;51884;INTER;3;283,37
202409;1;PB;10069;ITAU;4;599,64
202409;1;PB;52058;NUBANK;32;9546,68
202409;1;PB;30379;SANTANDER;4;877,57
202409;1;PE;49906;BB;1;201,90
202409;1;PE;30290;BMG;2;401,45
202409;1;PE;10045;BRADESCO;7;700,16
202409;1;PE;49944;BTG PACTUAL;8;1052,59
202409;1;PE;52072;C6 BANK;1;110,66
202409;1;PE;51626;CAIXA ECONÔMICA FEDERAL;6;1475,95
202409;1;PE;51884;INTER;3;553,77
202409;1;PE;10069;ITAU;14;2414,29
202409;1;PE;52058;NUBANK;65;18891,01
202409;1;PE;30379;SANTANDER;28;16194,51
202409;1;PI;10045;BRADESCO;2;52,28
202409;1;PI;49944;BTG PACTUAL;5;455,00
202409;1;PI;51626;CAIXA ECONÔMICA FEDERAL;2;373,33
202409;1;PI;10069;ITAU;2;65,28
202409;1;PI;52058;NUBANK;20;5725,36
202409;1;PI;30379;SANTANDER;2;1677,55
202409;1;PR;49906;BB;1;90,32
202409;1;PR;30290;BMG;1;200,81
202409;1;PR;10045;BRADESCO;7;1517,95
202409;1;PR;31976;BRB;1;206,98
202409;1;PR;49944;BTG PACTUAL;17;2154,16
202409;1;PR;52072;C6 BANK;2;379,54
202409;1;PR;51626;CAIXA ECONÔMICA FEDERAL;1;201,48
202409;1;PR;51884;INTER;2;361,87
202409;1;PR;10069;ITAU;12;982,75
202409;1;PR;52058;NUBANK;67;20370,59
202409;1;PR;30379;SANTANDER;48;14453,07
202409;1;RJ;49906;BB;2;185,58
202409;1;RJ;10045;BRADESCO;85;61849,16
202409;1;RJ;49944;BTG PACTUAL;16;2641,24
202409;1;RJ;52072;C6 BANK;1;117,70
202409;1;RJ;51626;CAIXA ECONÔMICA FEDERAL;6;1259,75
202409;1;RJ;51884;INTER;12;1389,74
202409;1;RJ;10069;ITAU;57;3953,43
202409;1;RJ;52058;NUBANK;154;68770,79
202409;1;RJ;30379;SANTANDER;112;37466,51
202409;1;RN;51750;BANCO SICOOB;1;201,00
202409;1;RN;10045;BRADESCO;11;5991,85
202409;1;RN;49944;BTG PACTUAL;5;731,00
202409;1;RN;51884;INTER;1;172,52
202409;1;RN;10069;ITAU;1;145,66
202409;1;RN;52058;NUBANK;29;9044,82
202409;1;RN;30379;SANTANDER;9;2050,02
202409;1;RO;49906;BB;1;66,95
202409;1;RO;49944;BTG PACTUAL;6;811,55
202409;1;RO;51884;INTER;1;56,14
202409;1;RO;10069;ITAU;1;20,21
202409;1;RO;52058;NUBANK;24;12420,58
202409;1;RO;30379;SANTANDER;5;1868,91
202409;1;RR;52058;NUBANK;6;3585,24
202409;1;RR;30379;SANTANDER;3;72,98
202409;1;RS;10045;BRADESCO;6;460,23
202409;1;RS;49944;BTG PACTUAL;9;1255,64
202409;1;RS;52072;C6 BANK;3;720,70
202409;1;RS;51626;CAIXA ECONÔMICA FEDERAL;4;682,81
202409;1;RS;51884;INTER;1;158,45
202409;1;RS;10069;ITAU;10;602,96
202409;1;RS;52058;NUBANK;76;31917,34
202409;1;RS;30379;SANTANDER;37;6122,82
202409;1;SC;10045;BRADESCO;2;319,52
202409;1;SC;49944;BTG PACTUAL;7;1029,16
202409;1;SC;51626;CAIXA ECONÔMICA FEDERAL;1;143,31
202409;1;SC;51884;INTER;2;302,93
202409;1;SC;10069;ITAU;13;1600,48
202409;1;SC;52058;NUBANK;50;22697,59
202409;1;SC;30379;SANTANDER;15;8220,55
202409;1;SE;49944;BTG PACTUAL;3;439,17
202409;1;SE;51626;CAIXA ECONÔMICA FEDERAL;1;608,39
202409;1;SE;10069;ITAU;2;75,39
202409;1;SE;52058;NUBANK;16;3395,68
202409;1;SE;30379;SANTANDER;5;292,68
202409;1;SP;51750;BANCO SICOOB;1;327,56
202409;1;SP;49906;BB;6;574,53
202409;1;SP;30290;BMG;3;602,71
202409;1;SP;10045;BRADESCO;31;17260,79
202409;1;SP;49944;BTG PACTUAL;64;9417,20
202409;1;SP;52072;C6 BANK;6;875,10
202409;1;SP;51626;CAIXA ECONÔMICA FEDERAL;13;3897,99
202409;1;SP;51884;INTER;23;3167,21
202409;1;SP;10069;ITAU;141;11839,66
202409;1;SP;52058;NUBANK;439;150929,40
202409;1;SP;30379;SANTANDER;222;106216,42
202409;1;TO;10069;ITAU;1;162,79
202409;1;TO;52058;NUBANK;10;2484,87
202409;1;TO;30379;SANTANDER;1;899,66
202409;2;AM;49906;BB;1;194,33
202409;2;AM;10045;BRADESCO;13;167432,72
202409;2;AM;51011;VOTORANTIM;1;3601,23
202409;2;BA;10045;BRADESCO;6;17701,48
202409;2;BA;52072;C6 BANK;2;12962,39
202409;2;BA;51011;VOTORANTIM;2;1569,34
202409;2;CE;10045;BRADESCO;7;44759,14
202409;2;CE;52072;C6 BANK;1;3677,24
202409;2;CE;10069;ITAU;1;68,29
202409;2;CE;51011;VOTORANTIM;1;1240,51
202409;2;DF;10045;BRADESCO;3;36545,83
202409;2;DF;52072;C6 BANK;1;185,26
202409;2;DF;30379;SANTANDER;2;194,97
202409;2;DF;51011;VOTORANTIM;1;4124,36
202409;2;ES;10045;BRADESCO;1;50929,50
202409;2;GO;10045;BRADESCO;4;25861,39
202409;2;GO;52072;C6 BANK;1;160433,61
202409;2;GO;51011;VOTORANTIM;3;5110,19
202409;2;MA;10045;BRADESCO;1;33802,37
202409;2;MA;51011;VOTORANTIM;3;21665,02
202409;2;MG;49906;BB;1;206,48
202409;2;MG;10045;BRADESCO;16;111710,92
202409;2;MG;52072;C6 BANK;3;8972,11
202409;2;MG;51011;VOTORANTIM;16;27216,19
202409;2;MS;49906;BB;1;14303,08
202409;2;MS;10045;BRADESCO;3;6446,73
202409;2;MS;52072;C6 BANK;2;410,89
202409;2;MS;51011;VOTORANTIM;1;3536,06
202409;2;MT;10045;BRADESCO;6;154263,19
202409;2;MT;51011;VOTORANTIM;1;576,86
202409;2;PA;10045;BRADESCO;7;110333,98
202409;2;PA;51011;VOTORANTIM;1;742,25
202409;2;PB;10045;BRADESCO;6;58848,93
202409;2;PB;51011;VOTORANTIM;1;11263,11
202409;2;PE;49906;BB;1;6028,30
202409;2;PE;10045;BRADESCO;7;76656,84
202409;2;PE;10069;ITAU;1;41,17
202409;2;PE;51011;VOTORANTIM;1;4037,62
202409;2;PI;10045;BRADESCO;1;296,24
202409;2;PI;51011;VOTORANTIM;2;1169,07
202409;2;PR;10045;BRADESCO;6;18382,97
202409;2;PR;52072;C6 BANK;1;206,69
202409;2;PR;51011;VOTORANTIM;17;44071,73
202409;2;RJ;10045;BRADESCO;37;344319,77
202409;2;RJ;52072;C6 BANK;2;363,56
202409;2;RJ;10069;ITAU;6;126,67
202409;2;RJ;30379;SANTANDER;2;97,73
202409;2;RJ;51011;VOTORANTIM;13;34815,08
202409;2;RN;10045;BRADESCO;1;27,92
202409;2;RN;51011;VOTORANTIM;2;10255,17
202409;2;RO;51011;VOTORANTIM;1;3152,37
202409;2;RS;49906;BB;1;201,76
202409;2;RS;10045;BRADESCO;8;93813,70
202409;2;RS;52072;C6 BANK;2;7796,45
202409;2;RS;51011;VOTORANTIM;7;14847,25
202409;2;SC;49906;BB;3;10201,78
202409;2;SC;10045;BRADESCO;9;66550,53
202409;2;SC;52072;C6 BANK;2;8749,24
202409;2;SC;10069;ITAU;1;144,75
202409;2;SC;51011;VOTORANTIM;11;35583,25
202409;2;SE;10045;BRADESCO;2;4157,58
202409;2;SE;52072;C6 BANK;1;20248,43
202409;2;SE;51011;VOTORANTIM;2;13002,53
202409;2;SP;10045;BRADESCO;45;232639,16
202409;2;SP;52072;C6 BANK;8;57265,78
202409;2;SP;51626;CAIXA ECONÔMICA FEDERAL;1;2105,50
202409;2;SP;10069;ITAU;5;402,25
202409;2;SP;30379;SANTANDER;1;452,18
202409;2;SP;51011;VOTORANTIM;54;112929,05
202409;2;TO;10045;BRADESCO;2;1694,28
202409;2;TO;51011;VOTORANTIM;2;4724,85
202409;3;AP;30379;SANTANDER;11;81990,16
202409;3;BA;30379;SANTANDER;4;24562,22
202409;3;CE;30379;SANTANDER;2;64365,13
202409;3;ES;30379;SANTANDER;1;606,57
202409;3;GO;30379;SANTANDER;1;29800,63
202409;3;MA;30379;SANTANDER;3;44701,51
202409;3;MG;7237373;BCO DO NORDESTE DO BRASIL S.A.;5;66215,90
202409;3;MG;51626;CAIXA ECONÔMICA FEDERAL;1;4695,12
202409;3;MG;30379;SANTANDER;5;67917,86
202409;3;MT;30379;SANTANDER;1;55468,60
202409;3;PA;30379;SANTANDER;1;77,60
202409;3;PE;30379;SANTANDER;1;33634,92
202409;3;PI;30379;SANTANDER;1;12610,10
202409;3;PR;30379;SANTANDER;7;226057,68
202409;3;RJ;30379;SANTANDER;9;96758,65
202409;3;RS;51626;CAIXA ECONÔMICA FEDERAL;2;864724,55
202409;3;RS;30379;SANTANDER;4;50366,95
202409;3;SP;30379;SANTANDER;33;529379,89
202410;1;AC;49906;BB;1;203,49
202410;1;AC;52058;NUBANK;5;536,53
202410;1;AC;30379;SANTANDER;2;271,50
202410;1;AL;10045;BRADESCO;4;794,53
202410;1;AL;49944;BTG PACTUAL;4;501,17
202410;1;AL;51884;INTER;1;53,89
202410;1;AL;10069;ITAU;1;0,81
202410;1;AL;52058;NUBANK;25;997,44
202410;1;AL;30379;SANTANDER;4;191,18
202410;1;AM;10045;BRADESCO;5;1126,94
202410;1;AM;49944;BTG PACTUAL;9;1165,74
202410;1;AM;51884;INTER;2;292,88
202410;1;AM;10069;ITAU;6;932,84
202410;1;AM;52058;NUBANK;44;3439,73
202410;1;AM;30379;SANTANDER;10;632,27
202410;1;AP;52058;NUBANK;3;55,47
202410;1;AP;30379;SANTANDER;1;141,61
202410;1;BA;49906;BB;5;501,78
202410;1;BA;10045;BRADESCO;13;7885,35
202410;1;BA;49944;BTG PACTUAL;15;1910,35
202410;1;BA;52072;C6 BANK;2;260,39
202410;1;BA;51884;INTER;5;466,14
202410;1;BA;10069;ITAU;23;1909,26
202410;1;BA;52058;NUBANK;64;4732,26
202410;1;BA;30379;SANTANDER;28;1209,17
202410;1;CE;49906;BB;2;70,33
202410;1;CE;10045;BRADESCO;7;1246,84
202410;1;CE;49944;BTG PACTUAL;10;1415,77
202410;1;CE;52072;C6 BANK;1;2,10
202410;1;CE;51884;INTER;2;174,19
202410;1;CE;10069;ITAU;12;639,57
202410;1;CE;52058;NUBANK;59;7530,85
202410;1;CE;30379;SANTANDER;24;1512,44
202410;1;DF;49944;BTG PACTUAL;7;1182,65
202410;1;DF;51884;INTER;1;200,09
202410;1;DF;10069;ITAU;4;158,33
202410;1;DF;52058;NUBANK;30;1519,25
202410;1;DF;30379;SANTANDER;10;667,01
202410;1;ES;10045;BRADESCO;6;5056,87
202410;1;ES;49944;BTG PACTUAL;3;499,25
202410;1;ES;10069;ITAU;7;1219,57
202410;1;ES;52058;NUBANK;20;1061,17
202410;1;ES;30379;SANTANDER;6;312,26
202410;1;GO;49906;BB;1;201,69
202410;1;GO;10045;BRADESCO;2;951,50
202410;1;GO;31976;BRB;1;201,16
202410;1;GO;49944;BTG PACTUAL;7;877,15
202410;1;GO;51884;INTER;1;148,39
202410;1;GO;10069;ITAU;6;413,85
202410;1;GO;52058;NUBANK;38;3125,14
202410;1;GO;30379;SANTANDER;14;545,12
202410;1;MA;49906;BB;3;467,81
202410;1;MA;10045;BRADESCO;2;209,42
202410;1;MA;49944;BTG PACTUAL;6;951,86
202410;1;MA;10069;ITAU;2;94,51
202410;1;MA;52058;NUBANK;26;1420,99
202410;1;MA;30379;SANTANDER;7;462,65
202410;1;MG;51750;BANCO SICOOB;2;457,09
202410;1;MG;30290;BMG;1;201,49
202410;1;MG;10045;BRADESCO;18;17115,67
202410;1;MG;49944;BTG PACTUAL;18;2850,07
202410;1;MG;52072;C6 BANK;1;180,63
202410;1;MG;51884;INTER;4;620,32
202410;1;MG;10069;ITAU;44;3461,15
202410;1;MG;52058;NUBANK;102;5737,63
202410;1;MG;30379;SANTANDER;46;4024,92
202410;1;MS;10045;BRADESCO;2;260,01
202410;1;MS;49944;BTG PACTUAL;6;673,09
202410;1;MS;51884;INTER;1;203,02
202410;1;MS;10069;ITAU;6;458,45
202410;1;MS;52058;NUBANK;34;1799,02
202410;1;MS;30379;SANTANDER;8;552,35
202410;1;MT;51750;BANCO SICOOB;1;98,03
202410;1;MT;10045;BRADESCO;14;10290,16
202410;1;MT;49944;BTG PACTUAL;4;630,31
202410;1;MT;10069;ITAU;2;274,50
202410;1;MT;52058;NUBANK;20;1561,53
202410;1;MT;30379;SANTANDER;9;1216,39
202410;1;PA;10045;BRADESCO;4;308,06
202410;1;PA;49944;BTG PACTUAL;8;1299,60
202410;1;PA;52072;C6 BANK;1;174,43
202410;1;PA;51884;INTER;5;674,96
202410;1;PA;10069;ITAU;5;293,14
202410;1;PA;52058;NUBANK;55;3815,98
202410;1;PA;30379;SANTANDER;12;674,92
202410;1;PB;49906;BB;1;25,28
202410;1;PB;30290;BMG;1;147,81
202410;1;PB;10045;BRADESCO;1;37,55
202410;1;PB;49944;BTG PACTUAL;8;982,76
202410;1;PB;51884;INTER;4;522,32
202410;1;PB;10069;ITAU;4;357,72
202410;1;PB;52058;NUBANK;19;1502,11
202410;1;PB;30379;SANTANDER;7;482,39
202410;1;PE;10045;BRADESCO;6;4616,98
202410;1;PE;49944;BTG PACTUAL;10;1560,83
202410;1;PE;51884;INTER;3;603,15
202410;1;PE;10069;ITAU;16;1690,11
202410;1;PE;52058;NUBANK;33;1998,43
202410;1;PE;30379;SANTANDER;12;294,62
202410;1;PI;30290;BMG;1;84,35
202410;1;PI;10045;BRADESCO;1;294,39
202410;1;PI;49944;BTG PACTUAL;2;357,42
202410;1;PI;10069;ITAU;1;368,73
202410;1;PI;52058;NUBANK;17;696,19
202410;1;PI;30379;SANTANDER;3;235,35
202410;1;PR;51750;BANCO SICOOB;1;230,30
202410;1;PR;49906;BB;3;333,47
202410;1;PR;10045;BRADESCO;21;12884,03
202410;1;PR;49944;BTG PACTUAL;21;2910,93
202410;1;PR;52072;C6 BANK;1;204,09
202410;1;PR;51884;INTER;5;515,98
202410;1;PR;10069;ITAU;17;1374,04
202410;1;PR;52058;NUBANK;72;6568,44
202410;1;PR;30379;SANTANDER;20;1110,44
202410;1;RJ;49906;BB;1;49,38
202410;1;RJ;10045;BRADESCO;93;41110,15
202410;1;RJ;49944;BTG PACTUAL;23;3279,45
202410;1;RJ;51884;INTER;4;614,47
202410;1;RJ;10069;ITAU;70;4917,55
202410;1;RJ;52058;NUBANK;123;7461,15
202410;1;RJ;30379;SANTANDER;66;4894,24
202410;1;RN;49906;BB;1;50,48
202410;1;RN;10045;BRADESCO;8;2745,02
202410;1;RN;49944;BTG PACTUAL;4;616,11
202410;1;RN;51884;INTER;1;200,15
202410;1;RN;52058;NUBANK;29;5566,85
202410;1;RN;30379;SANTANDER;8;818,78
202410;1;RO;49906;BB;1;201,27
202410;1;RO;10045;BRADESCO;2;374,95
202410;1;RO;2015588;CCLA DO CENTRO SUL RONDONIENSE;1;200,82
202410;1;RO;51884;INTER;1;107,14
202410;1;RO;10069;ITAU;1;23,08
202410;1;RO;52058;NUBANK;23;1401,37
202410;1;RO;30379;SANTANDER;1;20,68
202410;1;RR;49944;BTG PACTUAL;1;108,18
202410;1;RR;10069;ITAU;2;38,72
202410;1;RR;52058;NUBANK;6;476,79
202410;1;RR;30379;SANTANDER;2;77,66
202410;1;RS;51750;BANCO SICOOB;1;219,71
202410;1;RS;49906;BB;1;148,58
202410;1;RS;10045;BRADESCO;30;22227,56
202410;1;RS;49944;BTG PACTUAL;9;1302,98
202410;1;RS;51884;INTER;2;278,89
202410;1;RS;10069;ITAU;11;574,60
202410;1;RS;52058;NUBANK;72;5220,51
202410;1;RS;30379;SANTANDER;21;1238,62
202410;1;SC;51750;BANCO SICOOB;1;202,78
202410;1;SC;10045;BRADESCO;9;6049,77
202410;1;SC;49944;BTG PACTUAL;9;1274,04
202410;1;SC;51884;INTER;3;517,98
202410;1;SC;10069;ITAU;2;40,49
202410;1;SC;52058;NUBANK;44;2703,64
202410;1;SC;30379;SANTANDER;8;692,81
202410;1;SE;10045;BRADESCO;4;2116,86
202410;1;SE;49944;BTG PACTUAL;3;602,25
202410;1;SE;51884;INTER;1;98,48
202410;1;SE;10069;ITAU;1;1,00
202410;1;SE;52058;NUBANK;10;478,96
202410;1;SE;30379;SANTANDER;5;82,95
202410;1;SP;49906;BB;5;494,55
202410;1;SP;30290;BMG;2;404,93
202410;1;SP;10045;BRADESCO;65;22961,32
202410;1;SP;49944;BTG PACTUAL;77;11905,44
202410;1;SP;52072;C6 BANK;3;494,52
202410;1;SP;51884;INTER;11;1498,06
202410;1;SP;10069;ITAU;150;8961,51
202410;1;SP;52058;NUBANK;393;27675,71
202410;1;SP;30379;SANTANDER;155;9662,54
202410;1;TO;10045;BRADESCO;1;7,03
202410;1;TO;49944;BTG PACTUAL;2;253,24
202410;1;TO;52058;NUBANK;10;375,97
202410;1;TO;30379;SANTANDER;2;92,58
202410;2;AC;51011;VOTORANTIM;1;6815,66
202410;2;AL;10045;BRADESCO;2;671,44
202410;2;AM;10045;BRADESCO;2;3277,15
202410;2;AM;49944;BTG PACTUAL;1;1912,32
202410;2;AM;51011;VOTORANTIM;1;9998,99
202410;2;AP;10045;BRADESCO;1;58022,84
202410;2;AP;51011;VOTORANTIM;1;4565,51
202410;2;BA;49906;BB;1;3049,14
202410;2;BA;10045;BRADESCO;13;29286,27
202410;2;BA;52072;C6 BANK;1;670,76
202410;2;BA;51011;VOTORANTIM;3;7506,39
202410;2;CE;10045;BRADESCO;6;34479,16
202410;2;CE;51011;VOTORANTIM;5;10668,38
202410;2;DF;10045;BRADESCO;1;3346,98
202410;2;DF;51011;VOTORANTIM;2;16836,42
202410;2;ES;10045;BRADESCO;2;1958,71
202410;2;ES;51011;VOTORANTIM;3;41207,80
202410;2;GO;10045;BRADESCO;3;12449,64
202410;2;GO;51011;VOTORANTIM;4;10913,42
202410;2;MA;10045;BRADESCO;2;700,86
202410;2;MA;51011;VOTORANTIM;3;6811,88
202410;2;MG;10045;BRADESCO;17;119411,60
202410;2;MG;49944;BTG PACTUAL;1;2328,68
202410;2;MG;52072;C6 BANK;2;363,19
202410;2;MG;30379;SANTANDER;2;155,32
202410;2;MG;51011;VOTORANTIM;15;40380,47
202410;2;MS;10045;BRADESCO;7;63263,86
202410;2;MS;51011;VOTORANTIM;5;24976,02
202410;2;MT;10045;BRADESCO;5;126221,90
202410;2;MT;52072;C6 BANK;1;124,28
202410;2;MT;51011;VOTORANTIM;4;15966,09
202410;2;PA;10045;BRADESCO;3;15818,25
202410;2;PA;51011;VOTORANTIM;3;10050,12
202410;2;PB;49906;BB;1;1476,64
202410;2;PB;10045;BRADESCO;6;31627,01
202410;2;PB;51011;VOTORANTIM;2;7810,40
202410;2;PE;10045;BRADESCO;8;17126,13
202410;2;PE;52072;C6 BANK;1;204,51
202410;2;PE;51011;VOTORANTIM;1;526,93
202410;2;PI;49906;BB;1;4885,76
202410;2;PI;10045;BRADESCO;1;729,89
202410;2;PI;51011;VOTORANTIM;1;1388,91
202410;2;PR;10045;BRADESCO;15;224994,52
202410;2;PR;51011;VOTORANTIM;10;49974,94
202410;2;RJ;10045;BRADESCO;35;319048,49
202410;2;RJ;49944;BTG PACTUAL;3;4596,86
202410;2;RJ;52072;C6 BANK;3;608,14
202410;2;RJ;10069;ITAU;2;274,56
202410;2;RJ;51011;VOTORANTIM;10;24130,66
202410;2;RN;49944;BTG PACTUAL;1;1295,32
202410;2;RN;51011;VOTORANTIM;1;1431,93
202410;2;RO;10045;BRADESCO;3;8528,60
202410;2;RO;51011;VOTORANTIM;1;572,78
202410;2;RS;10045;BRADESCO;16;229599,99
202410;2;RS;51011;VOTORANTIM;6;31934,23
202410;2;SC;10045;BRADESCO;8;434666,19
202410;2;SC;49944;BTG PACTUAL;2;6550,83
202410;2;SC;30379;SANTANDER;1;579,65
202410;2;SC;51011;VOTORANTIM;7;20130,01
202410;2;SE;10045;BRADESCO;2;57549,62
202410;2;SP;10045;BRADESCO;55;466816,04
202410;2;SP;49944;BTG PACTUAL;1;750,76
202410;2;SP;52072;C6 BANK;6;1013,13
202410;2;SP;10069;ITAU;2;262,44
202410;2;SP;30379;SANTANDER;6;114,40
202410;2;SP;51011;VOTORANTIM;44;142092,89
202410;2;TO;10045;BRADESCO;2;2600,79
202410;3;AC;49906;BB;1;122453,86
202410;3;AC;10045;BRADESCO;2;282909,69
202410;3;AC;30379;SANTANDER;4;33325,66
202410;3;AL;49906;BB;1;116672,05
202410;3;AL;10045;BRADESCO;16;1093894,45
202410;3;AL;30379;SANTANDER;4;9596,73
202410;3;AM;49906;BB;5;517694,17
202410;3;AM;10045;BRADESCO;39;2091449,95
202410;3;AM;30379;SANTANDER;11;1008845,65
202410;3;AP;49906;BB;4;419806,62
202410;3;AP;10045;BRADESCO;6;338152,15
202410;3;AP;30379;SANTANDER;1;1259,35
202410;3;BA;49906;BB;15;288982,46
202410;3;BA;10045;BRADESCO;71;3933308,69
202410;3;BA;30379;SANTANDER;62;831713,24
202410;3;CE;49906;BB;7;132725,92
202410;3;CE;7237373;BCO DO NORDESTE DO BRASIL S.A.;1;4467,44
202410;3;CE;10045;BRADESCO;26;1241473,72
202410;3;CE;30379;SANTANDER;12;254904,18
202410;3;DF;49906;BB;3;5779,30
202410;3;DF;10045;BRADESCO;12;1030236,69
202410;3;DF;30379;SANTANDER;24;257917,11
202410;3;ES;10045;BRADESCO;23;1481518,19
202410;3;ES;30379;SANTANDER;13;132716,61
202410;3;GO;49906;BB;7;485706,60
202410;3;GO;10045;BRADESCO;58;6168138,48
202410;3;GO;30379;SANTANDER;35;654101,76
202410;3;MA;49906;BB;17;865928,73
202410;3;MA;10045;BRADESCO;28;1549634,47
202410;3;MA;30379;SANTANDER;19;211569,94
202410;3;MG;49906;BB;17;494090,98
202410;3;MG;10045;BRADESCO;135;8858289,25
202410;3;MG;10069;ITAU;1;9958,20
202410;3;MG;30379;SANTANDER;76;823263,16
202410;3;MS;49906;BB;5;79955,30
202410;3;MS;10045;BRADESCO;28;1586784,39
202410;3;MS;30379;SANTANDER;10;30062,88
202410;3;MT;49906;BB;6;440092,51
202410;3;MT;10045;BRADESCO;39;1974182,16
202410;3;MT;30379;SANTANDER;30;248537,25
202410;3;PA;49906;BB;16;1126539,76
202410;3;PA;10045;BRADESCO;38;3120116,18
202410;3;PA;30379;SANTANDER;10;259471,32
202410;3;PB;49906;BB;6;101641,35
202410;3;PB;10045;BRADESCO;10;531436,44
202410;3;PB;30379;SANTANDER;18;257402,40
202410;3;PE;49906;BB;5;426258,73
202410;3;PE;10045;BRADESCO;40;2872891,36
202410;3;PE;30379;SANTANDER;41;380751,50
202410;3;PI;49906;BB;4;107893,00
202410;3;PI;10045;BRADESCO;6;152739,43
202410;3;PI;30379;SANTANDER;6;234633,87
202410;3;PR;49906;BB;8;300383,45
202410;3;PR;10045;BRADESCO;93;7351255,84
202410;3;PR;30379;SANTANDER;74;1308840,54
202410;3;RJ;49906;BB;3;28630,37
202410;3;RJ;10045;BRADESCO;158;14224183,38
202410;3;RJ;30379;SANTANDER;105;1530033,01
202410;3;RN;49906;BB;8;735680,15
202410;3;RN;7237373;BCO DO NORDESTE DO BRASIL S.A.;1;37893,36
202410;3;RN;10045;BRADESCO;19;1876257,20
202410;3;RN;30379;SANTANDER;5;30338,97
202410;3;RO;10045;BRADESCO;15;744456,85
202410;3;RO;30379;SANTANDER;6;75869,44
202410;3;RR;10045;BRADESCO;3;94216,67
202410;3;RR;30379;SANTANDER;1;2198,15
202410;3;RS;49906;BB;6;238583,24
202410;3;RS;10045;BRADESCO;83;6420328,69
202410;3;RS;30379;SANTANDER;52;778019,76
202410;3;SC;49906;BB;4;345450,88
202410;3;SC;10045;BRADESCO;73;13094816,48
202410;3;SC;30379;SANTANDER;35;219977,88
202410;3;SE;49906;BB;2;227367,61
202410;3;SE;10045;BRADESCO;8;276872,82
202410;3;SE;30379;SANTANDER;2;35508,81
202410;3;SP;49906;BB;28;1341687,57
202410;3;SP;10045;BRADESCO;580;44074947,95
202410;3;SP;30379;SANTANDER;470;5970700,32
202410;3;TO;49906;BB;2;5300,87
202410;3;TO;10045;BRADESCO;13;1314576,73
202410;3;TO;30379;SANTANDER;5;377082,28
202411;1;AC;49906;BB;3;136,69
202411;1;AC;49944;BTG PACTUAL;2;303,66
202411;1;AC;51626;CAIXA ECONÔMICA FEDERAL;769;869051,15
202411;1;AC;10069;ITAU;1;255,83
202411;1;AC;52058;NUBANK;2;260,62
202411;1;AC;30379;SANTANDER;1;27,52
202411;1;AL;49944;BTG PACTUAL;1;200,88
202411;1;AL;51626;CAIXA ECONÔMICA FEDERAL;2309;2291376,06
202411;1;AL;10069;ITAU;3;748,34
202411;1;AL;52058;NUBANK;3;241,62
202411;1;AL;30379;SANTANDER;7;1393,27
202411;1;AM;10045;BRADESCO;5;212,08
202411;1;AM;49944;BTG PACTUAL;2;328,46
202411;1;AM;51626;CAIXA ECONÔMICA FEDERAL;4439;5278162,63
202411;1;AM;51884;INTER;1;83,35
202411;1;AM;10069;ITAU;18;1081,98
202411;1;AM;52058;NUBANK;7;1082,48
202411;1;AM;30379;SANTANDER;21;4066,13
202411;1;AP;51626;CAIXA ECONÔMICA FEDERAL;382;381492,11
202411;1;AP;52058;NUBANK;3;276,34
202411;1;AP;30379;SANTANDER;2;1125,63
202411;1;BA;49906;BB;2;283,80
202411;1;BA;10045;BRADESCO;48;21507,47
202411;1;BA;49944;BTG PACTUAL;10;1397,04
202411;1;BA;51626;CAIXA ECONÔMICA FEDERAL;8728;9153470,77
202411;1;BA;51884;INTER;4;353,97
202411;1;BA;10069;ITAU;19;1966,25
202411;1;BA;52058;NUBANK;19;2291,30
202411;1;BA;30379;SANTANDER;46;9235,04
202411;1;BA;73398646;SOC CC SICOOB COOPERE;1;383,17
202411;1;CE;49906;BB;2;268,55
202411;1;CE;10045;BRADESCO;27;11691,30
202411;1;CE;49944;BTG PACTUAL;6;632,41
202411;1;CE;51626;CAIXA ECONÔMICA FEDERAL;6672;6713669,58
202411;1;CE;51884;INTER;2;342,19
202411;1;CE;10069;ITAU;11;1188,14
202411;1;CE;52058;NUBANK;20;2725,34
202411;1;CE;30379;SANTANDER;40;11700,45
202411;1;DF;10045;BRADESCO;3;47,79
202411;1;DF;31976;BRB;1;174,03
202411;1;DF;49944;BTG PACTUAL;3;482,38
202411;1;DF;51626;CAIXA ECONÔMICA FEDERAL;2478;2885573,69
202411;1;DF;51884;INTER;1;201,05
202411;1;DF;10069;ITAU;6;494,73
202411;1;DF;52058;NUBANK;2;210,29
202411;1;DF;30379;SANTANDER;13;3299,23
202411;1;ES;51750;BANCO SICOOB;1;216,94
202411;1;ES;10045;BRADESCO;7;3062,34
202411;1;ES;49944;BTG PACTUAL;4;556,97
202411;1;ES;51626;CAIXA ECONÔMICA FEDERAL;2442;2867251,15
202411;1;ES;10069;ITAU;3;539,45
202411;1;ES;52058;NUBANK;4;402,91
202411;1;ES;30379;SANTANDER;7;4075,52
202411;1;GO;51750;BANCO SICOOB;1;20,10
202411;1;GO;10045;BRADESCO;5;729,05
202411;1;GO;49944;BTG PACTUAL;4;462,26
202411;1;GO;52072;C6 BANK;1;159,95
202411;1;GO;51626;CAIXA ECONÔMICA FEDERAL;3531;3666230,86
202411;1;GO;10069;ITAU;14;1907,03
202411;1;GO;52058;NUBANK;12;1369,97
202411;1;GO;30379;SANTANDER;23;7467,62
202411;1;MA;51750;BANCO SICOOB;1;252,01
202411;1;MA;49906;BB;2;104,00
202411;1;MA;10045;BRADESCO;3;1304,70
202411;1;MA;51626;CAIXA ECONÔMICA FEDERAL;2659;2631281,70
202411;1;MA;51884;INTER;1;203,01
202411;1;MA;10069;ITAU;2;8,05
202411;1;MA;52058;NUBANK;6;912,17
202411;1;MA;30379;SANTANDER;20;10714,55
202411;1;MG;51750;BANCO SICOOB;1;213,66
202411;1;MG;49906;BB;2;265,45
202411;1;MG;10045;BRADESCO;32;31950,17
202411;1;MG;49944;BTG PACTUAL;10;1501,91
202411;1;MG;52072;C6 BANK;2;275,33
202411;1;MG;51626;CAIXA ECONÔMICA FEDERAL;15215;18154826,08
202411;1;MG;51884;INTER;7;848,70
202411;1;MG;10069;ITAU;37;4056,77
202411;1;MG;52058;NUBANK;28;2901,70
202411;1;MG;30379;SANTANDER;55;11355,53
202411;1;MS;10045;BRADESCO;5;98,89
202411;1;MS;49944;BTG PACTUAL;3;500,13
202411;1;MS;51626;CAIXA ECONÔMICA FEDERAL;3162;3657369,18
202411;1;MS;10069;ITAU;3;225,68
202411;1;MS;52058;NUBANK;7;769,80
202411;1;MS;30379;SANTANDER;11;1689,10
202411;1;MT;10045;BRADESCO;16;6659,50
202411;1;MT;51626;CAIXA ECONÔMICA FEDERAL;2113;3042774,28
202411;1;MT;10069;ITAU;5;996,59
202411;1;MT;52058;NUBANK;7;862,30
202411;1;MT;30379;SANTANDER;11;3717,06
202411;1;PA;49906;BB;1;0,03
202411;1;PA;10045;BRADESCO;6;1730,56
202411;1;PA;49944;BTG PACTUAL;3;443,15
202411;1;PA;52072;C6 BANK;1;201,17
202411;1;PA;51626;CAIXA ECONÔMICA FEDERAL;3897;3574861,53
202411;1;PA;51884;INTER;1;203,24
202411;1;PA;10069;ITAU;8;598,61
202411;1;PA;52058;NUBANK;15;1831,96
202411;1;PA;30379;SANTANDER;22;6338,78
202411;1;PB;49906;BB;1;200,25
202411;1;PB;10045;BRADESCO;3;376,27
202411;1;PB;49944;BTG PACTUAL;4;443,55
202411;1;PB;51626;CAIXA ECONÔMICA FEDERAL;2940;2986058,87
202411;1;PB;51884;INTER;1;201,23
202411;1;PB;52058;NUBANK;7;893,97
202411;1;PB;30379;SANTANDER;9;6670,54
202411;1;PE;30290;BMG;1;203,56
202411;1;PE;10045;BRADESCO;18;4654,37
202411;1;PE;49944;BTG PACTUAL;4;431,96
202411;1;PE;52072;C6 BANK;1;98,96
202411;1;PE;51626;CAIXA ECONÔMICA FEDERAL;6526;6648436,29
202411;1;PE;51884;INTER;1;50,62
202411;1;PE;10069;ITAU;13;1287,79
202411;1;PE;52058;NUBANK;12;1470,01
202411;1;PE;30379;SANTANDER;39;7237,60
202411;1;PI;51626;CAIXA ECONÔMICA FEDERAL;2297;2495358,55
202411;1;PI;10069;ITAU;2;9,34
202411;1;PI;52058;NUBANK;12;1454,90
202411;1;PI;30379;SANTANDER;10;3637,87
202411;1;PR;51750;BANCO SICOOB;1;53,76
202411;1;PR;10045;BRADESCO;6;2097,09
202411;1;PR;49944;BTG PACTUAL;5;651,78
202411;1;PR;52072;C6 BANK;1;161,89
202411;1;PR;51626;CAIXA ECONÔMICA FEDERAL;6616;7461929,72
202411;1;PR;51884;INTER;2;218,22
202411;1;PR;10069;ITAU;19;2769,98
202411;1;PR;52058;NUBANK;16;1851,02
202411;1;PR;30379;SANTANDER;37;6598,99
202411;1;RJ;49906;BB;2;78,14
202411;1;RJ;30290;BMG;1;202,14
202411;1;RJ;10045;BRADESCO;23;3276,58
202411;1;RJ;49944;BTG PACTUAL;16;2067,81
202411;1;RJ;52072;C6 BANK;3;643,29
202411;1;RJ;51626;CAIXA ECONÔMICA FEDERAL;15404;15575327,81
202411;1;RJ;51884;INTER;3;362,04
202411;1;RJ;10069;ITAU;70;3843,57
202411;1;RJ;52058;NUBANK;42;4355,60
202411;1;RJ;30379;SANTANDER;132;52139,87
202411;1;RN;49906;BB;1;33,62
202411;1;RN;10045;BRADESCO;3;287,24
202411;1;RN;49944;BTG PACTUAL;3;455,31
202411;1;RN;51626;CAIXA ECONÔMICA FEDERAL;2260;2351004,56
202411;1;RN;51884;INTER;2;301,99
202411;1;RN;10069;ITAU;2;27,44
202411;1;RN;52058;NUBANK;6;607,51
202411;1;RN;30379;SANTANDER;7;1384,22
202411;1;RO;10045;BRADESCO;3;3153,04
202411;1;RO;51626;CAIXA ECONÔMICA FEDERAL;1727;2127388,04
202411;1;RO;51884;INTER;1;98,64
202411;1;RO;52058;NUBANK;5;716,31
202411;1;RO;30379;SANTANDER;7;827,31
202411;1;RR;49944;BTG PACTUAL;1;100,30
202411;1;RR;51626;CAIXA ECONÔMICA FEDERAL;431;463749,54
202411;1;RR;10069;ITAU;2;108,56
202411;1;RR;30379;SANTANDER;1;1345,02
202411;1;RS;49906;BB;1;50,92
202411;1;RS;10045;BRADESCO;51;35590,52
202411;1;RS;49944;BTG PACTUAL;2;351,05
202411;1;RS;51626;CAIXA ECONÔMICA FEDERAL;9013;9865986,08
202411;1;RS;51884;INTER;1;148,29
202411;1;RS;10069;ITAU;16;1815,44
202411;1;RS;52058;NUBANK;23;2382,67
202411;1;RS;30379;SANTANDER;46;11310,54
202411;1;SC;10045;BRADESCO;5;646,91
202411;1;SC;49944;BTG PACTUAL;3;384,21
202411;1;SC;51626;CAIXA ECONÔMICA FEDERAL;3899;5014880,17
202411;1;SC;10069;ITAU;7;227,00
202411;1;SC;52058;NUBANK;6;769,19
202411;1;SC;30379;SANTANDER;21;3267,00
202411;1;SE;49906;BB;1;110,05
202411;1;SE;10045;BRADESCO;1;14,28
202411;1;SE;49944;BTG PACTUAL;1;197,40
202411;1;SE;51626;CAIXA ECONÔMICA FEDERAL;1521;1610405,56
202411;1;SE;51884;INTER;1;50,67
202411;1;SE;10069;ITAU;2;12,82
202411;1;SE;52058;NUBANK;2;263,57
202411;1;SE;30379;SANTANDER;2;114,34
202411;1;SP;49906;BB;5;314,41
202411;1;SP;30290;BMG;2;403,55
202411;1;SP;10045;BRADESCO;53;13310,71
202411;1;SP;49944;BTG PACTUAL;46;6168,75
202411;1;SP;52072;C6 BANK;4;637,91
202411;1;SP;51626;CAIXA ECONÔMICA FEDERAL;29532;31792657,94
202411;1;SP;51884;INTER;11;1656,13
202411;1;SP;10069;ITAU;162;11982,93
202411;1;SP;52058;NUBANK;71;7831,92
202411;1;SP;30379;SANTANDER;255;58909,05
202411;1;TO;49906;BB;1;98,19
202411;1;TO;51626;CAIXA ECONÔMICA FEDERAL;571;619769,67
202411;1;TO;51884;INTER;1;51,36
202411;1;TO;10069;ITAU;1;25,05
202411;1;TO;52058;NUBANK;2;197,26
202411;1;TO;30379;SANTANDER;3;138,68
202411;2;AC;52072;C6 BANK;1;209,60
202411;2;AL;30173;BANRISUL;1;675,09
202411;2;AL;10045;BRADESCO;1;644,02
202411;2;AL;30379;SANTANDER;2;10773,15
202411;2;AM;30173;BANRISUL;1;785,05
202411;2;AM;10045;BRADESCO;1;1376,46
202411;2;AP;30173;BANRISUL;1;3679,36
202411;2;AP;51011;VOTORANTIM;1;4712,42
202411;2;BA;30173;BANRISUL;4;4645,02
202411;2;BA;49906;BB;1;180,64
202411;2;BA;10045;BRADESCO;14;148413,28
202411;2;BA;52072;C6 BANK;4;2604,45
202411;2;BA;51011;VOTORANTIM;3;16976,35
202411;2;CE;30173;BANRISUL;3;4692,33
202411;2;CE;10045;BRADESCO;10;97404,70
202411;2;CE;51011;VOTORANTIM;1;481,08
202411;2;DF;30173;BANRISUL;6;27492,46
202411;2;DF;51011;VOTORANTIM;2;10221,93
202411;2;ES;10045;BRADESCO;2;26419,25
202411;2;ES;51011;VOTORANTIM;1;979,21
202411;2;GO;30173;BANRISUL;2;3042,74
202411;2;GO;10045;BRADESCO;4;11546,95
202411;2;GO;10069;ITAU;1;88,80
202411;2;MA;10045;BRADESCO;4;95392,11
202411;2;MA;51011;VOTORANTIM;2;2389,02
202411;2;MG;30173;BANRISUL;4;4164,07
202411;2;MG;10045;BRADESCO;15;183672,41
202411;2;MG;52072;C6 BANK;2;402,60
202411;2;MG;51011;VOTORANTIM;6;16306,73
202411;2;MS;30173;BANRISUL;2;3285,65
202411;2;MS;10045;BRADESCO;4;12296,02
202411;2;MS;51011;VOTORANTIM;5;18997,49
202411;2;MT;30173;BANRISUL;2;34223,74
202411;2;MT;10045;BRADESCO;5;86481,82
202411;2;MT;51011;VOTORANTIM;1;528,79
202411;2;PA;30173;BANRISUL;5;9043,07
202411;2;PA;10045;BRADESCO;5;53178,11
202411;2;PA;51011;VOTORANTIM;1;20063,93
202411;2;PB;30173;BANRISUL;1;1139,22
202411;2;PB;10045;BRADESCO;3;34764,23
202411;2;PB;51011;VOTORANTIM;1;1961,23
202411;2;PE;30173;BANRISUL;1;977,32
202411;2;PE;10045;BRADESCO;8;60020,95
202411;2;PE;51011;VOTORANTIM;2;2332,37
202411;2;PI;30173;BANRISUL;2;2998,55
202411;2;PI;10069;ITAU;1;35,89
202411;2;PR;30173;BANRISUL;13;26122,74
202411;2;PR;10045;BRADESCO;8;37700,10
202411;2;PR;52072;C6 BANK;2;404,12
202411;2;PR;51011;VOTORANTIM;8;20127,90
202411;2;RJ;30173;BANRISUL;11;51318,35
202411;2;RJ;49906;BB;1;9267,42
202411;2;RJ;10045;BRADESCO;15;94816,37
202411;2;RJ;52072;C6 BANK;1;129,72
202411;2;RJ;10069;ITAU;1;54,99
202411;2;RJ;51011;VOTORANTIM;8;21915,64
202411;2;RN;30173;BANRISUL;1;7444,94
202411;2;RN;10045;BRADESCO;2;39403,91
202411;2;RN;52072;C6 BANK;1;217,21
202411;2;RN;51011;VOTORANTIM;3;20356,28
202411;2;RO;30173;BANRISUL;2;4587,84
202411;2;RO;10045;BRADESCO;2;30226,97
202411;2;RR;30173;BANRISUL;4;3137,37
202411;2;RS;30173;BANRISUL;4425;18679038,52
202411;2;RS;10045;BRADESCO;10;77733,11
202411;2;RS;52072;C6 BANK;1;200,24
202411;2;RS;51011;VOTORANTIM;4;8621,14
202411;2;SC;30173;BANRISUL;182;736857,62
202411;2;SC;10045;BRADESCO;9;61433,33
202411;2;SC;51011;VOTORANTIM;5;4571,16
202411;2;SE;30173;BANRISUL;1;21397,96
202411;2;SE;51011;VOTORANTIM;1;2707,56
202411;2;SP;30173;BANRISUL;23;95688,45
202411;2;SP;49906;BB;1;282,31
202411;2;SP;10045;BRADESCO;40;210610,79
202411;2;SP;52072;C6 BANK;6;1969,04
202411;2;SP;51626;CAIXA ECONÔMICA FEDERAL;1;180,63
202411;2;SP;10069;ITAU;7;6018,51
202411;2;SP;30379;SANTANDER;2;128,94
202411;2;SP;51011;VOTORANTIM;39;101096,58
202411;2;TO;51011;VOTORANTIM;1;2343,99
202411;3;AC;49906;BB;3;127960,93
202411;3;AC;10069;ITAU;1;3578,79
202411;3;AC;30379;SANTANDER;7;42597,17
202411;3;AL;49906;BB;2;120893,24
202411;3;AL;10045;BRADESCO;5;175582,34
202411;3;AL;10069;ITAU;7;43107,26
202411;3;AL;30379;SANTANDER;19;138766,20
202411;3;AM;49906;BB;3;157251,81
202411;3;AM;10045;BRADESCO;14;924772,74
202411;3;AM;10069;ITAU;14;53234,10
202411;3;AM;30379;SANTANDER;18;265114,57
202411;3;AP;49906;BB;2;6800,70
202411;3;AP;10045;BRADESCO;1;35277,88
202411;3;AP;10069;ITAU;1;1812,23
202411;3;AP;30379;SANTANDER;13;207073,08
202411;3;BA;49906;BB;12;503253,87
202411;3;BA;10045;BRADESCO;12;1081734,72
202411;3;BA;10069;ITAU;45;218952,10
202411;3;BA;30379;SANTANDER;75;1062006,43
202411;3;CE;49906;BB;7;135691,82
202411;3;CE;7237373;BCO DO NORDESTE DO BRASIL S.A.;2;36370,31
202411;3;CE;10045;BRADESCO;13;888516,14
202411;3;CE;10069;ITAU;36;113871,96
202411;3;CE;30379;SANTANDER;29;254273,40
202411;3;DF;49906;BB;5;109307,86
202411;3;DF;10045;BRADESCO;2;192706,13
202411;3;DF;10069;ITAU;25;175926,69
202411;3;DF;30379;SANTANDER;29;345086,60
202411;3;ES;49906;BB;2;45289,54
202411;3;ES;10045;BRADESCO;6;449107,87
202411;3;ES;10069;ITAU;14;43733,42
202411;3;ES;30379;SANTANDER;29;167449,50
202411;3;GO;49906;BB;6;99953,99
202411;3;GO;10045;BRADESCO;13;2217200,54
202411;3;GO;10069;ITAU;61;351876,44
202411;3;GO;30379;SANTANDER;52;489203,96
202411;3;MA;49906;BB;12;413513,88
202411;3;MA;7237373;BCO DO NORDESTE DO BRASIL S.A.;2;11877,30
202411;3;MA;10045;BRADESCO;12;969977,13
202411;3;MA;10069;ITAU;15;110606,74
202411;3;MA;30379;SANTANDER;21;322006,51
202411;3;MG;49906;BB;15;525783,46
202411;3;MG;7237373;BCO DO NORDESTE DO BRASIL S.A.;6;78533,57
202411;3;MG;10045;BRADESCO;29;1367427,69
202411;3;MG;10069;ITAU;87;484222,69
202411;3;MG;30379;SANTANDER;103;1707956,07
202411;3;MS;49906;BB;9;751020,82
202411;3;MS;10045;BRADESCO;8;570986,90
202411;3;MS;10069;ITAU;2;560,65
202411;3;MS;30379;SANTANDER;35;561854,93
202411;3;MT;49906;BB;5;290974,95
202411;3;MT;10045;BRADESCO;3;54261,49
202411;3;MT;10069;ITAU;27;113677,88
202411;3;MT;30379;SANTANDER;23;612771,63
202411;3;PA;49906;BB;14;693656,02
202411;3;PA;10045;BRADESCO;8;632741,85
202411;3;PA;10069;ITAU;19;198020,75
202411;3;PA;30379;SANTANDER;25;333389,72
202411;3;PB;49906;BB;2;17500,66
202411;3;PB;7237373;BCO DO NORDESTE DO BRASIL S.A.;2;11908,38
202411;3;PB;10045;BRADESCO;5;80336,43
202411;3;PB;10069;ITAU;3;32261,58
202411;3;PB;30379;SANTANDER;16;331921,75
202411;3;PE;49906;BB;4;67443,21
202411;3;PE;10045;BRADESCO;12;528988,41
202411;3;PE;10069;ITAU;21;155627,30
202411;3;PE;30379;SANTANDER;85;1540315,86
202411;3;PI;49906;BB;10;351212,76
202411;3;PI;7237373;BCO DO NORDESTE DO BRASIL S.A.;3;27241,88
202411;3;PI;10045;BRADESCO;4;330073,43
202411;3;PI;10069;ITAU;8;18213,01
202411;3;PI;30379;SANTANDER;7;101731,34
202411;3;PR;49906;BB;17;657793,86
202411;3;PR;10045;BRADESCO;16;881250,06
202411;3;PR;10069;ITAU;79;446444,45
202411;3;PR;30379;SANTANDER;94;922093,59
202411;3;RJ;49906;BB;5;103300,54
202411;3;RJ;10045;BRADESCO;38;3958609,53
202411;3;RJ;10069;ITAU;202;1351518,75
202411;3;RJ;30379;SANTANDER;162;1745178,43
202411;3;RN;49906;BB;4;35539,23
202411;3;RN;7237373;BCO DO NORDESTE DO BRASIL S.A.;1;6167,00
202411;3;RN;10045;BRADESCO;2;100120,97
202411;3;RN;10069;ITAU;21;151570,85
202411;3;RN;30379;SANTANDER;23;207579,58
202411;3;RO;10045;BRADESCO;3;7287,23
202411;3;RO;10069;ITAU;1;265,26
202411;3;RO;30379;SANTANDER;3;57175,92
202411;3;RR;49906;BB;2;35501,20
202411;3;RR;10045;BRADESCO;1;149908,76
202411;3;RR;10069;ITAU;4;26843,10
202411;3;RR;30379;SANTANDER;3;4415,01
202411;3;RS;49906;BB;3;76514,68
202411;3;RS;10045;BRADESCO;5;431107,48
202411;3;RS;10069;ITAU;34;457793,96
202411;3;RS;30379;SANTANDER;71;1099298,16
202411;3;SC;49906;BB;14;592443,09
202411;3;SC;10045;BRADESCO;7;675982,91
202411;3;SC;10069;ITAU;18;244300,07
202411;3;SC;30379;SANTANDER;41;596398,23
202411;3;SE;49906;BB;1;998,71
202411;3;SE;10045;BRADESCO;1;4133,42
202411;3;SE;10069;ITAU;3;18580,86
202411;3;SE;30379;SANTANDER;9;114599,84
202411;3;SP;49906;BB;25;855382,51
202411;3;SP;10045;BRADESCO;157;11981271,45
202411;3;SP;10069;ITAU;551;5368528,32
202411;3;SP;30379;SANTANDER;689;8644046,00
202411;3;TO;49906;BB;4;107583,69
202411;3;TO;10045;BRADESCO;1;18159,08
202411;3;TO;10069;ITAU;10;31304,01
202411;3;TO;30379;SANTANDER;17;683210,06
202412;1;AC;49906;BB;2;34,84
202412;1;AC;51884;INTER;1;121,41
202412;1;AC;52058;NUBANK;278;12004,58
202412;1;AL;30173;BANRISUL;2;5297,36
202412;1;AL;51884;INTER;1;103,94
202412;1;AL;10069;ITAU;7;628,47
202412;1;AL;52058;NUBANK;726;25324,39
202412;1;AL;30379;SANTANDER;9;2997,14
202412;1;AM;30173;BANRISUL;7;17398,76
202412;1;AM;10045;BRADESCO;8;468,34
202412;1;AM;49944;BTG PACTUAL;2;360,92
202412;1;AM;51626;CAIXA ECONÔMICA FEDERAL;1;69,75
202412;1;AM;51884;INTER;1;200,20
202412;1;AM;10069;ITAU;12;1445,66
202412;1;AM;52058;NUBANK;1717;70142,65
202412;1;AM;30379;SANTANDER;16;3744,71
202412;1;AP;30173;BANRISUL;2;5070,72
202412;1;AP;10045;BRADESCO;2;535,57
202412;1;AP;51884;INTER;1;136,30
202412;1;AP;10069;ITAU;2;347,03
202412;1;AP;52058;NUBANK;175;4940,48
202412;1;AP;30379;SANTANDER;2;332,65
202412;1;BA;30173;BANRISUL;22;28961,35
202412;1;BA;49906;BB;1;27,07
202412;1;BA;10045;BRADESCO;9;563,57
202412;1;BA;49944;BTG PACTUAL;6;757,79
202412;1;BA;52072;C6 BANK;1;283,72
202412;1;BA;51626;CAIXA ECONÔMICA FEDERAL;3;507,09
202412;1;BA;10069;ITAU;22;1238,47
202412;1;BA;52058;NUBANK;2977;108291,63
202412;1;BA;30379;SANTANDER;26;11254,43
202412;1;CE;30173;BANRISUL;17;20578,97
202412;1;CE;10045;BRADESCO;6;1800,71
202412;1;CE;49944;BTG PACTUAL;6;663,37
202412;1;CE;51626;CAIXA ECONÔMICA FEDERAL;1;200,37
202412;1;CE;51884;INTER;4;504,71
202412;1;CE;10069;ITAU;8;455,85
202412;1;CE;52058;NUBANK;2739;98245,93
202412;1;CE;30379;SANTANDER;25;9483,21
202412;1;DF;30173;BANRISUL;9;15546,76
202412;1;DF;30290;BMG;1;202,86
202412;1;DF;10045;BRADESCO;2;79,82
202412;1;DF;49944;BTG PACTUAL;3;211,03
202412;1;DF;10069;ITAU;8;974,55
202412;1;DF;52058;NUBANK;1230;45365,47
202412;1;DF;30379;SANTANDER;10;2887,22
202412;1;ES;30173;BANRISUL;6;14723,80
202412;1;ES;51884;INTER;1;115,95
202412;1;ES;10069;ITAU;8;980,87
202412;1;ES;52058;NUBANK;889;34520,46
202412;1;ES;30379;SANTANDER;13;9609,98
202412;1;GO;30173;BANRISUL;11;20917,48
202412;1;GO;49906;BB;1;22,28
202412;1;GO;10045;BRADESCO;5;146,51
202412;1;GO;49944;BTG PACTUAL;4;638,18
202412;1;GO;51884;INTER;2;258,55
202412;1;GO;10069;ITAU;8;629,40
202412;1;GO;52058;NUBANK;1614;55461,44
202412;1;GO;30379;SANTANDER;16;3380,18
202412;1;MA;30173;BANRISUL;6;8324,66
202412;1;MA;49906;BB;2;320,65
202412;1;MA;10045;BRADESCO;2;261,43
202412;1;MA;49944;BTG PACTUAL;4;549,20
202412;1;MA;51626;CAIXA ECONÔMICA FEDERAL;3;603,54
202412;1;MA;10069;ITAU;7;309,34
202412;1;MA;52058;NUBANK;1142;39045,12
202412;1;MA;30379;SANTANDER;4;1473,14
202412;1;MG;51750;BANCO SICOOB;2;391,36
202412;1;MG;30173;BANRISUL;25;46567,37
202412;1;MG;49906;BB;2;70,05
202412;1;MG;10045;BRADESCO;10;1125,14
202412;1;MG;49944;BTG PACTUAL;15;2253,61
202412;1;MG;52072;C6 BANK;3;501,77
202412;1;MG;51626;CAIXA ECONÔMICA FEDERAL;2;303,87
202412;1;MG;51884;INTER;2;208,38
202412;1;MG;10069;ITAU;49;3619,39
202412;1;MG;52058;NUBANK;4649;178872,35
202412;1;MG;30379;SANTANDER;37;10405,75
202412;1;MS;30173;BANRISUL;2;4477,34
202412;1;MS;10045;BRADESCO;3;101,59
202412;1;MS;49944;BTG PACTUAL;3;419,95
202412;1;MS;52072;C6 BANK;2;89,42
202412;1;MS;10069;ITAU;5;1768,12
202412;1;MS;52058;NUBANK;1084;37613,99
202412;1;MS;30379;SANTANDER;6;885,53
202412;1;MT;30173;BANRISUL;5;15732,73
202412;1;MT;49906;BB;1;37,88
202412;1;MT;10045;BRADESCO;1;12,49
202412;1;MT;49944;BTG PACTUAL;2;368,26
202412;1;MT;10069;ITAU;4;605,89
202412;1;MT;52058;NUBANK;950;42619,18
202412;1;MT;30379;SANTANDER;7;2851,25
202412;1;PA;30173;BANRISUL;8;13503,50
202412;1;PA;49906;BB;1;207,56
202412;1;PA;10045;BRADESCO;2;110,47
202412;1;PA;49944;BTG PACTUAL;2;245,49
202412;1;PA;51884;INTER;1;105,29
202412;1;PA;10069;ITAU;5;374,48
202412;1;PA;52058;NUBANK;1881;60778,96
202412;1;PA;30379;SANTANDER;15;4471,14
202412;1;PB;30173;BANRISUL;3;2743,68
202412;1;PB;49906;BB;1;102,22
202412;1;PB;30290;BMG;1;202,52
202412;1;PB;10045;BRADESCO;2;311,58
202412;1;PB;49944;BTG PACTUAL;1;200,01
202412;1;PB;51884;INTER;1;135,41
202412;1;PB;10069;ITAU;4;357,32
202412;1;PB;52058;NUBANK;937;35217,68
202412;1;PB;30379;SANTANDER;8;1649,52
202412;1;PE;30173;BANRISUL;13;19884,57
202412;1;PE;49906;BB;2;240,10
202412;1;PE;10045;BRADESCO;1;25,75
202412;1;PE;49944;BTG PACTUAL;2;363,75
202412;1;PE;52072;C6 BANK;1;345,87
202412;1;PE;51626;CAIXA ECONÔMICA FEDERAL;2;402,96
202412;1;PE;51884;INTER;1;52,01
202412;1;PE;10069;ITAU;12;1645,14
202412;1;PE;52058;NUBANK;2217;72251,60
202412;1;PE;30379;SANTANDER;17;8259,83
202412;1;PI;30173;BANRISUL;4;3524,50
202412;1;PI;49906;BB;1;164,37
202412;1;PI;51884;INTER;1;167,42
202412;1;PI;10069;ITAU;3;214,12
202412;1;PI;52058;NUBANK;865;37333,94
202412;1;PI;30379;SANTANDER;4;1012,73
202412;1;PR;30173;BANRISUL;9;15053,11
202412;1;PR;10045;BRADESCO;9;1420,76
202412;1;PR;49944;BTG PACTUAL;5;662,28
202412;1;PR;51626;CAIXA ECONÔMICA FEDERAL;3;605,64
202412;1;PR;51884;INTER;3;498,44
202412;1;PR;10069;ITAU;23;3327,22
202412;1;PR;52058;NUBANK;2643;97077,76
202412;1;PR;30379;SANTANDER;22;3978,46
202412;1;RJ;30173;BANRISUL;24;25546,09
202412;1;RJ;49906;BB;2;171,18
202412;1;RJ;10045;BRADESCO;16;2047,47
202412;1;RJ;49944;BTG PACTUAL;11;1516,98
202412;1;RJ;52072;C6 BANK;1;111,29
202412;1;RJ;51626;CAIXA ECONÔMICA FEDERAL;2;307,64
202412;1;RJ;51884;INTER;4;502,11
202412;1;RJ;10069;ITAU;60;4050,28
202412;1;RJ;52058;NUBANK;6001;197263,73
202412;1;RJ;30379;SANTANDER;91;30455,81
202412;1;RN;30173;BANRISUL;7;9828,54
202412;1;RN;10045;BRADESCO;1;81,57
202412;1;RN;10069;ITAU;1;7,37
202412;1;RN;52058;NUBANK;931;33153,97
202412;1;RN;30379;SANTANDER;7;5159,63
202412;1;RO;30173;BANRISUL;2;5106,25
202412;1;RO;49906;BB;1;200,67
202412;1;RO;10045;BRADESCO;1;476,29
202412;1;RO;10069;ITAU;4;1221,64
202412;1;RO;52058;NUBANK;743;30406,95
202412;1;RO;30379;SANTANDER;7;5235,93
202412;1;RR;30173;BANRISUL;1;357,23
202412;1;RR;49944;BTG PACTUAL;1;98,70
202412;1;RR;10069;ITAU;1;200,74
202412;1;RR;52058;NUBANK;205;7011,90
202412;1;RR;30379;SANTANDER;2;212,42
202412;1;RS;30173;BANRISUL;305;330882,38
202412;1;RS;10045;BRADESCO;5;225,66
202412;1;RS;49944;BTG PACTUAL;6;778,81
202412;1;RS;51884;INTER;1;199,55
202412;1;RS;10069;ITAU;12;2297,02
202412;1;RS;52058;NUBANK;2393;83771,44
202412;1;RS;30379;SANTANDER;26;6561,47
202412;1;SC;30173;BANRISUL;13;20590,40
202412;1;SC;49906;BB;1;107,77
202412;1;SC;10045;BRADESCO;2;316,74
202412;1;SC;49944;BTG PACTUAL;3;529,66
202412;1;SC;51626;CAIXA ECONÔMICA FEDERAL;1;204,16
202412;1;SC;51884;INTER;2;167,48
202412;1;SC;10069;ITAU;10;1698,72
202412;1;SC;52058;NUBANK;1478;58773,04
202412;1;SC;30379;SANTANDER;10;2431,88
202412;1;SE;30173;BANRISUL;6;3722,76
202412;1;SE;10045;BRADESCO;1;601,03
202412;1;SE;49944;BTG PACTUAL;1;125,94
202412;1;SE;51884;INTER;1;185,81
202412;1;SE;52058;NUBANK;513;16977,46
202412;1;SE;30379;SANTANDER;3;318,99
202412;1;SP;30173;BANRISUL;67;111309,05
202412;1;SP;49906;BB;4;420,01
202412;1;SP;30290;BMG;1;201,10
202412;1;SP;10045;BRADESCO;37;5847,76
202412;1;SP;49944;BTG PACTUAL;32;4146,45
202412;1;SP;52072;C6 BANK;7;1028,25
202412;1;SP;51626;CAIXA ECONÔMICA FEDERAL;3;535,19
202412;1;SP;51884;INTER;5;525,28
202412;1;SP;10069;ITAU;163;14087,21
202412;1;SP;52058;NUBANK;15003;524658,76
202412;1;SP;30379;SANTANDER;213;66601,29
202412;1;TO;10069;ITAU;1;207,80
202412;1;TO;52058;NUBANK;306;10511,80
202412;1;TO;30379;SANTANDER;1;16,18
202412;2;AL;51011;VOTORANTIM;2;1523,85
202412;2;AM;10045;BRADESCO;1;13025,19
202412;2;AM;51011;VOTORANTIM;2;4390,88
202412;2;BA;49906;BB;2;4434,40
202412;2;BA;10045;BRADESCO;1;2835,05
202412;2;BA;52072;C6 BANK;3;975,63
202412;2;BA;51011;VOTORANTIM;1;1080,64
202412;2;CE;10045;BRADESCO;2;4664,77
202412;2;CE;51011;VOTORANTIM;5;14486,60
202412;2;DF;10045;BRADESCO;2;5713,98
202412;2;ES;51011;VOTORANTIM;1;490,67
202412;2;GO;10045;BRADESCO;2;68993,70
202412;2;GO;52072;C6 BANK;1;288,98
202412;2;GO;10069;ITAU;1;108,18
202412;2;GO;51011;VOTORANTIM;4;9058,19
202412;2;MA;10045;BRADESCO;1;1297,75
202412;2;MG;10045;BRADESCO;7;23569,42
202412;2;MG;51011;VOTORANTIM;8;24167,59
202412;2;MS;49906;BB;1;1380,19
202412;2;MS;10045;BRADESCO;2;5013,61
202412;2;MS;51011;VOTORANTIM;3;3091,65
202412;2;MT;49906;BB;1;24822,90
202412;2;MT;51011;VOTORANTIM;2;957,74
202412;2;PA;10045;BRADESCO;3;10785,17
202412;2;PA;52072;C6 BANK;1;109,15
202412;2;PA;30379;SANTANDER;3;65,12
202412;2;PA;51011;VOTORANTIM;4;20887,70
202412;2;PB;7237373;BCO DO NORDESTE DO BRASIL S.A.;1;3292,14
202412;2;PB;10045;BRADESCO;3;7961,69
202412;2;PB;51011;VOTORANTIM;1;321,09
202412;2;PE;10045;BRADESCO;2;5589,12
202412;2;PE;51011;VOTORANTIM;3;4353,03
202412;2;PI;49906;BB;1;3719,39
202412;2;PI;10069;ITAU;1;21,79
202412;2;PI;51011;VOTORANTIM;3;3946,79
202412;2;PR;10045;BRADESCO;4;12961,38
202412;2;PR;52072;C6 BANK;3;549,55
202412;2;PR;51011;VOTORANTIM;7;13524,53
202412;2;RJ;10045;BRADESCO;9;42022,70
202412;2;RJ;52072;C6 BANK;2;437,75
202412;2;RJ;10069;ITAU;2;3455,18
202412;2;RJ;30379;SANTANDER;1;36,82
202412;2;RJ;51011;VOTORANTIM;10;21132,84
202412;2;RN;10045;BRADESCO;1;280,82
202412;2;RO;49906;BB;1;6085,41
202412;2;RO;10045;BRADESCO;1;13,29
202412;2;RO;51011;VOTORANTIM;1;4038,51
202412;2;RS;30173;BANRISUL;2;326,94
202412;2;RS;10045;BRADESCO;2;3947,40
202412;2;RS;52072;C6 BANK;1;273,31
202412;2;RS;51011;VOTORANTIM;6;13760,47
202412;2;SC;49906;BB;1;1424,13
202412;2;SC;10045;BRADESCO;3;3434,20
202412;2;SC;30379;SANTANDER;2;368,70
202412;2;SC;51011;VOTORANTIM;5;32330,21
202412;2;SP;49906;BB;1;2286,03
202412;2;SP;10045;BRADESCO;30;81558,08
202412;2;SP;52072;C6 BANK;5;5006,24
202412;2;SP;10069;ITAU;5;1451,13
202412;2;SP;51011;VOTORANTIM;36;89023,75
202412;2;TO;10045;BRADESCO;2;1573,75
202412;2;TO;51011;VOTORANTIM;3;5972,07
202412;3;AC;49906;BB;2;91754,19
202412;3;AC;10045;BRADESCO;5;1102942,97
202412;3;AC;10069;ITAU;1;16093,14
202412;3;AC;30379;SANTANDER;9;190376,40
202412;3;AL;7237373;BCO DO NORDESTE DO BRASIL S.A.;3;59906,94
202412;3;AL;10045;BRADESCO;47;3858304,75
202412;3;AL;10069;ITAU;7;15132,46
202412;3;AL;30379;SANTANDER;15;94491,30
202412;3;AM;49906;BB;4;452744,22
202412;3;AM;10045;BRADESCO;110;11716048,05
202412;3;AM;10069;ITAU;24;305235,94
202412;3;AM;30379;SANTANDER;25;158652,06
202412;3;AP;49906;BB;3;66042,97
202412;3;AP;10045;BRADESCO;13;686802,01
202412;3;AP;10069;ITAU;3;69847,54
202412;3;AP;30379;SANTANDER;6;208740,50
202412;3;BA;49906;BB;9;150325,97
202412;3;BA;7237373;BCO DO NORDESTE DO BRASIL S.A.;18;479001,94
202412;3;BA;10045;BRADESCO;175;16931745,34
202412;3;BA;10069;ITAU;113;807526,39
202412;3;BA;30379;SANTANDER;145;1374737,55
202412;3;CE;49906;BB;8;536767,50
202412;3;CE;7237373;BCO DO NORDESTE DO BRASIL S.A.;20;270644,71
202412;3;CE;10045;BRADESCO;95;7574810,74
202412;3;CE;10069;ITAU;65;331777,81
202412;3;CE;30379;SANTANDER;39;216568,18
202412;3;DF;10045;BRADESCO;31;4075958,36
202412;3;DF;10069;ITAU;35;264709,30
202412;3;DF;30379;SANTANDER;35;235505,80
202412;3;ES;49906;BB;5;80267,80
202412;3;ES;7237373;BCO DO NORDESTE DO BRASIL S.A.;1;2962,57
202412;3;ES;10045;BRADESCO;27;3646340,58
202412;3;ES;10069;ITAU;2;7713,95
202412;3;ES;30379;SANTANDER;26;158351,08
202412;3;GO;49906;BB;7;394211,19
202412;3;GO;10045;BRADESCO;115;13108696,97
202412;3;GO;10069;ITAU;97;580573,26
202412;3;GO;30379;SANTANDER;49;636409,65
202412;3;MA;49906;BB;8;397402,28
202412;3;MA;7237373;BCO DO NORDESTE DO BRASIL S.A.;7;234108,75
202412;3;MA;10045;BRADESCO;97;10448359,62
202412;3;MA;10069;ITAU;11;61545,09
202412;3;MA;30379;SANTANDER;26;176414,38
202412;3;MG;49906;BB;7;118189,05
202412;3;MG;7237373;BCO DO NORDESTE DO BRASIL S.A.;4;48735,73
202412;3;MG;10045;BRADESCO;261;23958280,84
202412;3;MG;10069;ITAU;174;1364647,61
202412;3;MG;30379;SANTANDER;135;1385911,52
202412;3;MS;49906;BB;6;473346,41
202412;3;MS;10045;BRADESCO;93;7256910,48
202412;3;MS;10069;ITAU;22;203620,26
202412;3;MS;30379;SANTANDER;33;328562,88
202412;3;MT;49906;BB;3;140242,61
202412;3;MT;10045;BRADESCO;93;6370320,85
202412;3;MT;10069;ITAU;21;171271,86
202412;3;MT;30379;SANTANDER;46;602958,82
202412;3;PA;49906;BB;9;163861,25
202412;3;PA;10045;BRADESCO;115;14853131,98
202412;3;PA;10069;ITAU;21;108612,46
202412;3;PA;30379;SANTANDER;57;633194,74
202412;3;PB;49906;BB;4;287302,57
202412;3;PB;7237373;BCO DO NORDESTE DO BRASIL S.A.;9;128357,95
202412;3;PB;10045;BRADESCO;35;2772845,22
202412;3;PB;10069;ITAU;9;45302,16
202412;3;PB;30379;SANTANDER;24;97795,33
202412;3;PE;49906;BB;7;210128,88
202412;3;PE;7237373;BCO DO NORDESTE DO BRASIL S.A.;13;684744,08
202412;3;PE;10045;BRADESCO;94;10201952,40
202412;3;PE;10069;ITAU;46;242894,94
202412;3;PE;30379;SANTANDER;92;963457,19
202412;3;PI;49906;BB;2;140441,71
202412;3;PI;7237373;BCO DO NORDESTE DO BRASIL S.A.;9;180240,80
202412;3;PI;10045;BRADESCO;53;4188297,53
202412;3;PI;10069;ITAU;16;91301,58
202412;3;PI;30379;SANTANDER;21;233024,26
202412;3;PR;49906;BB;12;694529,11
202412;3;PR;10045;BRADESCO;249;26225594,02
202412;3;PR;10069;ITAU;182;1106281,70
202412;3;PR;30379;SANTANDER;99;987229,42
202412;3;RJ;49906;BB;4;165373,83
202412;3;RJ;10045;BRADESCO;365;41707289,26
202412;3;RJ;10069;ITAU;295;1961467,38
202412;3;RJ;30379;SANTANDER;210;4219619,55
202412;3;RN;49906;BB;5;103641,60
202412;3;RN;7237373;BCO DO NORDESTE DO BRASIL S.A.;11;152287,55
202412;3;RN;10045;BRADESCO;33;4371535,41
202412;3;RN;10069;ITAU;57;275917,69
202412;3;RN;30379;SANTANDER;8;34502,44
202412;3;RO;49906;BB;3;101940,42
202412;3;RO;10045;BRADESCO;21;2311805,54
202412;3;RO;10069;ITAU;8;78954,39
202412;3;RO;30379;SANTANDER;10;183298,91
202412;3;RR;49906;BB;1;3034,78
202412;3;RR;10045;BRADESCO;4;592561,73
202412;3;RR;10069;ITAU;6;15648,44
202412;3;RR;30379;SANTANDER;3;13121,44
202412;3;RS;49906;BB;2;80671,40
202412;3;RS;10045;BRADESCO;37;1156351,86
202412;3;RS;10069;ITAU;63;535477,68
202412;3;RS;30379;SANTANDER;120;2435290,83
202412;3;SC;49906;BB;10;316259,68
202412;3;SC;10045;BRADESCO;165;31083096,20
202412;3;SC;10069;ITAU;47;319617,23
202412;3;SC;30379;SANTANDER;65;1391296,20
202412;3;SE;49906;BB;2;26872,07
202412;3;SE;7237373;BCO DO NORDESTE DO BRASIL S.A.;1;54194,53
202412;3;SE;10045;BRADESCO;12;384892,82
202412;3;SE;10069;ITAU;4;14992,65
202412;3;SE;30379;SANTANDER;7;66225,14
202412;3;SP;49906;BB;32;660200,38
202412;3;SP;10045;BRADESCO;1643;183535228,68
202412;3;SP;10069;ITAU;844;6363571,22
202412;3;SP;30379;SANTANDER;804;9414155,87
202412;3;TO;49906;BB;1;324332,51
202412;3;TO;10045;BRADESCO;28;4711116,73
202412;3;TO;10069;ITAU;4;23229,99
202412;3;TO;30379;SANTANDER;9;76631,76
202501;1;AC;80336;BTG PACTUAL - PRUDENCIAL;1;200,34
202501;1;AC;80738;CAIXA ECONÔMICA FEDERAL - PRUDENCIAL;1;200,21
202501;1;AC;84693;NU PAGAMENTOS - PRUDENCIAL;9;376,71
202501;1;AC;80185;SANTANDER - PRUDENCIAL;9;6662,26
202501;1;AL;80879;BANCOOB - PRUDENCIAL;1;226,89
202501;1;AL;80075;BRADESCO - PRUDENCIAL;2;342,86
202501;1;AL;80336;BTG PACTUAL - PRUDENCIAL;1;140,78
202501;1;AL;80738;CAIXA ECONÔMICA FEDERAL - PRUDENCIAL;2;341,27
202501;1;AL;80996;INTER - PRUDENCIAL;2;317,13
202501;1;AL;80099;ITAU - PRUDENCIAL;1;204,03
202501;1;AL;84693;NU PAGAMENTOS - PRUDENCIAL;15;829,24
202501;1;AL;80185;SANTANDER - PRUDENCIAL;6;4012,78
202501;1;AM;84844;BANCO C6 - PRUDENCIAL;1;222,77
202501;1;AM;80075;BRADESCO - PRUDENCIAL;9;4046,37
202501;1;AM;80336;BTG PACTUAL - PRUDENCIAL;2;405,53
202501;1;AM;80738;CAIXA ECONÔMICA FEDERAL - PRUDENCIAL;4;780,76
202501;1;AM;80099;ITAU - PRUDENCIAL;2;469,25
202501;1;AM;84693;NU PAGAMENTOS - PRUDENCIAL;43;2111,25
202501;1;AM;80185;SANTANDER - PRUDENCIAL;37;32766,36
202501;1;AP;80336;BTG PACTUAL - PRUDENCIAL;1;202,44
202501;1;AP;84693;NU PAGAMENTOS - PRUDENCIAL;4;79,69
202501;1;AP;80185;SANTANDER - PRUDENCIAL;2;4428,02
202501;1;BA;80329;BB - PRUDENCIAL;3;213,60
202501;1;BA;80075;BRADESCO - PRUDENCIAL;8;594,53
202501;1;BA;80336;BTG PACTUAL - PRUDENCIAL;6;795,91
202501;1;BA;80738;CAIXA ECONÔMICA FEDERAL - PRUDENCIAL;5;936,25
202501;1;BA;80996;INTER - PRUDENCIAL;2;298,87
202501;1;BA;80099;ITAU - PRUDENCIAL;11;3642,14
202501;1;BA;84693;NU PAGAMENTOS - PRUDENCIAL;61;2841,81
202501;1;BA;80185;SANTANDER - PRUDENCIAL;67;60254,61
202501;1;CE;84844;BANCO C6 - PRUDENCIAL;1;204,63
202501;1;CE;80329;BB - PRUDENCIAL;1;173,21
202501;1;CE;80075;BRADESCO - PRUDENCIAL;3;285,97
202501;1;CE;80336;BTG PACTUAL - PRUDENCIAL;4;347,04
202501;1;CE;80738;CAIXA ECONÔMICA FEDERAL - PRUDENCIAL;6;1079,97
202501;1;CE;80996;INTER - PRUDENCIAL;1;147,62
202501;1;CE;80099;ITAU - PRUDENCIAL;2;155,40
202501;1;CE;84693;NU PAGAMENTOS - PRUDENCIAL;62;2946,01
202501;1;CE;80185;SANTANDER - PRUDENCIAL;43;36766,55
202501;1;DF;80879;BANCOOB - PRUDENCIAL;1;257,15
202501;1;DF;80075;BRADESCO - PRUDENCIAL;1;22,18
202501;1;DF;80336;BTG PACTUAL - PRUDENCIAL;6;766,82
202501;1;DF;80738;CAIXA ECONÔMICA FEDERAL - PRUDENCIAL;1;200,17
202501;1;DF;80996;INTER - PRUDENCIAL;1;90,32
202501;1;DF;80099;ITAU - PRUDENCIAL;2;199,79
202501;1;DF;84693;NU PAGAMENTOS - PRUDENCIAL;15;987,36
202501;1;DF;80185;SANTANDER - PRUDENCIAL;29;25447,87
202501;1;ES;80075;BRADESCO - PRUDENCIAL;2;361,17
202501;1;ES;80336;BTG PACTUAL - PRUDENCIAL;5;552,09
202501;1;ES;80738;CAIXA ECONÔMICA FEDERAL - PRUDENCIAL;1;104,48
202501;1;ES;80099;ITAU - PRUDENCIAL;2;535,84
202501;1;ES;84693;NU PAGAMENTOS - PRUDENCIAL;12;462,98
202501;1;ES;80185;SANTANDER - PRUDENCIAL;15;15150,20
202501;1;GO;80075;BRADESCO - PRUDENCIAL;4;1820,54
202501;1;GO;80336;BTG PACTUAL - PRUDENCIAL;1;50,89
202501;1;GO;80738;CAIXA ECONÔMICA FEDERAL - PRUDENCIAL;1;163,36
202501;1;GO;80996;INTER - PRUDENCIAL;1;46,81
202501;1;GO;80099;ITAU - PRUDENCIAL;5;885,91
202501;1;GO;84693;NU PAGAMENTOS - PRUDENCIAL;29;1316,50
202501;1;GO;80185;SANTANDER - PRUDENCIAL;35;20884,41
202501;1;MA;84844;BANCO C6 - PRUDENCIAL;1;200,43
202501;1;MA;80075;BRADESCO - PRUDENCIAL;4;46,96
202501;1;MA;80336;BTG PACTUAL - PRUDENCIAL;1;203,43
202501;1;MA;80738;CAIXA ECONÔMICA FEDERAL - PRUDENCIAL;1;202,16
202501;1;MA;80996;INTER - PRUDENCIAL;2;185,37
202501;1;MA;80099;ITAU - PRUDENCIAL;2;593,33
202501;1;MA;84693;NU PAGAMENTOS - PRUDENCIAL;21;1113,60
202501;1;MA;80185;SANTANDER - PRUDENCIAL;25;16582,21
202501;1;MG;80329;BB - PRUDENCIAL;3;380,48
202501;1;MG;80178;BMG - PRUDENCIAL;1;202,76
202501;1;MG;80075;BRADESCO - PRUDENCIAL;11;1607,02
202501;1;MG;80336;BTG PACTUAL - PRUDENCIAL;7;799,59
202501;1;MG;80738;CAIXA ECONÔMICA FEDERAL - PRUDENCIAL;9;1584,47
202501;1;MG;80996;INTER - PRUDENCIAL;12;1386,61
202501;1;MG;80099;ITAU - PRUDENCIAL;7;876,66
202501;1;MG;84693;NU PAGAMENTOS - PRUDENCIAL;92;4342,86
202501;1;MG;80185;SANTANDER - PRUDENCIAL;85;66087,39
202501;1;MS;80329;BB - PRUDENCIAL;4;383,30
202501;1;MS;80075;BRADESCO - PRUDENCIAL;6;355,77
202501;1;MS;80336;BTG PACTUAL - PRUDENCIAL;2;403,38
202501;1;MS;80738;CAIXA ECONÔMICA FEDERAL - PRUDENCIAL;2;301,27
202501;1;MS;80099;ITAU - PRUDENCIAL;1;12,52
202501;1;MS;84693;NU PAGAMENTOS - PRUDENCIAL;29;1125,43
202501;1;MS;80185;SANTANDER - PRUDENCIAL;19;14751,69
202501;1;MT;80075;BRADESCO - PRUDENCIAL;1;122,82
202501;1;MT;80336;BTG PACTUAL - PRUDENCIAL;1;145,70
202501;1;MT;80996;INTER - PRUDENCIAL;1;51,87
202501;1;MT;84693;NU PAGAMENTOS - PRUDENCIAL;15;1037,09
202501;1;MT;80185;SANTANDER - PRUDENCIAL;25;18153,23
202501;1;PA;80075;BRADESCO - PRUDENCIAL;4;174,26
202501;1;PA;80336;BTG PACTUAL - PRUDENCIAL;1;98,75
202501;1;PA;80738;CAIXA ECONÔMICA FEDERAL - PRUDENCIAL;4;801,98
202501;1;PA;80996;INTER - PRUDENCIAL;2;158,26
202501;1;PA;80099;ITAU - PRUDENCIAL;2;204,15
202501;1;PA;84693;NU PAGAMENTOS - PRUDENCIAL;44;1649,38
202501;1;PA;80185;SANTANDER - PRUDENCIAL;35;18103,77
202501;1;PB;80329;BB - PRUDENCIAL;2;201,74
202501;1;PB;80075;BRADESCO - PRUDENCIAL;3;79,36
202501;1;PB;80336;BTG PACTUAL - PRUDENCIAL;3;262,32
202501;1;PB;80738;CAIXA ECONÔMICA FEDERAL - PRUDENCIAL;3;525,84
202501;1;PB;80996;INTER - PRUDENCIAL;1;148,17
202501;1;PB;84693;NU PAGAMENTOS - PRUDENCIAL;14;813,77
202501;1;PB;80185;SANTANDER - PRUDENCIAL;13;18379,07
202501;1;PE;80075;BRADESCO - PRUDENCIAL;6;63,94
202501;1;PE;80336;BTG PACTUAL - PRUDENCIAL;2;227,02
202501;1;PE;80738;CAIXA ECONÔMICA FEDERAL - PRUDENCIAL;7;1315,75
202501;1;PE;80996;INTER - PRUDENCIAL;3;453,60
202501;1;PE;80099;ITAU - PRUDENCIAL;2;254,34
202501;1;PE;84693;NU PAGAMENTOS - PRUDENCIAL;41;2639,97
202501;1;PE;80185;SANTANDER - PRUDENCIAL;37;17395,00
202501;1;PI;84844;BANCO C6 - PRUDENCIAL;2;403,92
202501;1;PI;80329;BB - PRUDENCIAL;1;203,64
202501;1;PI;80075;BRADESCO - PRUDENCIAL;1;169,68
202501;1;PI;80336;BTG PACTUAL - PRUDENCIAL;1;105,00
202501;1;PI;80099;ITAU - PRUDENCIAL;1;390,53
202501;1;PI;84693;NU PAGAMENTOS - PRUDENCIAL;23;1077,14
202501;1;PI;80185;SANTANDER - PRUDENCIAL;8;8062,54
202501;1;PR;84844;BANCO C6 - PRUDENCIAL;1;123,52
202501;1;PR;80879;BANCOOB - PRUDENCIAL;1;217,59
202501;1;PR;80329;BB - PRUDENCIAL;1;51,01
202501;1;PR;80178;BMG - PRUDENCIAL;1;200,64
202501;1;PR;80075;BRADESCO - PRUDENCIAL;9;300,36
202501;1;PR;80336;BTG PACTUAL - PRUDENCIAL;6;901,01
202501;1;PR;80738;CAIXA ECONÔMICA FEDERAL - PRUDENCIAL;2;368,65
202501;1;PR;2466552;CC SICOOB VALE SUL;1;212,90
202501;1;PR;80996;INTER - PRUDENCIAL;1;100,24
202501;1;PR;80099;ITAU - PRUDENCIAL;11;2216,46
202501;1;PR;84693;NU PAGAMENTOS - PRUDENCIAL;54;2850,19
202501;1;PR;80185;SANTANDER - PRUDENCIAL;37;26418,79
202501;1;RJ;84844;BANCO C6 - PRUDENCIAL;3;522,87
202501;1;RJ;80329;BB - PRUDENCIAL;3;113,02
202501;1;RJ;80075;BRADESCO - PRUDENCIAL;15;1486,99
202501;1;RJ;80336;BTG PACTUAL - PRUDENCIAL;11;1400,71
202501;1;RJ;80738;CAIXA ECONÔMICA FEDERAL - PRUDENCIAL;9;1617,89
202501;1;RJ;80996;INTER - PRUDENCIAL;5;717,26
202501;1;RJ;80099;ITAU - PRUDENCIAL;21;2793,45
202501;1;RJ;84693;NU PAGAMENTOS - PRUDENCIAL;130;6955,35
202501;1;RJ;80185;SANTANDER - PRUDENCIAL;170;121260,44
202501;1;RN;80075;BRADESCO - PRUDENCIAL;3;474,28
202501;1;RN;80336;BTG PACTUAL - PRUDENCIAL;4;475,95
202501;1;RN;80738;CAIXA ECONÔMICA FEDERAL - PRUDENCIAL;1;200,75
202501;1;RN;80099;ITAU - PRUDENCIAL;5;1022,17
202501;1;RN;84693;NU PAGAMENTOS - PRUDENCIAL;10;729,51
202501;1;RN;80185;SANTANDER - PRUDENCIAL;13;9771,58
202501;1;RO;80329;BB - PRUDENCIAL;1;98,55
202501;1;RO;80075;BRADESCO - PRUDENCIAL;2;2369,36
202501;1;RO;80336;BTG PACTUAL - PRUDENCIAL;5;585,24
202501;1;RO;2015588;CCLA DO CENTRO SUL RONDONIENSE;1;116,24
202501;1;RO;84693;NU PAGAMENTOS - PRUDENCIAL;17;864,61
202501;1;RO;80185;SANTANDER - PRUDENCIAL;13;8651,17
202501;1;RR;80075;BRADESCO - PRUDENCIAL;1;7,19
202501;1;RR;80099;ITAU - PRUDENCIAL;2;205,73
202501;1;RR;80185;SANTANDER - PRUDENCIAL;3;5420,48
202501;1;RS;84844;BANCO C6 - PRUDENCIAL;1;83,79
202501;1;RS;80154;BANRISUL - PRUDENCIAL;3;5446,84
202501;1;RS;80329;BB - PRUDENCIAL;1;202,32
202501;1;RS;80075;BRADESCO - PRUDENCIAL;4;385,63
202501;1;RS;80336;BTG PACTUAL - PRUDENCIAL;7;1019,86
202501;1;RS;80738;CAIXA ECONÔMICA FEDERAL - PRUDENCIAL;4;762,31
202501;1;RS;80996;INTER - PRUDENCIAL;1;94,24
202501;1;RS;80099;ITAU - PRUDENCIAL;5;783,22
202501;1;RS;84693;NU PAGAMENTOS - PRUDENCIAL;58;2883,84
202501;1;RS;80185;SANTANDER - PRUDENCIAL;60;55841,53
202501;1;SC;80329;BB - PRUDENCIAL;2;223,73
202501;1;SC;80178;BMG - PRUDENCIAL;1;201,38
202501;1;SC;80075;BRADESCO - PRUDENCIAL;7;4955,96
202501;1;SC;80336;BTG PACTUAL - PRUDENCIAL;3;313,29
202501;1;SC;80738;CAIXA ECONÔMICA FEDERAL - PRUDENCIAL;3;479,18
202501;1;SC;80996;INTER - PRUDENCIAL;2;214,86
202501;1;SC;80099;ITAU - PRUDENCIAL;3;500,28
202501;1;SC;84693;NU PAGAMENTOS - PRUDENCIAL;48;1728,57
202501;1;SC;80185;SANTANDER - PRUDENCIAL;22;29239,23
202501;1;SE;80336;BTG PACTUAL - PRUDENCIAL;1;202,35
202501;1;SE;80738;CAIXA ECONÔMICA FEDERAL - PRUDENCIAL;4;713,38
202501;1;SE;80099;ITAU - PRUDENCIAL;1;163,94
202501;1;SE;84693;NU PAGAMENTOS - PRUDENCIAL;7;180,00
202501;1;SE;80185;SANTANDER - PRUDENCIAL;4;3003,84
202501;1;SP;84844;BANCO C6 - PRUDENCIAL;6;1327,82
202501;1;SP;80879;BANCOOB - PRUDENCIAL;1;226,93
202501;1;SP;80329;BB - PRUDENCIAL;5;315,85
202501;1;SP;80178;BMG - PRUDENCIAL;2;406,01
202501;1;SP;80075;BRADESCO - PRUDENCIAL;47;5248,89
202501;1;SP;80336;BTG PACTUAL - PRUDENCIAL;40;5441,31
202501;1;SP;80738;CAIXA ECONÔMICA FEDERAL - PRUDENCIAL;9;1536,38
202501;1;SP;80996;INTER - PRUDENCIAL;12;1417,68
202501;1;SP;80099;ITAU - PRUDENCIAL;43;9221,96
202501;1;SP;84693;NU PAGAMENTOS - PRUDENCIAL;312;14088,41
202501;1;SP;80185;SANTANDER - PRUDENCIAL;406;275909,81
202501;1;TO;80738;CAIXA ECONÔMICA FEDERAL - PRUDENCIAL;1;131,92
202501;1;TO;84693;NU PAGAMENTOS - PRUDENCIAL;3;160,09
202501;1;TO;80185;SANTANDER - PRUDENCIAL;7;3719,87
202501;2;AC;80484;VOTORANTIM - PRUDENCIAL;1;6558,57
202501;2;AL;80738;CAIXA ECONÔMICA FEDERAL - PRUDENCIAL;1;540,97
202501;2;AL;80484;VOTORANTIM - PRUDENCIAL;2;17373,48
202501;2;AM;80075;BRADESCO - PRUDENCIAL;1;445,77
202501;2;AP;80738;CAIXA ECONÔMICA FEDERAL - PRUDENCIAL;1;9433,73
202501;2;BA;84844;BANCO C6 - PRUDENCIAL;1;282,59
202501;2;BA;80329;BB - PRUDENCIAL;1;1031,31
202501;2;BA;81593;BCO DO NORDESTE DO BRASIL S.A. - PRUDENCIAL;2;8230,07
202501;2;BA;80075;BRADESCO - PRUDENCIAL;8;27723,83
202501;2;BA;80738;CAIXA ECONÔMICA FEDERAL - PRUDENCIAL;8;21857,24
202501;2;CE;84844;BANCO C6 - PRUDENCIAL;1;424,38
202501;2;CE;80075;BRADESCO - PRUDENCIAL;4;32382,84
202501;2;CE;80738;CAIXA ECONÔMICA FEDERAL - PRUDENCIAL;1;1105,95
202501;2;CE;80484;VOTORANTIM - PRUDENCIAL;1;4806,52
202501;2;DF;84844;BANCO C6 - PRUDENCIAL;1;78,59
202501;2;DF;80075;BRADESCO - PRUDENCIAL;1;39661,10
202501;2;DF;80738;CAIXA ECONÔMICA FEDERAL - PRUDENCIAL;3;6452,08
202501;2;DF;80484;VOTORANTIM - PRUDENCIAL;1;3968,55
202501;2;ES;80075;BRADESCO - PRUDENCIAL;1;1491,14
202501;2;ES;80738;CAIXA ECONÔMICA FEDERAL - PRUDENCIAL;6;14251,13
202501;2;GO;80329;BB - PRUDENCIAL;1;4800,20
202501;2;GO;80075;BRADESCO - PRUDENCIAL;1;72,41
202501;2;GO;80738;CAIXA ECONÔMICA FEDERAL - PRUDENCIAL;11;28924,69
202501;2;GO;80484;VOTORANTIM - PRUDENCIAL;2;5287,52
202501;2;MA;80329;BB - PRUDENCIAL;1;3080,05
202501;2;MA;81593;BCO DO NORDESTE DO BRASIL S.A. - PRUDENCIAL;1;2145,87
202501;2;MA;80075;BRADESCO - PRUDENCIAL;1;402,91
202501;2;MA;80738;CAIXA ECONÔMICA FEDERAL - PRUDENCIAL;2;12626,04
202501;2;MA;80484;VOTORANTIM - PRUDENCIAL;3;4263,99
202501;2;MG;84844;BANCO C6 - PRUDENCIAL;1;202,36
202501;2;MG;80075;BRADESCO - PRUDENCIAL;4;38991,44
202501;2;MG;80738;CAIXA ECONÔMICA FEDERAL - PRUDENCIAL;23;47293,77
202501;2;MG;80099;ITAU - PRUDENCIAL;2;119,58
202501;2;MG;80185;SANTANDER - PRUDENCIAL;3;281,22
202501;2;MG;80484;VOTORANTIM - PRUDENCIAL;10;22488,51
202501;2;MS;80075;BRADESCO - PRUDENCIAL;2;112027,89
202501;2;MS;80738;CAIXA ECONÔMICA FEDERAL - PRUDENCIAL;4;6886,99
202501;2;MS;80484;VOTORANTIM - PRUDENCIAL;4;15422,41
202501;2;MT;84844;BANCO C6 - PRUDENCIAL;2;817,33
202501;2;MT;80075;BRADESCO - PRUDENCIAL;1;14,90
202501;2;MT;80738;CAIXA ECONÔMICA FEDERAL - PRUDENCIAL;3;11955,77
202501;2;MT;80484;VOTORANTIM - PRUDENCIAL;3;3633,21
202501;2;PA;80075;BRADESCO - PRUDENCIAL;1;38,76
202501;2;PA;80738;CAIXA ECONÔMICA FEDERAL - PRUDENCIAL;4;11586,13
202501;2;PA;80484;VOTORANTIM - PRUDENCIAL;2;8451,84
202501;2;PB;81593;BCO DO NORDESTE DO BRASIL S.A. - PRUDENCIAL;1;19397,43
202501;2;PB;80738;CAIXA ECONÔMICA FEDERAL - PRUDENCIAL;2;8530,03
202501;2;PB;80484;VOTORANTIM - PRUDENCIAL;4;7914,57
202501;2;PE;80075;BRADESCO - PRUDENCIAL;1;385,61
202501;2;PE;80738;CAIXA ECONÔMICA FEDERAL - PRUDENCIAL;5;4236,74
202501;2;PE;80484;VOTORANTIM - PRUDENCIAL;2;2267,40
202501;2;PI;80329;BB - PRUDENCIAL;1;10859,41
202501;2;PI;80738;CAIXA ECONÔMICA FEDERAL - PRUDENCIAL;3;8681,82
202501;2;PR;84844;BANCO C6 - PRUDENCIAL;1;330,96
202501;2;PR;80738;CAIXA ECONÔMICA FEDERAL - PRUDENCIAL;16;32408,25
202501;2;PR;80484;VOTORANTIM - PRUDENCIAL;8;20223,84
202501;2;RJ;84844;BANCO C6 - PRUDENCIAL;1;669,95
202501;2;RJ;80075;BRADESCO - PRUDENCIAL;6;1560,83
202501;2;RJ;80738;CAIXA ECONÔMICA FEDERAL - PRUDENCIAL;17;25184,58
202501;2;RJ;80099;ITAU - PRUDENCIAL;2;39,68
202501;2;RJ;80484;VOTORANTIM - PRUDENCIAL;3;7634,23
202501;2;RN;84844;BANCO C6 - PRUDENCIAL;1;207,34
202501;2;RN;80738;CAIXA ECONÔMICA FEDERAL - PRUDENCIAL;2;9569,50
202501;2;RN;80484;VOTORANTIM - PRUDENCIAL;2;12284,18
202501;2;RO;80738;CAIXA ECONÔMICA FEDERAL - PRUDENCIAL;3;2584,49
202501;2;RR;84844;BANCO C6 - PRUDENCIAL;1;2068,30
202501;2;RR;80738;CAIXA ECONÔMICA FEDERAL - PRUDENCIAL;1;4497,54
202501;2;RS;84844;BANCO C6 - PRUDENCIAL;1;1487,47
202501;2;RS;80075;BRADESCO - PRUDENCIAL;1;1970,90
202501;2;RS;80738;CAIXA ECONÔMICA FEDERAL - PRUDENCIAL;26;56790,61
202501;2;RS;80484;VOTORANTIM - PRUDENCIAL;5;9207,95
202501;2;SC;80738;CAIXA ECONÔMICA FEDERAL - PRUDENCIAL;14;30190,60
202501;2;SC;80484;VOTORANTIM - PRUDENCIAL;5;19697,94
202501;2;SE;80738;CAIXA ECONÔMICA FEDERAL - PRUDENCIAL;1;775,99
202501;2;SE;80484;VOTORANTIM - PRUDENCIAL;1;2526,72
202501;2;SP;84844;BANCO C6 - PRUDENCIAL;7;3453,51
202501;2;SP;80075;BRADESCO - PRUDENCIAL;12;22365,15
202501;2;SP;80738;CAIXA ECONÔMICA FEDERAL - PRUDENCIAL;60;119513,47
202501;2;SP;80099;ITAU - PRUDENCIAL;2;19,60
202501;2;SP;80185;SANTANDER - PRUDENCIAL;2;135,16
202501;2;SP;80484;VOTORANTIM - PRUDENCIAL;31;79071,16
202501;2;TO;80075;BRADESCO - PRUDENCIAL;1;1476,18
202501;2;TO;80738;CAIXA ECONÔMICA FEDERAL - PRUDENCIAL;1;3012,80
202501;3;AL;81593;BCO DO NORDESTE DO BRASIL S.A. - PRUDENCIAL;4;21651,12
202501;3;AL;80099;ITAU - PRUDENCIAL;1;26591,54
202501;3;AM;80099;ITAU - PRUDENCIAL;11;163205,21
202501;3;AM;80185;SANTANDER - PRUDENCIAL;5;169017,31
202501;3;AP;80099;ITAU - PRUDENCIAL;3;54468,50
202501;3;BA;80329;BB - PRUDENCIAL;1;854,05
202501;3;BA;81593;BCO DO NORDESTE DO BRASIL S.A. - PRUDENCIAL;3;138667,10
202501;3;BA;80099;ITAU - PRUDENCIAL;16;60448,37
202501;3;BA;80185;SANTANDER - PRUDENCIAL;21;763225,50
202501;3;CE;81593;BCO DO NORDESTE DO BRASIL S.A. - PRUDENCIAL;9;78882,23
202501;3;CE;80099;ITAU - PRUDENCIAL;12;95311,20
202501;3;CE;80185;SANTANDER - PRUDENCIAL;15;151229,51
202501;3;DF;80075;BRADESCO - PRUDENCIAL;2;11874,74
202501;3;DF;80099;ITAU - PRUDENCIAL;3;17703,78
202501;3;DF;80185;SANTANDER - PRUDENCIAL;12;64998,02
202501;3;ES;81593;BCO DO NORDESTE DO BRASIL S.A. - PRUDENCIAL;2;4146,51
202501;3;ES;80099;ITAU - PRUDENCIAL;3;14972,47
202501;3;ES;80185;SANTANDER - PRUDENCIAL;9;53811,08
202501;3;GO;80099;ITAU - PRUDENCIAL;18;61023,34
202501;3;GO;80185;SANTANDER - PRUDENCIAL;18;220933,39
202501;3;MA;81593;BCO DO NORDESTE DO BRASIL S.A. - PRUDENCIAL;5;326058,74
202501;3;MA;80099;ITAU - PRUDENCIAL;6;59200,10
202501;3;MA;80185;SANTANDER - PRUDENCIAL;12;449310,83
202501;3;MG;81593;BCO DO NORDESTE DO BRASIL S.A. - PRUDENCIAL;1;7631,64
202501;3;MG;80075;BRADESCO - PRUDENCIAL;2;56200,68
202501;3;MG;80099;ITAU - PRUDENCIAL;41;269612,41
202501;3;MG;80185;SANTANDER - PRUDENCIAL;59;663495,54
202501;3;MS;80329;BB - PRUDENCIAL;1;180501,02
202501;3;MS;80099;ITAU - PRUDENCIAL;7;17864,57
202501;3;MS;80185;SANTANDER - PRUDENCIAL;7;115151,91
202501;3;MT;80099;ITAU - PRUDENCIAL;2;1176,46
202501;3;MT;80185;SANTANDER - PRUDENCIAL;8;123169,73
202501;3;PA;80329;BB - PRUDENCIAL;5;1507811,20
202501;3;PA;80075;BRADESCO - PRUDENCIAL;1;2339,83
202501;3;PA;80099;ITAU - PRUDENCIAL;18;128997,36
202501;3;PA;80185;SANTANDER - PRUDENCIAL;23;344769,29
202501;3;PB;81593;BCO DO NORDESTE DO BRASIL S.A. - PRUDENCIAL;3;93395,50
202501;3;PB;80099;ITAU - PRUDENCIAL;5;19997,57
202501;3;PB;80185;SANTANDER - PRUDENCIAL;2;5129,99
202501;3;PE;81593;BCO DO NORDESTE DO BRASIL S.A. - PRUDENCIAL;3;52575,27
202501;3;PE;80099;ITAU - PRUDENCIAL;15;146806,36
202501;3;PE;80185;SANTANDER - PRUDENCIAL;16;394634,97
202501;3;PI;80329;BB - PRUDENCIAL;1;96476,83
202501;3;PI;81593;BCO DO NORDESTE DO BRASIL S.A. - PRUDENCIAL;1;17313,74
202501;3;PI;80185;SANTANDER - PRUDENCIAL;4;38894,81
202501;3;PR;80329;BB - PRUDENCIAL;2;264655,30
202501;3;PR;80075;BRADESCO - PRUDENCIAL;1;20824,19
202501;3;PR;80099;ITAU - PRUDENCIAL;28;160893,01
202501;3;PR;80185;SANTANDER - PRUDENCIAL;30;539314,40
202501;3;RJ;80075;BRADESCO - PRUDENCIAL;1;16760,25
202501;3;RJ;80099;ITAU - PRUDENCIAL;82;620427,10
202501;3;RJ;80185;SANTANDER - PRUDENCIAL;64;1190678,68
202501;3;RN;81593;BCO DO NORDESTE DO BRASIL S.A. - PRUDENCIAL;3;106498,94
202501;3;RN;80099;ITAU - PRUDENCIAL;2;6619,33
202501;3;RN;80185;SANTANDER - PRUDENCIAL;8;42260,03
202501;3;RO;80099;ITAU - PRUDENCIAL;3;4530,77
202501;3;RO;80185;SANTANDER - PRUDENCIAL;2;68910,52
202501;3;RS;80099;ITAU - PRUDENCIAL;16;97660,01
202501;3;RS;80185;SANTANDER - PRUDENCIAL;10;193121,21
202501;3;SC;80099;ITAU - PRUDENCIAL;5;103905,20
202501;3;SC;80185;SANTANDER - PRUDENCIAL;2;54002,60
202501;3;SE;81593;BCO DO NORDESTE DO BRASIL S.A. - PRUDENCIAL;1;57076,59
202501;3;SE;80185;SANTANDER - PRUDENCIAL;2;20705,43
202501;3;SP;80329;BB - PRUDENCIAL;2;163021,77
202501;3;SP;80075;BRADESCO - PRUDENCIAL;7;159870,03
202501;3;SP;80099;ITAU - PRUDENCIAL;186;1798832,04
202501;3;SP;80185;SANTANDER - PRUDENCIAL;168;2280186,61
202501;3;TO;80099;ITAU - PRUDENCIAL;8;55104,98
202501;3;TO;80185;SANTANDER - PRUDENCIAL;2;5561,05
202502;1;AC;80075;BRADESCO - PRUDENCIAL;1;51,01
202502;1;AC;80099;ITAU - PRUDENCIAL;1;51,77
202502;1;AC;84693;NU PAGAMENTOS - PRUDENCIAL;7;257,95
202502;1;AC;80185;SANTANDER - PRUDENCIAL;1;847,84
202502;1;AL;80178;BMG - PRUDENCIAL;1;201,68
202502;1;AL;80336;BTG PACTUAL - PRUDENCIAL;2;378,89
202502;1;AL;84693;NU PAGAMENTOS - PRUDENCIAL;9;353,59
202502;1;AL;80185;SANTANDER - PRUDENCIAL;3;2760,86
202502;1;AM;80329;BB - PRUDENCIAL;2;241,83
202502;1;AM;80075;BRADESCO - PRUDENCIAL;4;521,13
202502;1;AM;80336;BTG PACTUAL - PRUDENCIAL;2;212,39
202502;1;AM;80099;ITAU - PRUDENCIAL;1;75,14
202502;1;AM;84693;NU PAGAMENTOS - PRUDENCIAL;17;1025,42
202502;1;AM;80185;SANTANDER - PRUDENCIAL;19;36429,83
202502;1;AP;80329;BB - PRUDENCIAL;1;201,22
202502;1;AP;84693;NU PAGAMENTOS - PRUDENCIAL;2;254,19
202502;1;AP;80185;SANTANDER - PRUDENCIAL;1;263,93
202502;1;BA;80329;BB - PRUDENCIAL;1;82,10
202502;1;BA;80336;BTG PACTUAL - PRUDENCIAL;2;267,18
202502;1;BA;80738;CAIXA ECONÔMICA FEDERAL - PRUDENCIAL;2;289,54
202502;1;BA;80996;INTER - PRUDENCIAL;3;389,46
202502;1;BA;80099;ITAU - PRUDENCIAL;2;203,80
202502;1;BA;84693;NU PAGAMENTOS - PRUDENCIAL;47;2451,75
202502;1;BA;80185;SANTANDER - PRUDENCIAL;33;41909,44
202502;1;CE;80336;BTG PACTUAL - PRUDENCIAL;3;389,97
202502;1;CE;80738;CAIXA ECONÔMICA FEDERAL - PRUDENCIAL;2;202,22
202502;1;CE;80996;INTER - PRUDENCIAL;7;874,31
202502;1;CE;80099;ITAU - PRUDENCIAL;4;479,00
202502;1;CE;84693;NU PAGAMENTOS - PRUDENCIAL;39;3009,82
202502;1;CE;80185;SANTANDER - PRUDENCIAL;19;29995,18
202502;1;DF;80879;BANCOOB - PRUDENCIAL;1;200,16
202502;1;DF;80336;BTG PACTUAL - PRUDENCIAL;1;101,51
202502;1;DF;80996;INTER - PRUDENCIAL;1;200,70
202502;1;DF;80099;ITAU - PRUDENCIAL;1;103,58
202502;1;DF;84693;NU PAGAMENTOS - PRUDENCIAL;18;1337,76
202502;1;DF;80185;SANTANDER - PRUDENCIAL;10;17770,66
202502;1;ES;84844;BANCO C6 - PRUDENCIAL;1;1,66
202502;1;ES;80075;BRADESCO - PRUDENCIAL;1;27,38
202502;1;ES;80336;BTG PACTUAL - PRUDENCIAL;1;201,49
202502;1;ES;80738;CAIXA ECONÔMICA FEDERAL - PRUDENCIAL;1;214,71
202502;1;ES;80996;INTER - PRUDENCIAL;1;342,18
202502;1;ES;80099;ITAU - PRUDENCIAL;1;269,29
202502;1;ES;84693;NU PAGAMENTOS - PRUDENCIAL;12;492,87
202502;1;ES;80185;SANTANDER - PRUDENCIAL;9;12291,72
202502;1;GO;80329;BB - PRUDENCIAL;2;117,26
202502;1;GO;80336;BTG PACTUAL - PRUDENCIAL;3;211,84
202502;1;GO;80996;INTER - PRUDENCIAL;1;249,36
202502;1;GO;80099;ITAU - PRUDENCIAL;3;385,78
202502;1;GO;84693;NU PAGAMENTOS - PRUDENCIAL;20;1480,07
202502;1;GO;80185;SANTANDER - PRUDENCIAL;15;28603,53
202502;1;MA;84844;BANCO C6 - PRUDENCIAL;1;204,92
202502;1;MA;80879;BANCOOB - PRUDENCIAL;1;305,39
202502;1;MA;80329;BB - PRUDENCIAL;1;24,09
202502;1;MA;80336;BTG PACTUAL - PRUDENCIAL;3;480,22
202502;1;MA;80738;CAIXA ECONÔMICA FEDERAL - PRUDENCIAL;1;198,11
202502;1;MA;84693;NU PAGAMENTOS - PRUDENCIAL;16;1632,39
202502;1;MA;80185;SANTANDER - PRUDENCIAL;11;18796,30
202502;1;MG;84844;BANCO C6 - PRUDENCIAL;2;338,37
202502;1;MG;80879;BANCOOB - PRUDENCIAL;3;195,13
202502;1;MG;80178;BMG - PRUDENCIAL;1;200,89
202502;1;MG;80075;BRADESCO - PRUDENCIAL;3;2915,10
202502;1;MG;80336;BTG PACTUAL - PRUDENCIAL;9;1148,24
202502;1;MG;80738;CAIXA ECONÔMICA FEDERAL - PRUDENCIAL;6;833,09
202502;1;MG;80996;INTER - PRUDENCIAL;1;220,49
202502;1;MG;80099;ITAU - PRUDENCIAL;8;1162,26
202502;1;MG;84693;NU PAGAMENTOS - PRUDENCIAL;66;3798,31
202502;1;MG;80185;SANTANDER - PRUDENCIAL;43;62816,76
202502;1;MS;84693;NU PAGAMENTOS - PRUDENCIAL;23;1787,81
202502;1;MS;80185;SANTANDER - PRUDENCIAL;6;8038,35
202502;1;MT;84844;BANCO C6 - PRUDENCIAL;1;50,74
202502;1;MT;80329;BB - PRUDENCIAL;1;50,76
202502;1;MT;80075;BRADESCO - PRUDENCIAL;2;209,42
202502;1;MT;80336;BTG PACTUAL - PRUDENCIAL;1;200,18
202502;1;MT;80996;INTER - PRUDENCIAL;1;201,75
202502;1;MT;84693;NU PAGAMENTOS - PRUDENCIAL;14;696,69
202502;1;MT;80185;SANTANDER - PRUDENCIAL;4;4529,36
202502;1;PA;80329;BB - PRUDENCIAL;1;24,65
202502;1;PA;80075;BRADESCO - PRUDENCIAL;1;33,95
202502;1;PA;80336;BTG PACTUAL - PRUDENCIAL;4;654,31
202502;1;PA;80738;CAIXA ECONÔMICA FEDERAL - PRUDENCIAL;3;353,76
202502;1;PA;80099;ITAU - PRUDENCIAL;1;202,66
202502;1;PA;84693;NU PAGAMENTOS - PRUDENCIAL;28;1588,70
202502;1;PA;80185;SANTANDER - PRUDENCIAL;13;15984,15
202502;1;PB;80336;BTG PACTUAL - PRUDENCIAL;2;401,75
202502;1;PB;80738;CAIXA ECONÔMICA FEDERAL - PRUDENCIAL;1;200,59
202502;1;PB;80996;INTER - PRUDENCIAL;1;63,53
202502;1;PB;80099;ITAU - PRUDENCIAL;1;51,90
202502;1;PB;84693;NU PAGAMENTOS - PRUDENCIAL;18;1802,99
202502;1;PB;80185;SANTANDER - PRUDENCIAL;9;13048,73
202502;1;PE;80329;BB - PRUDENCIAL;3;470,55
202502;1;PE;80075;BRADESCO - PRUDENCIAL;1;212,98
202502;1;PE;80336;BTG PACTUAL - PRUDENCIAL;6;605,99
202502;1;PE;80738;CAIXA ECONÔMICA FEDERAL - PRUDENCIAL;2;257,64
202502;1;PE;80996;INTER - PRUDENCIAL;1;91,28
202502;1;PE;80099;ITAU - PRUDENCIAL;4;627,19
202502;1;PE;84693;NU PAGAMENTOS - PRUDENCIAL;23;1346,57
202502;1;PE;80185;SANTANDER - PRUDENCIAL;20;37833,45
202502;1;PI;80336;BTG PACTUAL - PRUDENCIAL;1;201,57
202502;1;PI;84693;NU PAGAMENTOS - PRUDENCIAL;13;704,88
202502;1;PI;80185;SANTANDER - PRUDENCIAL;6;7165,97
202502;1;PR;84844;BANCO C6 - PRUDENCIAL;1;304,63
202502;1;PR;80879;BANCOOB - PRUDENCIAL;1;208,74
202502;1;PR;80178;BMG - PRUDENCIAL;1;202,02
202502;1;PR;80075;BRADESCO - PRUDENCIAL;2;3600,77
202502;1;PR;80336;BTG PACTUAL - PRUDENCIAL;5;608,50
202502;1;PR;80738;CAIXA ECONÔMICA FEDERAL - PRUDENCIAL;1;19,72
202502;1;PR;80996;INTER - PRUDENCIAL;6;844,77
202502;1;PR;80099;ITAU - PRUDENCIAL;7;884,41
202502;1;PR;84693;NU PAGAMENTOS - PRUDENCIAL;37;1628,51
202502;1;PR;80185;SANTANDER - PRUDENCIAL;12;10257,00
202502;1;RJ;80329;BB - PRUDENCIAL;4;526,98
202502;1;RJ;80075;BRADESCO - PRUDENCIAL;5;657,74
202502;1;RJ;80336;BTG PACTUAL - PRUDENCIAL;3;542,08
202502;1;RJ;80738;CAIXA ECONÔMICA FEDERAL - PRUDENCIAL;2;404,28
202502;1;RJ;80996;INTER - PRUDENCIAL;3;558,60
202502;1;RJ;80099;ITAU - PRUDENCIAL;10;989,16
202502;1;RJ;84693;NU PAGAMENTOS - PRUDENCIAL;84;5092,02
202502;1;RJ;80185;SANTANDER - PRUDENCIAL;63;95856,80
202502;1;RN;80329;BB - PRUDENCIAL;1;26,70
202502;1;RN;80336;BTG PACTUAL - PRUDENCIAL;1;125,81
202502;1;RN;80738;CAIXA ECONÔMICA FEDERAL - PRUDENCIAL;1;141,24
202502;1;RN;80996;INTER - PRUDENCIAL;1;200,64
202502;1;RN;80099;ITAU - PRUDENCIAL;3;190,07
202502;1;RN;84693;NU PAGAMENTOS - PRUDENCIAL;12;1121,86
202502;1;RN;80185;SANTANDER - PRUDENCIAL;5;4726,67
202502;1;RO;80099;ITAU - PRUDENCIAL;1;4,26
202502;1;RO;84693;NU PAGAMENTOS - PRUDENCIAL;12;724,17
202502;1;RO;80185;SANTANDER - PRUDENCIAL;7;13118,80
202502;1;RO;5203605;SICOOB AMAZÔNIA;1;204,50
202502;1;RR;80336;BTG PACTUAL - PRUDENCIAL;1;106,40
202502;1;RR;84693;NU PAGAMENTOS - PRUDENCIAL;4;87,22
202502;1;RR;80185;SANTANDER - PRUDENCIAL;3;11390,09
202502;1;RS;80075;BRADESCO - PRUDENCIAL;1;7,84
202502;1;RS;80336;BTG PACTUAL - PRUDENCIAL;3;505,05
202502;1;RS;80738;CAIXA ECONÔMICA FEDERAL - PRUDENCIAL;2;592,21
202502;1;RS;80099;ITAU - PRUDENCIAL;2;54,98
202502;1;RS;84693;NU PAGAMENTOS - PRUDENCIAL;41;2650,89
202502;1;RS;80185;SANTANDER - PRUDENCIAL;16;25702,45
202502;1;SC;80329;BB - PRUDENCIAL;1;46,97
202502;1;SC;80336;BTG PACTUAL - PRUDENCIAL;2;297,08
202502;1;SC;80738;CAIXA ECONÔMICA FEDERAL - PRUDENCIAL;2;256,45
202502;1;SC;80996;INTER - PRUDENCIAL;1;103,92
202502;1;SC;80099;ITAU - PRUDENCIAL;2;216,57
202502;1;SC;84693;NU PAGAMENTOS - PRUDENCIAL;29;1654,95
202502;1;SC;80185;SANTANDER - PRUDENCIAL;11;15512,80
202502;1;SE;80329;BB - PRUDENCIAL;1;51,44
202502;1;SE;80099;ITAU - PRUDENCIAL;1;161,91
202502;1;SE;84693;NU PAGAMENTOS - PRUDENCIAL;3;217,86
202502;1;SE;80185;SANTANDER - PRUDENCIAL;1;482,36
202502;1;SP;84844;BANCO C6 - PRUDENCIAL;7;1378,51
202502;1;SP;80879;BANCOOB - PRUDENCIAL;1;202,96
202502;1;SP;80329;BB - PRUDENCIAL;8;746,30
202502;1;SP;80178;BMG - PRUDENCIAL;1;200,25
202502;1;SP;80075;BRADESCO - PRUDENCIAL;13;2356,53
202502;1;SP;80336;BTG PACTUAL - PRUDENCIAL;25;3681,04
202502;1;SP;80738;CAIXA ECONÔMICA FEDERAL - PRUDENCIAL;6;828,46
202502;1;SP;80996;INTER - PRUDENCIAL;8;1317,53
202502;1;SP;80099;ITAU - PRUDENCIAL;29;3167,84
202502;1;SP;84693;NU PAGAMENTOS - PRUDENCIAL;223;15017,41
202502;1;SP;80185;SANTANDER - PRUDENCIAL;134;173442,02
202502;1;TO;80329;BB - PRUDENCIAL;1;161,26
202502;1;TO;84693;NU PAGAMENTOS - PRUDENCIAL;2;113,41
202502;2;AL;80484;VOTORANTIM - PRUDENCIAL;1;5776,20
202502;2;AM;80075;BRADESCO - PRUDENCIAL;1;3482,04
202502;2;BA;80075;BRADESCO - PRUDENCIAL;3;23396,81
202502;2;BA;80484;VOTORANTIM - PRUDENCIAL;2;32157,37
202502;2;CE;84844;BANCO C6 - PRUDENCIAL;2;868,92
202502;2;CE;80075;BRADESCO - PRUDENCIAL;1;9146,13
202502;2;CE;80484;VOTORANTIM - PRUDENCIAL;4;3200,56
202502;2;DF;84844;BANCO C6 - PRUDENCIAL;1;75,85
202502;2;DF;80075;BRADESCO - PRUDENCIAL;1;19841,31
202502;2;GO;80484;VOTORANTIM - PRUDENCIAL;3;12122,57
202502;2;MA;80075;BRADESCO - PRUDENCIAL;1;6560,86
202502;2;MA;80484;VOTORANTIM - PRUDENCIAL;3;4923,15
202502;2;MG;84844;BANCO C6 - PRUDENCIAL;1;209,29
202502;2;MG;80075;BRADESCO - PRUDENCIAL;3;8030,17
202502;2;MG;80484;VOTORANTIM - PRUDENCIAL;6;17384,38
202502;2;MS;84844;BANCO C6 - PRUDENCIAL;1;284,60
202502;2;MS;80075;BRADESCO - PRUDENCIAL;1;13900,73
202502;2;MS;80484;VOTORANTIM - PRUDENCIAL;2;10116,57
202502;2;MT;80484;VOTORANTIM - PRUDENCIAL;2;3948,37
202502;2;PA;84844;BANCO C6 - PRUDENCIAL;1;211,87
202502;2;PA;80075;BRADESCO - PRUDENCIAL;1;59,04
202502;2;PA;80484;VOTORANTIM - PRUDENCIAL;1;738,60
202502;2;PE;84844;BANCO C6 - PRUDENCIAL;1;201,57
202502;2;PI;80075;BRADESCO - PRUDENCIAL;2;4850,13
202502;2;PR;84844;BANCO C6 - PRUDENCIAL;2;2660,18
202502;2;PR;80075;BRADESCO - PRUDENCIAL;2;7927,45
202502;2;PR;80099;ITAU - PRUDENCIAL;1;7,60
202502;2;PR;80484;VOTORANTIM - PRUDENCIAL;4;7119,20
202502;2;RJ;84844;BANCO C6 - PRUDENCIAL;4;874,81
202502;2;RJ;80075;BRADESCO - PRUDENCIAL;6;64166,24
202502;2;RN;80075;BRADESCO - PRUDENCIAL;1;672,78
202502;2;RR;80484;VOTORANTIM - PRUDENCIAL;1;10415,04
202502;2;RS;80154;BANRISUL - PRUDENCIAL;1;203,37
202502;2;RS;80075;BRADESCO - PRUDENCIAL;1;10936,53
202502;2;RS;80185;SANTANDER - PRUDENCIAL;3;148,87
202502;2;RS;80484;VOTORANTIM - PRUDENCIAL;6;22414,05
202502;2;SC;80075;BRADESCO - PRUDENCIAL;2;7257,33
202502;2;SC;80484;VOTORANTIM - PRUDENCIAL;7;34243,82
202502;2;SE;80484;VOTORANTIM - PRUDENCIAL;2;4292,74
202502;2;SP;84844;BANCO C6 - PRUDENCIAL;5;8518,91
202502;2;SP;80329;BB - PRUDENCIAL;2;3641,32
202502;2;SP;80075;BRADESCO - PRUDENCIAL;12;34155,17
202502;2;SP;80099;ITAU - PRUDENCIAL;1;46,35
202502;2;SP;80484;VOTORANTIM - PRUDENCIAL;20;45629,06
202502;3;AL;81593;BCO DO NORDESTE DO BRASIL S.A. - PRUDENCIAL;1;21651,12
202502;3;AL;80185;SANTANDER - PRUDENCIAL;1;4431,46
202502;3;AM;80185;SANTANDER - PRUDENCIAL;1;20331,42
202502;3;AP;80185;SANTANDER - PRUDENCIAL;1;90915,63
202502;3;BA;81593;BCO DO NORDESTE DO BRASIL S.A. - PRUDENCIAL;3;130984,49
202502;3;BA;80185;SANTANDER - PRUDENCIAL;14;497793,10
202502;3;CE;80185;SANTANDER - PRUDENCIAL;5;267935,88
202502;3;GO;80185;SANTANDER - PRUDENCIAL;5;162575,72
202502;3;MA;81593;BCO DO NORDESTE DO BRASIL S.A. - PRUDENCIAL;2;44073,08
202502;3;MA;80075;BRADESCO - PRUDENCIAL;1;779,71
202502;3;MA;80185;SANTANDER - PRUDENCIAL;2;16556,23
202502;3;MG;80185;SANTANDER - PRUDENCIAL;7;151061,03
202502;3;MS;80185;SANTANDER - PRUDENCIAL;3;85386,76
202502;3;MT;80185;SANTANDER - PRUDENCIAL;3;92975,99
202502;3;PB;80185;SANTANDER - PRUDENCIAL;3;45415,69
202502;3;PE;80185;SANTANDER - PRUDENCIAL;5;129545,31
202502;3;PI;81593;BCO DO NORDESTE DO BRASIL S.A. - PRUDENCIAL;2;78479,23
202502;3;PR;80185;SANTANDER - PRUDENCIAL;9;303193,90
202502;3;RJ;80185;SANTANDER - PRUDENCIAL;12;403555,07
202502;3;RN;81593;BCO DO NORDESTE DO BRASIL S.A. - PRUDENCIAL;2;17259,94
202502;3;RS;80185;SANTANDER - PRUDENCIAL;7;168618,00
202502;3;SC;80185;SANTANDER - PRUDENCIAL;1;23834,66
202502;3;SP;80185;SANTANDER - PRUDENCIAL;45;1133604,90
202503;1;AC;84693;NU PAGAMENTOS - PRUDENCIAL;1;139,60
202503;1;AC;80185;SANTANDER - PRUDENCIAL;8;3306,82
202503;1;AL;80154;BANRISUL - PRUDENCIAL;1;1712,18
202503;1;AL;80329;BB - PRUDENCIAL;1;21,70
202503;1;AL;80336;BTG PACTUAL - PRUDENCIAL;3;423,75
202503;1;AL;80099;ITAU - PRUDENCIAL;1;212,88
202503;1;AL;84693;NU PAGAMENTOS - PRUDENCIAL;1;52,91
202503;1;AL;80185;SANTANDER - PRUDENCIAL;6;2780,13
202503;1;AM;80154;BANRISUL - PRUDENCIAL;4;5223,19
202503;1;AM;80996;INTER - PRUDENCIAL;1;200,60
202503;1;AM;80099;ITAU - PRUDENCIAL;3;337,10
202503;1;AM;84693;NU PAGAMENTOS - PRUDENCIAL;6;2046,72
202503;1;AM;80185;SANTANDER - PRUDENCIAL;30;32571,85
202503;1;AP;84693;NU PAGAMENTOS - PRUDENCIAL;2;1999,89
202503;1;AP;80185;SANTANDER - PRUDENCIAL;1;547,61
202503;1;BA;84844;BANCO C6 - PRUDENCIAL;1;188,90
202503;1;BA;80879;BANCOOB - PRUDENCIAL;1;201,17
202503;1;BA;80154;BANRISUL - PRUDENCIAL;7;11358,66
202503;1;BA;80329;BB - PRUDENCIAL;3;154,76
202503;1;BA;80336;BTG PACTUAL - PRUDENCIAL;3;506,18
202503;1;BA;80738;CAIXA ECONÔMICA FEDERAL - PRUDENCIAL;2;487,80
202503;1;BA;80099;ITAU - PRUDENCIAL;5;1649,87
202503;1;BA;84693;NU PAGAMENTOS - PRUDENCIAL;24;3186,65
202503;1;BA;80185;SANTANDER - PRUDENCIAL;39;36528,11
202503;1;CE;80154;BANRISUL - PRUDENCIAL;2;2673,46
202503;1;CE;80329;BB - PRUDENCIAL;1;73,08
202503;1;CE;80075;BRADESCO - PRUDENCIAL;1;77,03
202503;1;CE;80738;CAIXA ECONÔMICA FEDERAL - PRUDENCIAL;2;313,19
202503;1;CE;80996;INTER - PRUDENCIAL;3;456,73
202503;1;CE;80099;ITAU - PRUDENCIAL;1;261,53
202503;1;CE;84693;NU PAGAMENTOS - PRUDENCIAL;11;1704,33
202503;1;CE;80185;SANTANDER - PRUDENCIAL;35;45458,35
202503;1;DF;80154;BANRISUL - PRUDENCIAL;3;9064,95
202503;1;DF;80099;ITAU - PRUDENCIAL;1;200,08
202503;1;DF;84693;NU PAGAMENTOS - PRUDENCIAL;6;1659,86
202503;1;DF;80185;SANTANDER - PRUDENCIAL;18;10692,45
202503;1;ES;84844;BANCO C6 - PRUDENCIAL;1;243,56
202503;1;ES;80154;BANRISUL - PRUDENCIAL;3;5001,48
202503;1;ES;80336;BTG PACTUAL - PRUDENCIAL;3;407,86
202503;1;ES;80099;ITAU - PRUDENCIAL;1;1,00
202503;1;ES;80185;SANTANDER - PRUDENCIAL;14;14709,05
202503;1;GO;84844;BANCO C6 - PRUDENCIAL;1;255,78
202503;1;GO;80154;BANRISUL - PRUDENCIAL;1;499,34
202503;1;GO;80329;BB - PRUDENCIAL;1;106,25
202503;1;GO;80336;BTG PACTUAL - PRUDENCIAL;1;113,94
202503;1;GO;80738;CAIXA ECONÔMICA FEDERAL - PRUDENCIAL;2;340,54
202503;1;GO;80996;INTER - PRUDENCIAL;1;202,41
202503;1;GO;80099;ITAU - PRUDENCIAL;4;430,96
202503;1;GO;84693;NU PAGAMENTOS - PRUDENCIAL;6;1609,45
202503;1;GO;80185;SANTANDER - PRUDENCIAL;21;16370,90
202503;1;MA;80329;BB - PRUDENCIAL;1;46,28
202503;1;MA;80075;BRADESCO - PRUDENCIAL;1;1215,22
202503;1;MA;80336;BTG PACTUAL - PRUDENCIAL;1;188,47
202503;1;MA;80099;ITAU - PRUDENCIAL;1;216,85
202503;1;MA;84693;NU PAGAMENTOS - PRUDENCIAL;6;1131,61
202503;1;MA;80185;SANTANDER - PRUDENCIAL;6;15180,87
202503;1;MG;80154;BANRISUL - PRUDENCIAL;12;16317,33
202503;1;MG;80075;BRADESCO - PRUDENCIAL;3;89,45
202503;1;MG;80336;BTG PACTUAL - PRUDENCIAL;4;518,02
202503;1;MG;80738;CAIXA ECONÔMICA FEDERAL - PRUDENCIAL;2;238,93
202503;1;MG;80996;INTER - PRUDENCIAL;2;455,96
202503;1;MG;80099;ITAU - PRUDENCIAL;9;425,97
202503;1;MG;84693;NU PAGAMENTOS - PRUDENCIAL;20;5652,02
202503;1;MG;80185;SANTANDER - PRUDENCIAL;58;60489,88
202503;1;MS;80154;BANRISUL - PRUDENCIAL;1;332,45
202503;1;MS;80178;BMG - PRUDENCIAL;1;201,93
202503;1;MS;80075;BRADESCO - PRUDENCIAL;2;12,36
202503;1;MS;80336;BTG PACTUAL - PRUDENCIAL;2;248,39
202503;1;MS;80738;CAIXA ECONÔMICA FEDERAL - PRUDENCIAL;2;333,14
202503;1;MS;80996;INTER - PRUDENCIAL;1;137,60
202503;1;MS;80099;ITAU - PRUDENCIAL;3;521,58
202503;1;MS;84693;NU PAGAMENTOS - PRUDENCIAL;4;414,12
202503;1;MS;80185;SANTANDER - PRUDENCIAL;11;5222,31
202503;1;MT;80329;BB - PRUDENCIAL;1;202,80
202503;1;MT;80178;BMG - PRUDENCIAL;1;201,80
202503;1;MT;80336;BTG PACTUAL - PRUDENCIAL;3;481,69
202503;1;MT;23623636;CCLA NORTE DE MATO GROSSO - SICOOB NORTE MT;1;26,87
202503;1;MT;84693;NU PAGAMENTOS - PRUDENCIAL;8;5495,91
202503;1;MT;80185;SANTANDER - PRUDENCIAL;9;6794,67
202503;1;PA;80154;BANRISUL - PRUDENCIAL;1;4644,86
202503;1;PA;80738;CAIXA ECONÔMICA FEDERAL - PRUDENCIAL;3;515,28
202503;1;PA;80099;ITAU - PRUDENCIAL;1;1,00
202503;1;PA;84693;NU PAGAMENTOS - PRUDENCIAL;9;1416,28
202503;1;PA;80185;SANTANDER - PRUDENCIAL;12;14329,95
202503;1;PB;80154;BANRISUL - PRUDENCIAL;2;1348,22
202503;1;PB;80336;BTG PACTUAL - PRUDENCIAL;1;52,56
202503;1;PB;80996;INTER - PRUDENCIAL;1;200,68
202503;1;PB;84693;NU PAGAMENTOS - PRUDENCIAL;4;1244,56
202503;1;PB;80185;SANTANDER - PRUDENCIAL;10;8347,38
202503;1;PE;84844;BANCO C6 - PRUDENCIAL;2;575,82
202503;1;PE;80154;BANRISUL - PRUDENCIAL;1;247,03
202503;1;PE;80329;BB - PRUDENCIAL;2;153,42
202503;1;PE;80075;BRADESCO - PRUDENCIAL;2;300,29
202503;1;PE;80336;BTG PACTUAL - PRUDENCIAL;1;76,12
202503;1;PE;80738;CAIXA ECONÔMICA FEDERAL - PRUDENCIAL;2;402,57
202503;1;PE;80099;ITAU - PRUDENCIAL;2;467,94
202503;1;PE;84693;NU PAGAMENTOS - PRUDENCIAL;9;4141,14
202503;1;PE;80185;SANTANDER - PRUDENCIAL;38;26728,30
202503;1;PI;84844;BANCO C6 - PRUDENCIAL;1;208,37
202503;1;PI;80154;BANRISUL - PRUDENCIAL;2;5858,94
202503;1;PI;80336;BTG PACTUAL - PRUDENCIAL;1;190,16
202503;1;PI;80738;CAIXA ECONÔMICA FEDERAL - PRUDENCIAL;2;287,84
202503;1;PI;84693;NU PAGAMENTOS - PRUDENCIAL;2;3614,48
202503;1;PI;80185;SANTANDER - PRUDENCIAL;5;7957,00
202503;1;PR;80154;BANRISUL - PRUDENCIAL;4;5520,92
202503;1;PR;80075;BRADESCO - PRUDENCIAL;1;202,43
202503;1;PR;80336;BTG PACTUAL - PRUDENCIAL;3;297,43
202503;1;PR;80738;CAIXA ECONÔMICA FEDERAL - PRUDENCIAL;1;204,12
202503;1;PR;80099;ITAU - PRUDENCIAL;4;874,82
202503;1;PR;84693;NU PAGAMENTOS - PRUDENCIAL;14;1849,83
202503;1;PR;80185;SANTANDER - PRUDENCIAL;31;25589,94
202503;1;RJ;80154;BANRISUL - PRUDENCIAL;10;13004,20
202503;1;RJ;80329;BB - PRUDENCIAL;3;475,41
202503;1;RJ;80178;BMG - PRUDENCIAL;1;203,04
202503;1;RJ;80075;BRADESCO - PRUDENCIAL;3;284,56
202503;1;RJ;80336;BTG PACTUAL - PRUDENCIAL;3;465,15
202503;1;RJ;80738;CAIXA ECONÔMICA FEDERAL - PRUDENCIAL;1;200,72
202503;1;RJ;80996;INTER - PRUDENCIAL;4;297,84
202503;1;RJ;80099;ITAU - PRUDENCIAL;13;1762,38
202503;1;RJ;84693;NU PAGAMENTOS - PRUDENCIAL;32;5448,64
202503;1;RJ;80185;SANTANDER - PRUDENCIAL;108;113020,10
202503;1;RN;80154;BANRISUL - PRUDENCIAL;2;1741,21
202503;1;RN;80329;BB - PRUDENCIAL;4;323,37
202503;1;RN;80336;BTG PACTUAL - PRUDENCIAL;1;114,84
202503;1;RN;80996;INTER - PRUDENCIAL;1;49,78
202503;1;RN;84693;NU PAGAMENTOS - PRUDENCIAL;2;58,87
202503;1;RN;80185;SANTANDER - PRUDENCIAL;12;28333,36
202503;1;RO;80879;BANCOOB - PRUDENCIAL;1;215,26
202503;1;RO;84693;NU PAGAMENTOS - PRUDENCIAL;2;2317,05
202503;1;RO;80185;SANTANDER - PRUDENCIAL;4;3399,85
202503;1;RR;80329;BB - PRUDENCIAL;1;21,13
202503;1;RR;80996;INTER - PRUDENCIAL;1;186,54
202503;1;RR;84693;NU PAGAMENTOS - PRUDENCIAL;1;202,08
202503;1;RR;80185;SANTANDER - PRUDENCIAL;4;1293,58
202503;1;RS;84844;BANCO C6 - PRUDENCIAL;1;222,35
202503;1;RS;80154;BANRISUL - PRUDENCIAL;394;482049,41
202503;1;RS;80329;BB - PRUDENCIAL;1;13,23
202503;1;RS;80336;BTG PACTUAL - PRUDENCIAL;2;252,92
202503;1;RS;80738;CAIXA ECONÔMICA FEDERAL - PRUDENCIAL;1;161,49
202503;1;RS;80996;INTER - PRUDENCIAL;1;201,61
202503;1;RS;80099;ITAU - PRUDENCIAL;4;410,56
202503;1;RS;84693;NU PAGAMENTOS - PRUDENCIAL;10;4558,74
202503;1;RS;80185;SANTANDER - PRUDENCIAL;49;46519,60
202503;1;SC;84844;BANCO C6 - PRUDENCIAL;1;439,35
202503;1;SC;80154;BANRISUL - PRUDENCIAL;10;9478,49
202503;1;SC;80075;BRADESCO - PRUDENCIAL;4;902,90
202503;1;SC;80099;ITAU - PRUDENCIAL;2;283,78
202503;1;SC;84693;NU PAGAMENTOS - PRUDENCIAL;6;387,34
202503;1;SC;80185;SANTANDER - PRUDENCIAL;20;22710,07
202503;1;SE;84844;BANCO C6 - PRUDENCIAL;1;203,59
202503;1;SE;80154;BANRISUL - PRUDENCIAL;1;3313,36
202503;1;SE;80738;CAIXA ECONÔMICA FEDERAL - PRUDENCIAL;1;154,84
202503;1;SE;84693;NU PAGAMENTOS - PRUDENCIAL;1;1277,08
202503;1;SE;80185;SANTANDER - PRUDENCIAL;3;416,01
202503;1;SP;84844;BANCO C6 - PRUDENCIAL;2;389,46
202503;1;SP;80154;BANRISUL - PRUDENCIAL;21;27096,70
202503;1;SP;80329;BB - PRUDENCIAL;4;437,01
202503;1;SP;80075;BRADESCO - PRUDENCIAL;14;3016,77
202503;1;SP;80336;BTG PACTUAL - PRUDENCIAL;22;3490,83
202503;1;SP;80738;CAIXA ECONÔMICA FEDERAL - PRUDENCIAL;3;478,49
202503;1;SP;80996;INTER - PRUDENCIAL;7;1145,93
202503;1;SP;80099;ITAU - PRUDENCIAL;31;4210,00
202503;1;SP;84693;NU PAGAMENTOS - PRUDENCIAL;77;27232,09
202503;1;SP;80185;SANTANDER - PRUDENCIAL;235;177960,87
202503;1;SP;80484;VOTORANTIM - PRUDENCIAL;1;200,74
202503;1;TO;80185;SANTANDER - PRUDENCIAL;4;2583,41
202503;2;AC;84844;BANCO C6 - PRUDENCIAL;1;201,29
202503;2;AC;80075;BRADESCO - PRUDENCIAL;1;3510,77
202503;2;AM;84844;BANCO C6 - PRUDENCIAL;1;130,34
202503;2;AM;80075;BRADESCO - PRUDENCIAL;1;34,97
202503;2;AP;80484;VOTORANTIM - PRUDENCIAL;1;4450,62
202503;2;BA;81593;BCO DO NORDESTE DO BRASIL S.A. - PRUDENCIAL;2;61007,97
202503;2;BA;80484;VOTORANTIM - PRUDENCIAL;4;5709,41
202503;2;CE;84844;BANCO C6 - PRUDENCIAL;2;4408,57
202503;2;CE;81593;BCO DO NORDESTE DO BRASIL S.A. - PRUDENCIAL;3;5805,89
202503;2;CE;80075;BRADESCO - PRUDENCIAL;2;18641,59
202503;2;CE;80484;VOTORANTIM - PRUDENCIAL;3;1605,98
202503;2;DF;80484;VOTORANTIM - PRUDENCIAL;2;15045,36
202503;2;ES;80075;BRADESCO - PRUDENCIAL;1;8404,72
202503;2;ES;80484;VOTORANTIM - PRUDENCIAL;2;5168,51
202503;2;GO;80075;BRADESCO - PRUDENCIAL;2;31360,54
202503;2;GO;80484;VOTORANTIM - PRUDENCIAL;1;313,80
202503;2;MA;80329;BB - PRUDENCIAL;1;1554,83
202503;2;MA;81593;BCO DO NORDESTE DO BRASIL S.A. - PRUDENCIAL;1;2407,61
202503;2;MA;80484;VOTORANTIM - PRUDENCIAL;2;3207,80
202503;2;MG;80484;VOTORANTIM - PRUDENCIAL;3;19002,83
202503;2;MS;80075;BRADESCO - PRUDENCIAL;1;4355,58
202503;2;MT;80484;VOTORANTIM - PRUDENCIAL;2;4568,62
202503;2;PA;80484;VOTORANTIM - PRUDENCIAL;2;14732,24
202503;2;PB;80484;VOTORANTIM - PRUDENCIAL;3;9367,82
202503;2;PE;84844;BANCO C6 - PRUDENCIAL;1;218,08
202503;2;PE;80484;VOTORANTIM - PRUDENCIAL;3;2345,06
202503;2;PI;80484;VOTORANTIM - PRUDENCIAL;2;3033,45
202503;2;PR;84844;BANCO C6 - PRUDENCIAL;1;179,85
202503;2;PR;80075;BRADESCO - PRUDENCIAL;1;245,33
202503;2;PR;80484;VOTORANTIM - PRUDENCIAL;6;11476,51
202503;2;RJ;84844;BANCO C6 - PRUDENCIAL;3;534,24
202503;2;RJ;80484;VOTORANTIM - PRUDENCIAL;9;12219,57
202503;2;RN;80484;VOTORANTIM - PRUDENCIAL;2;4332,39
202503;2;RO;80075;BRADESCO - PRUDENCIAL;1;6869,43
202503;2;RS;80075;BRADESCO - PRUDENCIAL;2;2906,14
202503;2;RS;80484;VOTORANTIM - PRUDENCIAL;7;15423,16
202503;2;SC;84844;BANCO C6 - PRUDENCIAL;2;1043,59
202503;2;SC;80075;BRADESCO - PRUDENCIAL;3;47962,12
202503;2;SC;80484;VOTORANTIM - PRUDENCIAL;7;24766,83
202503;2;SE;80075;BRADESCO - PRUDENCIAL;2;5125,78
202503;2;SP;84844;BANCO C6 - PRUDENCIAL;3;1082,57
202503;2;SP;80075;BRADESCO - PRUDENCIAL;3;59956,80
202503;2;SP;80738;CAIXA ECONÔMICA FEDERAL - PRUDENCIAL;1;367,33
202503;2;SP;80099;ITAU - PRUDENCIAL;1;118,19
202503;2;SP;80484;VOTORANTIM - PRUDENCIAL;36;71406,16
202503;2;TO;80738;CAIXA ECONÔMICA FEDERAL - PRUDENCIAL;1;180,85
202503;3;AL;80185;SANTANDER - PRUDENCIAL;1;8575,87
202503;3;AP;80185;SANTANDER - PRUDENCIAL;4;124250,33
202503;3;BA;81593;BCO DO NORDESTE DO BRASIL S.A. - PRUDENCIAL;1;126786,70
202503;3;BA;80185;SANTANDER - PRUDENCIAL;8;156487,59
202503;3;CE;80185;SANTANDER - PRUDENCIAL;2;14948,35
202503;3;DF;80185;SANTANDER - PRUDENCIAL;1;159761,05
202503;3;ES;80185;SANTANDER - PRUDENCIAL;4;31201,84
202503;3;GO;80185;SANTANDER - PRUDENCIAL;4;121596,43
202503;3;MA;80185;SANTANDER - PRUDENCIAL;4;35286,10
202503;3;MG;80185;SANTANDER - PRUDENCIAL;2;4095,02
202503;3;MS;80185;SANTANDER - PRUDENCIAL;1;22323,21
202503;3;MT;80185;SANTANDER - PRUDENCIAL;2;92726,59
202503;3;PA;80185;SANTANDER - PRUDENCIAL;1;58835,30
202503;3;PB;80185;SANTANDER - PRUDENCIAL;2;114152,70
202503;3;PE;81593;BCO DO NORDESTE DO BRASIL S.A. - PRUDENCIAL;1;2386,99
202503;3;PE;80185;SANTANDER - PRUDENCIAL;13;178192,47
202503;3;PI;80185;SANTANDER - PRUDENCIAL;1;16899,53
202503;3;PR;80185;SANTANDER - PRUDENCIAL;8;141402,16
202503;3;RJ;80185;SANTANDER - PRUDENCIAL;14;164511,73
202503;3;RN;80185;SANTANDER - PRUDENCIAL;1;1271,23
202503;3;RS;80185;SANTANDER - PRUDENCIAL;9;54326,34
202503;3;SC;80185;SANTANDER - PRUDENCIAL;3;67491,00
202503;3;SP;80185;SANTANDER - PRUDENCIAL;41;639914,44
202504;1;AC;80329;BB - PRUDENCIAL;1;68,58
202504;1;AC;84693;NU PAGAMENTOS - PRUDENCIAL;4;2347,49
202504;1;AC;80185;SANTANDER - PRUDENCIAL;1;3637,71
202504;1;AL;84693;NU PAGAMENTOS - PRUDENCIAL;7;3048,07
202504;1;AL;80185;SANTANDER - PRUDENCIAL;7;2025,98
202504;1;AM;80075;BRADESCO - PRUDENCIAL;1;8,87
202504;1;AM;80336;BTG PACTUAL - PRUDENCIAL;1;101,43
202504;1;AM;80099;ITAU - PRUDENCIAL;5;924,80
202504;1;AM;84693;NU PAGAMENTOS - PRUDENCIAL;15;10976,13
202504;1;AM;80185;SANTANDER - PRUDENCIAL;16;20633,91
202504;1;AP;84693;NU PAGAMENTOS - PRUDENCIAL;1;543,29
202504;1;AP;80185;SANTANDER - PRUDENCIAL;1;92,87
202504;1;BA;80329;BB - PRUDENCIAL;3;123,27
202504;1;BA;80075;BRADESCO - PRUDENCIAL;1;108,63
202504;1;BA;80336;BTG PACTUAL - PRUDENCIAL;10;1350,72
202504;1;BA;80996;INTER - PRUDENCIAL;1;66,68
202504;1;BA;80099;ITAU - PRUDENCIAL;2;445,07
202504;1;BA;84693;NU PAGAMENTOS - PRUDENCIAL;23;14664,91
202504;1;BA;80185;SANTANDER - PRUDENCIAL;21;23281,95
202504;1;CE;84844;BANCO C6 - PRUDENCIAL;2;236,82
202504;1;CE;80329;BB - PRUDENCIAL;7;342,24
202504;1;CE;80075;BRADESCO - PRUDENCIAL;1;0,02
202504;1;CE;80336;BTG PACTUAL - PRUDENCIAL;2;226,96
202504;1;CE;80099;ITAU - PRUDENCIAL;2;490,02
202504;1;CE;84693;NU PAGAMENTOS - PRUDENCIAL;27;18305,04
202504;1;CE;80185;SANTANDER - PRUDENCIAL;22;15071,24
202504;1;DF;80329;BB - PRUDENCIAL;1;26,15
202504;1;DF;80336;BTG PACTUAL - PRUDENCIAL;2;337,92
202504;1;DF;80996;INTER - PRUDENCIAL;1;150,95
202504;1;DF;80099;ITAU - PRUDENCIAL;1;202,76
202504;1;DF;84693;NU PAGAMENTOS - PRUDENCIAL;9;3405,89
202504;1;DF;80185;SANTANDER - PRUDENCIAL;7;17562,17
202504;1;ES;80996;INTER - PRUDENCIAL;2;252,19
202504;1;ES;80099;ITAU - PRUDENCIAL;1;52,15
202504;1;ES;84693;NU PAGAMENTOS - PRUDENCIAL;5;1808,27
202504;1;ES;80185;SANTANDER - PRUDENCIAL;5;5289,81
202504;1;GO;80075;BRADESCO - PRUDENCIAL;1;1222,46
202504;1;GO;80336;BTG PACTUAL - PRUDENCIAL;3;415,99
202504;1;GO;80099;ITAU - PRUDENCIAL;6;1483,70
202504;1;GO;84693;NU PAGAMENTOS - PRUDENCIAL;15;8361,50
202504;1;GO;80185;SANTANDER - PRUDENCIAL;14;11049,07
202504;1;MA;80329;BB - PRUDENCIAL;2;151,13
202504;1;MA;84693;NU PAGAMENTOS - PRUDENCIAL;11;3915,73
202504;1;MA;80185;SANTANDER - PRUDENCIAL;3;4158,39
202504;1;MG;84844;BANCO C6 - PRUDENCIAL;1;114,67
202504;1;MG;80329;BB - PRUDENCIAL;1;77,56
202504;1;MG;80178;BMG - PRUDENCIAL;1;200,08
202504;1;MG;80075;BRADESCO - PRUDENCIAL;2;368,49
202504;1;MG;80336;BTG PACTUAL - PRUDENCIAL;4;536,67
202504;1;MG;80996;INTER - PRUDENCIAL;3;456,04
202504;1;MG;80099;ITAU - PRUDENCIAL;5;814,11
202504;1;MG;84693;NU PAGAMENTOS - PRUDENCIAL;40;21839,10
202504;1;MG;80185;SANTANDER - PRUDENCIAL;35;26120,13
202504;1;MS;80329;BB - PRUDENCIAL;1;50,77
202504;1;MS;80075;BRADESCO - PRUDENCIAL;2;142,91
202504;1;MS;80336;BTG PACTUAL - PRUDENCIAL;2;298,69
202504;1;MS;84693;NU PAGAMENTOS - PRUDENCIAL;10;10418,80
202504;1;MS;80185;SANTANDER - PRUDENCIAL;6;3938,09
202504;1;MT;84844;BANCO C6 - PRUDENCIAL;1;5,25
202504;1;MT;80329;BB - PRUDENCIAL;1;202,20
202504;1;MT;80075;BRADESCO - PRUDENCIAL;2;43,69
202504;1;MT;80336;BTG PACTUAL - PRUDENCIAL;1;54,13
202504;1;MT;84693;NU PAGAMENTOS - PRUDENCIAL;14;12848,30
202504;1;MT;80185;SANTANDER - PRUDENCIAL;8;5608,53
202504;1;PA;84844;BANCO C6 - PRUDENCIAL;1;104,56
202504;1;PA;80329;BB - PRUDENCIAL;1;51,91
202504;1;PA;80336;BTG PACTUAL - PRUDENCIAL;1;110,34
202504;1;PA;80099;ITAU - PRUDENCIAL;1;254,23
202504;1;PA;84693;NU PAGAMENTOS - PRUDENCIAL;22;24547,10
202504;1;PA;80185;SANTANDER - PRUDENCIAL;5;1430,20
202504;1;PB;80329;BB - PRUDENCIAL;2;233,70
202504;1;PB;80336;BTG PACTUAL - PRUDENCIAL;1;157,29
202504;1;PB;80996;INTER - PRUDENCIAL;1;72,10
202504;1;PB;84693;NU PAGAMENTOS - PRUDENCIAL;4;2907,75
202504;1;PB;80185;SANTANDER - PRUDENCIAL;7;10529,37
202504;1;PE;84844;BANCO C6 - PRUDENCIAL;1;209,86
202504;1;PE;80329;BB - PRUDENCIAL;1;1,15
202504;1;PE;80178;BMG - PRUDENCIAL;1;200,29
202504;1;PE;80075;BRADESCO - PRUDENCIAL;1;8,24
202504;1;PE;80336;BTG PACTUAL - PRUDENCIAL;1;165,53
202504;1;PE;80996;INTER - PRUDENCIAL;1;200,97
202504;1;PE;80099;ITAU - PRUDENCIAL;2;303,73
202504;1;PE;84693;NU PAGAMENTOS - PRUDENCIAL;28;12818,87
202504;1;PE;80185;SANTANDER - PRUDENCIAL;16;18334,28
202504;1;PI;80329;BB - PRUDENCIAL;2;117,99
202504;1;PI;80075;BRADESCO - PRUDENCIAL;1;220,84
202504;1;PI;80336;BTG PACTUAL - PRUDENCIAL;1;202,95
202504;1;PI;80099;ITAU - PRUDENCIAL;1;10,15
202504;1;PI;84693;NU PAGAMENTOS - PRUDENCIAL;9;17101,47
202504;1;PI;80185;SANTANDER - PRUDENCIAL;1;57,34
202504;1;PR;80879;BANCOOB - PRUDENCIAL;1;545,90
202504;1;PR;80329;BB - PRUDENCIAL;2;109,21
202504;1;PR;80075;BRADESCO - PRUDENCIAL;1;201,83
202504;1;PR;80336;BTG PACTUAL - PRUDENCIAL;3;401,45
202504;1;PR;80996;INTER - PRUDENCIAL;2;219,57
202504;1;PR;80099;ITAU - PRUDENCIAL;4;331,30
202504;1;PR;84693;NU PAGAMENTOS - PRUDENCIAL;22;22707,30
202504;1;PR;80185;SANTANDER - PRUDENCIAL;11;15507,04
202504;1;RJ;84844;BANCO C6 - PRUDENCIAL;2;160,25
202504;1;RJ;80329;BB - PRUDENCIAL;9;724,63
202504;1;RJ;80178;BMG - PRUDENCIAL;1;201,76
202504;1;RJ;80075;BRADESCO - PRUDENCIAL;2;235,02
202504;1;RJ;80336;BTG PACTUAL - PRUDENCIAL;9;1287,75
202504;1;RJ;80996;INTER - PRUDENCIAL;1;51,58
202504;1;RJ;80099;ITAU - PRUDENCIAL;13;1571,50
202504;1;RJ;84693;NU PAGAMENTOS - PRUDENCIAL;52;21096,91
202504;1;RJ;80185;SANTANDER - PRUDENCIAL;63;65724,34
202504;1;RN;80329;BB - PRUDENCIAL;1;25,21
202504;1;RN;80075;BRADESCO - PRUDENCIAL;1;19,75
202504;1;RN;80336;BTG PACTUAL - PRUDENCIAL;2;374,69
202504;1;RN;80099;ITAU - PRUDENCIAL;1;51,90
202504;1;RN;84693;NU PAGAMENTOS - PRUDENCIAL;6;3114,89
202504;1;RN;80185;SANTANDER - PRUDENCIAL;7;4476,80
202504;1;RO;80329;BB - PRUDENCIAL;1;200,38
202504;1;RO;84693;NU PAGAMENTOS - PRUDENCIAL;6;1057,84
202504;1;RO;80185;SANTANDER - PRUDENCIAL;5;5934,80
202504;1;RR;84693;NU PAGAMENTOS - PRUDENCIAL;2;1744,74
202504;1;RR;80185;SANTANDER - PRUDENCIAL;2;1742,89
202504;1;RS;84844;BANCO C6 - PRUDENCIAL;1;122,67
202504;1;RS;80154;BANRISUL - PRUDENCIAL;1;2061,53
202504;1;RS;80329;BB - PRUDENCIAL;1;73,88
202504;1;RS;80336;BTG PACTUAL - PRUDENCIAL;3;531,49
202504;1;RS;80996;INTER - PRUDENCIAL;1;202,82
202504;1;RS;80099;ITAU - PRUDENCIAL;5;514,30
202504;1;RS;84693;NU PAGAMENTOS - PRUDENCIAL;22;15813,08
202504;1;RS;80185;SANTANDER - PRUDENCIAL;25;24563,23
202504;1;SC;80329;BB - PRUDENCIAL;2;119,06
202504;1;SC;80075;BRADESCO - PRUDENCIAL;4;464,23
202504;1;SC;80336;BTG PACTUAL - PRUDENCIAL;2;306,02
202504;1;SC;80099;ITAU - PRUDENCIAL;1;216,15
202504;1;SC;84693;NU PAGAMENTOS - PRUDENCIAL;12;7613,02
202504;1;SC;80185;SANTANDER - PRUDENCIAL;15;15799,09
202504;1;SE;84693;NU PAGAMENTOS - PRUDENCIAL;5;2918,35
202504;1;SE;80185;SANTANDER - PRUDENCIAL;2;203,72
202504;1;SP;84844;BANCO C6 - PRUDENCIAL;3;704,97
202504;1;SP;80329;BB - PRUDENCIAL;10;441,69
202504;1;SP;80178;BMG - PRUDENCIAL;1;201,04
202504;1;SP;80075;BRADESCO - PRUDENCIAL;11;1851,32
202504;1;SP;80336;BTG PACTUAL - PRUDENCIAL;17;2241,37
202504;1;SP;80996;INTER - PRUDENCIAL;3;579,53
202504;1;SP;80099;ITAU - PRUDENCIAL;33;4982,87
202504;1;SP;84693;NU PAGAMENTOS - PRUDENCIAL;134;74503,73
202504;1;SP;80185;SANTANDER - PRUDENCIAL;137;143731,09
202504;1;TO;80099;ITAU - PRUDENCIAL;1;209,25
202504;1;TO;84693;NU PAGAMENTOS - PRUDENCIAL;3;3890,54
202504;1;TO;80185;SANTANDER - PRUDENCIAL;2;5915,85
202504;2;AM;80075;BRADESCO - PRUDENCIAL;1;3381,61
202504;2;BA;84844;BANCO C6 - PRUDENCIAL;1;142,72
202504;2;BA;81593;BCO DO NORDESTE DO BRASIL S.A. - PRUDENCIAL;9;53051,28
202504;2;BA;80075;BRADESCO - PRUDENCIAL;1;436,68
202504;2;BA;80484;VOTORANTIM - PRUDENCIAL;1;2587,08
202504;2;CE;80484;VOTORANTIM - PRUDENCIAL;5;11136,24
202504;2;ES;80484;VOTORANTIM - PRUDENCIAL;2;1695,57
202504;2;GO;80075;BRADESCO - PRUDENCIAL;1;4172,26
202504;2;GO;80099;ITAU - PRUDENCIAL;1;82,71
202504;2;MA;80075;BRADESCO - PRUDENCIAL;1;1048,83
202504;2;MG;84844;BANCO C6 - PRUDENCIAL;1;225,80
202504;2;MG;80075;BRADESCO - PRUDENCIAL;4;41833,70
202504;2;MG;80484;VOTORANTIM - PRUDENCIAL;12;30381,41
202504;2;MS;80484;VOTORANTIM - PRUDENCIAL;4;28504,69
202504;2;MT;80075;BRADESCO - PRUDENCIAL;1;31650,93
202504;2;PA;80075;BRADESCO - PRUDENCIAL;2;7135,14
202504;2;PA;80484;VOTORANTIM - PRUDENCIAL;1;5523,76
202504;2;PB;84844;BANCO C6 - PRUDENCIAL;1;255,87
202504;2;PB;81593;BCO DO NORDESTE DO BRASIL S.A. - PRUDENCIAL;3;42864,74
202504;2;PB;80075;BRADESCO - PRUDENCIAL;2;41683,81
202504;2;PB;80484;VOTORANTIM - PRUDENCIAL;1;2425,50
202504;2;PE;84844;BANCO C6 - PRUDENCIAL;1;348,99
202504;2;PE;81593;BCO DO NORDESTE DO BRASIL S.A. - PRUDENCIAL;4;21785,12
202504;2;PE;80075;BRADESCO - PRUDENCIAL;1;1081,09
202504;2;PE;80484;VOTORANTIM - PRUDENCIAL;1;512,90
202504;2;PR;84844;BANCO C6 - PRUDENCIAL;3;663,25
202504;2;PR;80484;VOTORANTIM - PRUDENCIAL;10;22373,18
202504;2;RJ;84844;BANCO C6 - PRUDENCIAL;2;573,53
202504;2;RJ;80075;BRADESCO - PRUDENCIAL;3;7317,35
202504;2;RJ;80099;ITAU - PRUDENCIAL;2;20,40
202504;2;RJ;80484;VOTORANTIM - PRUDENCIAL;4;3325,74
202504;2;RN;80075;BRADESCO - PRUDENCIAL;1;2773,04
202504;2;RN;80484;VOTORANTIM - PRUDENCIAL;1;3052,02
202504;2;RO;84844;BANCO C6 - PRUDENCIAL;1;234,07
202504;2;RO;80484;VOTORANTIM - PRUDENCIAL;1;2206,36
202504;2;RS;80329;BB - PRUDENCIAL;1;98,27
202504;2;RS;80075;BRADESCO - PRUDENCIAL;2;13380,83
202504;2;RS;80484;VOTORANTIM - PRUDENCIAL;4;12218,94
202504;2;SC;84844;BANCO C6 - PRUDENCIAL;1;842,81
202504;2;SC;80075;BRADESCO - PRUDENCIAL;4;14872,72
202504;2;SC;80484;VOTORANTIM - PRUDENCIAL;5;21174,19
202504;2;SP;84844;BANCO C6 - PRUDENCIAL;4;12106,29
202504;2;SP;80329;BB - PRUDENCIAL;2;1227,34
202504;2;SP;80075;BRADESCO - PRUDENCIAL;6;90180,93
202504;2;SP;80099;ITAU - PRUDENCIAL;1;35,98
202504;2;SP;80484;VOTORANTIM - PRUDENCIAL;38;85700,08
202504;2;TO;80484;VOTORANTIM - PRUDENCIAL;1;2168,52
202504;3;AC;80075;BRADESCO - PRUDENCIAL;3;639403,09
202504;3;AL;80075;BRADESCO - PRUDENCIAL;17;2558372,44
202504;3;AM;80075;BRADESCO - PRUDENCIAL;46;7759779,17
202504;3;AM;80185;SANTANDER - PRUDENCIAL;1;19165,99
202504;3;AP;80075;BRADESCO - PRUDENCIAL;6;448219,71
202504;3;AP;80185;SANTANDER - PRUDENCIAL;4;119216,61
202504;3;BA;80075;BRADESCO - PRUDENCIAL;67;11604500,70
202504;3;BA;80185;SANTANDER - PRUDENCIAL;6;128684,06
202504;3;CE;80075;BRADESCO - PRUDENCIAL;43;5796359,12
202504;3;DF;80075;BRADESCO - PRUDENCIAL;14;2291388,41
202504;3;ES;80075;BRADESCO - PRUDENCIAL;12;3219910,18
202504;3;ES;80185;SANTANDER - PRUDENCIAL;1;39234,74
202504;3;GO;80075;BRADESCO - PRUDENCIAL;58;10033023,76
202504;3;MA;81593;BCO DO NORDESTE DO BRASIL S.A. - PRUDENCIAL;1;13364,76
202504;3;MA;80075;BRADESCO - PRUDENCIAL;38;7422171,87
202504;3;MA;80185;SANTANDER - PRUDENCIAL;1;2780,80
202504;3;MG;80075;BRADESCO - PRUDENCIAL;104;17794885,78
202504;3;MG;80185;SANTANDER - PRUDENCIAL;3;9086,71
202504;3;MS;80075;BRADESCO - PRUDENCIAL;41;5385039,24
202504;3;MS;80185;SANTANDER - PRUDENCIAL;2;23786,73
202504;3;MT;80075;BRADESCO - PRUDENCIAL;44;3957943,13
202504;3;MT;80185;SANTANDER - PRUDENCIAL;1;30722,41
202504;3;PA;80075;BRADESCO - PRUDENCIAL;52;11881738,71
202504;3;PA;80185;SANTANDER - PRUDENCIAL;4;55271,25
202504;3;PB;80075;BRADESCO - PRUDENCIAL;17;2142432,82
202504;3;PE;81593;BCO DO NORDESTE DO BRASIL S.A. - PRUDENCIAL;2;13955,52
202504;3;PE;80075;BRADESCO - PRUDENCIAL;39;7790122,66
202504;3;PE;80185;SANTANDER - PRUDENCIAL;2;23153,52
202504;3;PI;80075;BRADESCO - PRUDENCIAL;12;1856281,00
202504;3;PI;80185;SANTANDER - PRUDENCIAL;2;21955,95
202504;3;PR;80075;BRADESCO - PRUDENCIAL;119;19085778,04
202504;3;PR;80185;SANTANDER - PRUDENCIAL;2;63620,48
202504;3;RJ;80075;BRADESCO - PRUDENCIAL;173;29748615,95
202504;3;RJ;80185;SANTANDER - PRUDENCIAL;14;273207,70
202504;3;RN;81593;BCO DO NORDESTE DO BRASIL S.A. - PRUDENCIAL;1;5443,66
202504;3;RN;80075;BRADESCO - PRUDENCIAL;14;1967629,67
202504;3;RO;80075;BRADESCO - PRUDENCIAL;12;1807079,76
202504;3;RR;80075;BRADESCO - PRUDENCIAL;2;487387,81
202504;3;RR;80185;SANTANDER - PRUDENCIAL;1;9819,00
202504;3;RS;80075;BRADESCO - PRUDENCIAL;2;246878,64
202504;3;RS;80185;SANTANDER - PRUDENCIAL;1;28654,50
202504;3;SC;80075;BRADESCO - PRUDENCIAL;106;22827880,47
202504;3;SC;80185;SANTANDER - PRUDENCIAL;3;59452,33
202504;3;SE;80075;BRADESCO - PRUDENCIAL;4;247939,80
202504;3;SP;80075;BRADESCO - PRUDENCIAL;825;128909685,85
202504;3;SP;80185;SANTANDER - PRUDENCIAL;21;459650,57
202504;3;TO;80075;BRADESCO - PRUDENCIAL;12;3541972,38
202505;1;AC;80185;SANTANDER - PRUDENCIAL;1;872,51
202505;1;AL;84844;BANCO C6 - PRUDENCIAL;1;209,35
202505;1;AL;80336;BTG PACTUAL - PRUDENCIAL;1;99,17
202505;1;AL;84693;NU PAGAMENTOS - PRUDENCIAL;4;296,75
202505;1;AL;80185;SANTANDER - PRUDENCIAL;3;3357,00
202505;1;AM;80075;BRADESCO - PRUDENCIAL;1;218,73
202505;1;AM;80996;INTER - PRUDENCIAL;1;154,73
202505;1;AM;80099;ITAU - PRUDENCIAL;2;600,81
202505;1;AM;84693;NU PAGAMENTOS - PRUDENCIAL;2;131,26
202505;1;AM;80185;SANTANDER - PRUDENCIAL;9;8520,94
202505;1;AP;80185;SANTANDER - PRUDENCIAL;1;1384,17
202505;1;BA;80075;BRADESCO - PRUDENCIAL;1;234,28
202505;1;BA;80996;INTER - PRUDENCIAL;3;404,20
202505;1;BA;80099;ITAU - PRUDENCIAL;5;685,23
202505;1;BA;84693;NU PAGAMENTOS - PRUDENCIAL;6;660,11
202505;1;BA;80185;SANTANDER - PRUDENCIAL;17;18848,94
202505;1;CE;84844;BANCO C6 - PRUDENCIAL;2;718,22
202505;1;CE;80075;BRADESCO - PRUDENCIAL;1;13,70
202505;1;CE;80996;INTER - PRUDENCIAL;1;119,23
202505;1;CE;80099;ITAU - PRUDENCIAL;1;3,30
202505;1;CE;84693;NU PAGAMENTOS - PRUDENCIAL;7;996,65
202505;1;CE;80185;SANTANDER - PRUDENCIAL;23;22048,52
202505;1;DF;80099;ITAU - PRUDENCIAL;2;214,09
202505;1;DF;84693;NU PAGAMENTOS - PRUDENCIAL;2;179,57
202505;1;DF;80185;SANTANDER - PRUDENCIAL;8;16728,75
202505;1;ES;80075;BRADESCO - PRUDENCIAL;1;202,88
202505;1;ES;80336;BTG PACTUAL - PRUDENCIAL;1;50,13
202505;1;ES;80099;ITAU - PRUDENCIAL;1;105,99
202505;1;ES;80185;SANTANDER - PRUDENCIAL;3;1028,51
202505;1;GO;80075;BRADESCO - PRUDENCIAL;3;2233,98
202505;1;GO;80336;BTG PACTUAL - PRUDENCIAL;2;299,81
202505;1;GO;80996;INTER - PRUDENCIAL;1;99,92
202505;1;GO;80099;ITAU - PRUDENCIAL;1;207,65
202505;1;GO;84693;NU PAGAMENTOS - PRUDENCIAL;1;99,78
202505;1;GO;80185;SANTANDER - PRUDENCIAL;8;11089,94
202505;1;MA;80329;BB - PRUDENCIAL;1;201,77
202505;1;MA;84693;NU PAGAMENTOS - PRUDENCIAL;2;139,05
202505;1;MA;80185;SANTANDER - PRUDENCIAL;3;6650,56
202505;1;MG;80329;BB - PRUDENCIAL;1;200,92
202505;1;MG;80996;INTER - PRUDENCIAL;1;129,38
202505;1;MG;80099;ITAU - PRUDENCIAL;2;104,58
202505;1;MG;84693;NU PAGAMENTOS - PRUDENCIAL;9;1209,37
202505;1;MG;80185;SANTANDER - PRUDENCIAL;30;41425,54
202505;1;MS;80099;ITAU - PRUDENCIAL;2;255,84
202505;1;MS;84693;NU PAGAMENTOS - PRUDENCIAL;2;231,44
202505;1;MS;80185;SANTANDER - PRUDENCIAL;11;14446,74
202505;1;MT;80996;INTER - PRUDENCIAL;2;100,88
202505;1;MT;84693;NU PAGAMENTOS - PRUDENCIAL;1;90,53
202505;1;MT;80185;SANTANDER - PRUDENCIAL;4;9536,08
202505;1;PA;84844;BANCO C6 - PRUDENCIAL;1;254,13
202505;1;PA;80996;INTER - PRUDENCIAL;1;200,23
202505;1;PA;84693;NU PAGAMENTOS - PRUDENCIAL;4;274,85
202505;1;PA;80185;SANTANDER - PRUDENCIAL;9;15142,95
202505;1;PB;84693;NU PAGAMENTOS - PRUDENCIAL;2;98,36
202505;1;PB;80185;SANTANDER - PRUDENCIAL;8;7232,33
202505;1;PE;80996;INTER - PRUDENCIAL;1;208,52
202505;1;PE;80099;ITAU - PRUDENCIAL;1;200,01
202505;1;PE;84693;NU PAGAMENTOS - PRUDENCIAL;3;311,75
202505;1;PE;80185;SANTANDER - PRUDENCIAL;15;25127,30
202505;1;PI;84693;NU PAGAMENTOS - PRUDENCIAL;6;508,88
202505;1;PR;80879;BANCOOB - PRUDENCIAL;1;201,98
202505;1;PR;80178;BMG - PRUDENCIAL;1;202,50
202505;1;PR;80075;BRADESCO - PRUDENCIAL;4;1415,12
202505;1;PR;80336;BTG PACTUAL - PRUDENCIAL;1;159,82
202505;1;PR;80996;INTER - PRUDENCIAL;2;253,74
202505;1;PR;80099;ITAU - PRUDENCIAL;6;294,18
202505;1;PR;84693;NU PAGAMENTOS - PRUDENCIAL;6;491,23
202505;1;PR;80185;SANTANDER - PRUDENCIAL;11;17275,41
202505;1;RJ;80075;BRADESCO - PRUDENCIAL;2;507,31
202505;1;RJ;80336;BTG PACTUAL - PRUDENCIAL;5;729,05
202505;1;RJ;80996;INTER - PRUDENCIAL;2;402,25
202505;1;RJ;80099;ITAU - PRUDENCIAL;9;950,90
202505;1;RJ;84693;NU PAGAMENTOS - PRUDENCIAL;15;1321,58
202505;1;RJ;80185;SANTANDER - PRUDENCIAL;46;68526,65
202505;1;RN;80996;INTER - PRUDENCIAL;1;200,90
202505;1;RN;80099;ITAU - PRUDENCIAL;1;203,37
202505;1;RN;84693;NU PAGAMENTOS - PRUDENCIAL;1;140,33
202505;1;RN;80185;SANTANDER - PRUDENCIAL;4;6701,96
202505;1;RO;80336;BTG PACTUAL - PRUDENCIAL;1;102,40
202505;1;RO;84693;NU PAGAMENTOS - PRUDENCIAL;2;190,74
202505;1;RO;80185;SANTANDER - PRUDENCIAL;1;1154,68
202505;1;RR;84693;NU PAGAMENTOS - PRUDENCIAL;1;96,62
202505;1;RR;80185;SANTANDER - PRUDENCIAL;2;531,72
202505;1;RS;80154;BANRISUL - PRUDENCIAL;1;203,26
202505;1;RS;80178;BMG - PRUDENCIAL;1;202,13
202505;1;RS;80075;BRADESCO - PRUDENCIAL;1;208,81
202505;1;RS;80336;BTG PACTUAL - PRUDENCIAL;2;301,20
202505;1;RS;80099;ITAU - PRUDENCIAL;3;340,18
202505;1;RS;84693;NU PAGAMENTOS - PRUDENCIAL;7;577,33
202505;1;RS;80185;SANTANDER - PRUDENCIAL;7;3720,33
202505;1;SC;80329;BB - PRUDENCIAL;1;50,13
202505;1;SC;80336;BTG PACTUAL - PRUDENCIAL;4;703,91
202505;1;SC;80099;ITAU - PRUDENCIAL;2;278,30
202505;1;SC;84693;NU PAGAMENTOS - PRUDENCIAL;1;82,55
202505;1;SC;80185;SANTANDER - PRUDENCIAL;7;6309,82
202505;1;SE;80996;INTER - PRUDENCIAL;1;102,59
202505;1;SE;80185;SANTANDER - PRUDENCIAL;1;2785,88
202505;1;SP;84844;BANCO C6 - PRUDENCIAL;5;889,35
202505;1;SP;80329;BB - PRUDENCIAL;3;430,75
202505;1;SP;80075;BRADESCO - PRUDENCIAL;2;313,72
202505;1;SP;80336;BTG PACTUAL - PRUDENCIAL;8;1047,12
202505;1;SP;80996;INTER - PRUDENCIAL;6;506,94
202505;1;SP;80099;ITAU - PRUDENCIAL;24;3109,45
202505;1;SP;84693;NU PAGAMENTOS - PRUDENCIAL;35;3482,92
202505;1;SP;80185;SANTANDER - PRUDENCIAL;108;102381,38
202505;1;TO;80879;BANCOOB - PRUDENCIAL;1;214,02
202505;1;TO;80185;SANTANDER - PRUDENCIAL;1;1109,70
202505;2;AC;80484;VOTORANTIM - PRUDENCIAL;1;902,07
202505;2;AL;84844;BANCO C6 - PRUDENCIAL;1;237,59
202505;2;AL;80075;BRADESCO - PRUDENCIAL;1;574,45
202505;2;AM;80336;BTG PACTUAL - PRUDENCIAL;1;1912,32
202505;2;BA;84844;BANCO C6 - PRUDENCIAL;3;484,70
202505;2;BA;81593;BCO DO NORDESTE DO BRASIL S.A. - PRUDENCIAL;18;178831,03
202505;2;BA;80075;BRADESCO - PRUDENCIAL;2;3728,97
202505;2;BA;80484;VOTORANTIM - PRUDENCIAL;2;7348,54
202505;2;CE;84844;BANCO C6 - PRUDENCIAL;1;214,77
202505;2;CE;81593;BCO DO NORDESTE DO BRASIL S.A. - PRUDENCIAL;15;77525,09
202505;2;DF;84844;BANCO C6 - PRUDENCIAL;2;622,00
202505;2;DF;80484;VOTORANTIM - PRUDENCIAL;1;1027,81
202505;2;ES;80075;BRADESCO - PRUDENCIAL;1;4913,44
202505;2;ES;80484;VOTORANTIM - PRUDENCIAL;2;2566,59
202505;2;GO;80075;BRADESCO - PRUDENCIAL;1;4105,36
202505;2;GO;80484;VOTORANTIM - PRUDENCIAL;1;1153,67
202505;2;MA;80329;BB - PRUDENCIAL;1;201,83
202505;2;MA;81593;BCO DO NORDESTE DO BRASIL S.A. - PRUDENCIAL;5;45497,14
202505;2;MA;80484;VOTORANTIM - PRUDENCIAL;2;3163,24
202505;2;MG;84844;BANCO C6 - PRUDENCIAL;1;136,28
202505;2;MG;80075;BRADESCO - PRUDENCIAL;2;5882,30
202505;2;MG;80099;ITAU - PRUDENCIAL;1;64,20
202505;2;MG;80484;VOTORANTIM - PRUDENCIAL;5;14045,03
202505;2;MT;80484;VOTORANTIM - PRUDENCIAL;1;210,75
202505;2;PA;80075;BRADESCO - PRUDENCIAL;1;1299,67
202505;2;PA;80484;VOTORANTIM - PRUDENCIAL;1;2463,92
202505;2;PB;81593;BCO DO NORDESTE DO BRASIL S.A. - PRUDENCIAL;1;9235,08
202505;2;PB;80075;BRADESCO - PRUDENCIAL;1;8606,76
202505;2;PE;80075;BRADESCO - PRUDENCIAL;2;26763,51
202505;2;PE;80484;VOTORANTIM - PRUDENCIAL;1;3231,19
202505;2;PI;80484;VOTORANTIM - PRUDENCIAL;1;1709,13
202505;2;PR;80075;BRADESCO - PRUDENCIAL;3;16173,86
202505;2;PR;80484;VOTORANTIM - PRUDENCIAL;3;11635,93
202505;2;RJ;84844;BANCO C6 - PRUDENCIAL;1;130,94
202505;2;RJ;80075;BRADESCO - PRUDENCIAL;3;12646,09
202505;2;RJ;80336;BTG PACTUAL - PRUDENCIAL;3;4596,86
202505;2;RJ;80484;VOTORANTIM - PRUDENCIAL;5;8698,66
202505;2;RN;80075;BRADESCO - PRUDENCIAL;1;1478,31
202505;2;RN;80336;BTG PACTUAL - PRUDENCIAL;1;1295,32
202505;2;RS;80154;BANRISUL - PRUDENCIAL;2;303,03
202505;2;RS;80075;BRADESCO - PRUDENCIAL;2;28060,47
202505;2;RS;80484;VOTORANTIM - PRUDENCIAL;4;9429,15
202505;2;SC;80075;BRADESCO - PRUDENCIAL;1;9921,90
202505;2;SC;80336;BTG PACTUAL - PRUDENCIAL;2;6550,83
202505;2;SC;80484;VOTORANTIM - PRUDENCIAL;1;630,71
202505;2;SE;80484;VOTORANTIM - PRUDENCIAL;1;1684,48
202505;2;SP;84844;BANCO C6 - PRUDENCIAL;6;9383,79
202505;2;SP;80075;BRADESCO - PRUDENCIAL;9;33748,81
202505;2;SP;80336;BTG PACTUAL - PRUDENCIAL;1;688,13
202505;2;SP;80484;VOTORANTIM - PRUDENCIAL;25;39037,68
202505;2;TO;80075;BRADESCO - PRUDENCIAL;1;25118,33
202505;3;AC;80075;BRADESCO - PRUDENCIAL;2;530595,00
202505;3;AL;80075;BRADESCO - PRUDENCIAL;12;1731033,89
202505;3;AL;80185;SANTANDER - PRUDENCIAL;1;43691,20
202505;3;AM;80075;BRADESCO - PRUDENCIAL;30;5385046,52
202505;3;AM;80185;SANTANDER - PRUDENCIAL;2;27827,17
202505;3;AP;80075;BRADESCO - PRUDENCIAL;5;350461,65
202505;3;BA;80075;BRADESCO - PRUDENCIAL;47;8209956,42
202505;3;BA;80185;SANTANDER - PRUDENCIAL;6;148888,09
202505;3;CE;80075;BRADESCO - PRUDENCIAL;24;3239554,78
202505;3;DF;80075;BRADESCO - PRUDENCIAL;9;1600137,76
202505;3;DF;80185;SANTANDER - PRUDENCIAL;1;26712,39
202505;3;ES;80075;BRADESCO - PRUDENCIAL;9;2081248,35
202505;3;ES;80185;SANTANDER - PRUDENCIAL;1;2749,18
202505;3;GO;80075;BRADESCO - PRUDENCIAL;37;7515048,40
202505;3;GO;80185;SANTANDER - PRUDENCIAL;2;90399,97
202505;3;MA;80075;BRADESCO - PRUDENCIAL;28;6066848,51
202505;3;MA;80185;SANTANDER - PRUDENCIAL;1;17954,37
202505;3;MG;80075;BRADESCO - PRUDENCIAL;69;12449697,79
202505;3;MG;80185;SANTANDER - PRUDENCIAL;7;141896,47
202505;3;MS;80075;BRADESCO - PRUDENCIAL;31;3797174,52
202505;3;MS;80185;SANTANDER - PRUDENCIAL;2;49733,23
202505;3;MT;80075;BRADESCO - PRUDENCIAL;31;2747616,86
202505;3;MT;80185;SANTANDER - PRUDENCIAL;4;212888,05
202505;3;PA;80075;BRADESCO - PRUDENCIAL;35;7950041,40
202505;3;PA;80185;SANTANDER - PRUDENCIAL;1;226,60
202505;3;PB;80075;BRADESCO - PRUDENCIAL;11;1458632,86
202505;3;PE;80075;BRADESCO - PRUDENCIAL;30;5571515,94
202505;3;PE;80185;SANTANDER - PRUDENCIAL;4;27932,75
202505;3;PI;80075;BRADESCO - PRUDENCIAL;6;909570,55
202505;3;PR;80075;BRADESCO - PRUDENCIAL;67;10621126,28
202505;3;PR;80185;SANTANDER - PRUDENCIAL;3;39360,16
202505;3;RJ;80075;BRADESCO - PRUDENCIAL;109;18706783,94
202505;3;RJ;80185;SANTANDER - PRUDENCIAL;18;389590,51
202505;3;RN;80075;BRADESCO - PRUDENCIAL;10;1365900,36
202505;3;RO;80075;BRADESCO - PRUDENCIAL;8;1250299,73
202505;3;RR;80075;BRADESCO - PRUDENCIAL;2;487387,81
202505;3;RS;80075;BRADESCO - PRUDENCIAL;72;15360070,22
202505;3;RS;80185;SANTANDER - PRUDENCIAL;1;38539,79
202505;3;SC;80075;BRADESCO - PRUDENCIAL;67;16154836,61
202505;3;SC;80185;SANTANDER - PRUDENCIAL;3;43817,11
202505;3;SE;80075;BRADESCO - PRUDENCIAL;4;245516,87
202505;3;SP;80075;BRADESCO - PRUDENCIAL;514;82139778,11
202505;3;SP;80185;SANTANDER - PRUDENCIAL;36;686931,63
202505;3;TO;80075;BRADESCO - PRUDENCIAL;5;2590826,07
202506;1;AC;84693;NU PAGAMENTOS - PRUDENCIAL;1;89,35
202506;1;AC;80185;SANTANDER - PRUDENCIAL;2;1954,67
202506;1;AL;84693;NU PAGAMENTOS - PRUDENCIAL;1;48,61
202506;1;AL;80185;SANTANDER - PRUDENCIAL;8;14483,96
202506;1;AM;80178;BMG - PRUDENCIAL;1;201,42
202506;1;AM;80336;BTG PACTUAL - PRUDENCIAL;1;135,56
202506;1;AM;2282709;COOP CENTRO NORTE BRASILEIRO;1;3145,05
202506;1;AM;80099;ITAU - PRUDENCIAL;3;517,26
202506;1;AM;84693;NU PAGAMENTOS - PRUDENCIAL;4;420,20
202506;1;AM;80185;SANTANDER - PRUDENCIAL;27;35511,85
202506;1;AP;80329;BB - PRUDENCIAL;1;203,18
202506;1;AP;80075;BRADESCO - PRUDENCIAL;1;300,90
202506;1;AP;80996;INTER - PRUDENCIAL;1;151,39
202506;1;AP;84693;NU PAGAMENTOS - PRUDENCIAL;2;147,20
202506;1;AP;80185;SANTANDER - PRUDENCIAL;4;5098,85
202506;1;BA;80329;BB - PRUDENCIAL;1;25,49
202506;1;BA;80075;BRADESCO - PRUDENCIAL;1;448,89
202506;1;BA;80336;BTG PACTUAL - PRUDENCIAL;1;200,32
202506;1;BA;80996;INTER - PRUDENCIAL;1;51,19
202506;1;BA;84693;NU PAGAMENTOS - PRUDENCIAL;12;1034,50
202506;1;BA;80185;SANTANDER - PRUDENCIAL;43;46837,29
202506;1;CE;80099;ITAU - PRUDENCIAL;2;385,10
202506;1;CE;84693;NU PAGAMENTOS - PRUDENCIAL;6;486,68
202506;1;CE;80185;SANTANDER - PRUDENCIAL;29;38787,78
202506;1;DF;80879;BANCO SICOOB - PRUDENCIAL;1;213,92
202506;1;DF;80996;INTER - PRUDENCIAL;1;101,49
202506;1;DF;80099;ITAU - PRUDENCIAL;1;305,79
202506;1;DF;84693;NU PAGAMENTOS - PRUDENCIAL;2;224,57
202506;1;DF;80185;SANTANDER - PRUDENCIAL;18;27060,41
202506;1;ES;80879;BANCO SICOOB - PRUDENCIAL;1;201,42
202506;1;ES;80099;ITAU - PRUDENCIAL;1;0,14
202506;1;ES;80185;SANTANDER - PRUDENCIAL;13;14496,59
202506;1;GO;80075;BRADESCO - PRUDENCIAL;1;7,99
202506;1;GO;80099;ITAU - PRUDENCIAL;3;367,46
202506;1;GO;84693;NU PAGAMENTOS - PRUDENCIAL;1;89,62
202506;1;GO;80185;SANTANDER - PRUDENCIAL;27;32922,43
202506;1;MA;80336;BTG PACTUAL - PRUDENCIAL;2;373,15
202506;1;MA;80996;INTER - PRUDENCIAL;1;112,82
202506;1;MA;80099;ITAU - PRUDENCIAL;2;311,78
202506;1;MA;84693;NU PAGAMENTOS - PRUDENCIAL;2;155,49
202506;1;MA;80185;SANTANDER - PRUDENCIAL;12;7957,69
202506;1;MG;80178;BMG - PRUDENCIAL;1;200,97
202506;1;MG;80075;BRADESCO - PRUDENCIAL;2;369,10
202506;1;MG;80336;BTG PACTUAL - PRUDENCIAL;3;471,74
202506;1;MG;80996;INTER - PRUDENCIAL;5;999,50
202506;1;MG;80099;ITAU - PRUDENCIAL;7;1732,20
202506;1;MG;84693;NU PAGAMENTOS - PRUDENCIAL;5;407,41
202506;1;MG;80185;SANTANDER - PRUDENCIAL;66;86480,40
202506;1;MS;84844;BANCO C6 - PRUDENCIAL;1;8,57
202506;1;MS;80336;BTG PACTUAL - PRUDENCIAL;1;200,57
202506;1;MS;80099;ITAU - PRUDENCIAL;2;377,05
202506;1;MS;84693;NU PAGAMENTOS - PRUDENCIAL;4;408,91
202506;1;MS;80185;SANTANDER - PRUDENCIAL;17;24568,45
202506;1;MT;80879;BANCO SICOOB - PRUDENCIAL;1;208,40
202506;1;MT;84693;NU PAGAMENTOS - PRUDENCIAL;6;708,63
202506;1;MT;80185;SANTANDER - PRUDENCIAL;12;19965,41
202506;1;PA;80996;INTER - PRUDENCIAL;2;244,69
202506;1;PA;84693;NU PAGAMENTOS - PRUDENCIAL;4;408,29
202506;1;PA;80185;SANTANDER - PRUDENCIAL;21;26852,87
202506;1;PB;80336;BTG PACTUAL - PRUDENCIAL;2;254,33
202506;1;PB;80996;INTER - PRUDENCIAL;1;154,42
202506;1;PB;80185;SANTANDER - PRUDENCIAL;19;25107,11
202506;1;PE;80336;BTG PACTUAL - PRUDENCIAL;2;194,46
202506;1;PE;80996;INTER - PRUDENCIAL;1;161,50
202506;1;PE;80099;ITAU - PRUDENCIAL;2;346,09
202506;1;PE;84693;NU PAGAMENTOS - PRUDENCIAL;2;231,61
202506;1;PE;80185;SANTANDER - PRUDENCIAL;59;76307,55
202506;1;PI;80329;BB - PRUDENCIAL;1;148,06
202506;1;PI;80336;BTG PACTUAL - PRUDENCIAL;1;201,24
202506;1;PI;84693;NU PAGAMENTOS - PRUDENCIAL;2;134,74
202506;1;PI;80185;SANTANDER - PRUDENCIAL;9;16291,48
202506;1;PR;84844;BANCO C6 - PRUDENCIAL;1;117,33
202506;1;PR;80336;BTG PACTUAL - PRUDENCIAL;3;324,45
202506;1;PR;80099;ITAU - PRUDENCIAL;1;290,67
202506;1;PR;84693;NU PAGAMENTOS - PRUDENCIAL;2;276,81
202506;1;PR;80185;SANTANDER - PRUDENCIAL;29;35381,57
202506;1;RJ;84844;BANCO C6 - PRUDENCIAL;1;124,53
202506;1;RJ;80075;BRADESCO - PRUDENCIAL;2;228,34
202506;1;RJ;80336;BTG PACTUAL - PRUDENCIAL;1;99,20
202506;1;RJ;80996;INTER - PRUDENCIAL;3;352,26
202506;1;RJ;80099;ITAU - PRUDENCIAL;10;1140,62
202506;1;RJ;84693;NU PAGAMENTOS - PRUDENCIAL;18;1435,38
202506;1;RJ;80185;SANTANDER - PRUDENCIAL;154;169933,27
202506;1;RN;84693;NU PAGAMENTOS - PRUDENCIAL;2;227,90
202506;1;RN;80185;SANTANDER - PRUDENCIAL;15;12628,10
202506;1;RO;8044854;CC INVESTIMENTO SICOOB CENTRO;1;24,53
202506;1;RO;80099;ITAU - PRUDENCIAL;1;213,04
202506;1;RO;84693;NU PAGAMENTOS - PRUDENCIAL;1;133,96
202506;1;RO;80185;SANTANDER - PRUDENCIAL;8;17223,18
202506;1;RR;80185;SANTANDER - PRUDENCIAL;3;6304,05
202506;1;RS;84844;BANCO C6 - PRUDENCIAL;1;115,75
202506;1;RS;80336;BTG PACTUAL - PRUDENCIAL;2;251,71
202506;1;RS;80099;ITAU - PRUDENCIAL;2;202,03
202506;1;RS;84693;NU PAGAMENTOS - PRUDENCIAL;5;512,16
202506;1;RS;80185;SANTANDER - PRUDENCIAL;29;32166,14
202506;1;SC;80329;BB - PRUDENCIAL;1;147,40
202506;1;SC;80178;BMG - PRUDENCIAL;1;200,10
202506;1;SC;80336;BTG PACTUAL - PRUDENCIAL;1;143,21
202506;1;SC;80099;ITAU - PRUDENCIAL;2;310,60
202506;1;SC;84693;NU PAGAMENTOS - PRUDENCIAL;3;240,83
202506;1;SC;80185;SANTANDER - PRUDENCIAL;13;19358,39
202506;1;SE;80336;BTG PACTUAL - PRUDENCIAL;1;202,40
202506;1;SE;80185;SANTANDER - PRUDENCIAL;4;2119,90
202506;1;SP;84844;BANCO C6 - PRUDENCIAL;3;429,42
202506;1;SP;80329;BB - PRUDENCIAL;2;350,08
202506;1;SP;80075;BRADESCO - PRUDENCIAL;3;1815,05
202506;1;SP;80336;BTG PACTUAL - PRUDENCIAL;6;882,24
202506;1;SP;80996;INTER - PRUDENCIAL;5;955,32
202506;1;SP;80099;ITAU - PRUDENCIAL;24;3644,46
202506;1;SP;84693;NU PAGAMENTOS - PRUDENCIAL;22;2091,67
202506;1;SP;80185;SANTANDER - PRUDENCIAL;274;307158,24
202506;1;TO;80185;SANTANDER - PRUDENCIAL;3;4678,89
202506;2;AL;84844;BANCO C6 - PRUDENCIAL;2;1606,07
202506;2;AM;84844;BANCO C6 - PRUDENCIAL;3;1489,38
202506;2;AM;80075;BRADESCO - PRUDENCIAL;1;8154,65
202506;2;AM;80484;VOTORANTIM - PRUDENCIAL;1;3860,00
202506;2;AP;84844;BANCO C6 - PRUDENCIAL;2;1865,26
202506;2;BA;84844;BANCO C6 - PRUDENCIAL;13;15273,83
202506;2;BA;80329;BB - PRUDENCIAL;1;120,14
202506;2;BA;80075;BRADESCO - PRUDENCIAL;2;3242,61
202506;2;BA;80099;ITAU - PRUDENCIAL;1;18,47
202506;2;BA;80484;VOTORANTIM - PRUDENCIAL;1;1655,35
202506;2;CE;84844;BANCO C6 - PRUDENCIAL;7;9293,98
202506;2;CE;80075;BRADESCO - PRUDENCIAL;2;23288,21
202506;2;CE;80484;VOTORANTIM - PRUDENCIAL;1;2823,62
202506;2;DF;84844;BANCO C6 - PRUDENCIAL;5;6957,96
202506;2;ES;84844;BANCO C6 - PRUDENCIAL;2;1429,51
202506;2;GO;84844;BANCO C6 - PRUDENCIAL;12;16904,71
202506;2;GO;80075;BRADESCO - PRUDENCIAL;1;8827,12
202506;2;GO;80484;VOTORANTIM - PRUDENCIAL;3;6581,33
202506;2;MA;84844;BANCO C6 - PRUDENCIAL;2;1579,34
202506;2;MA;81593;BCO DO NORDESTE DO BRASIL S.A. - PRUDENCIAL;1;2512,16
202506;2;MG;84844;BANCO C6 - PRUDENCIAL;26;28467,50
202506;2;MG;80075;BRADESCO - PRUDENCIAL;3;7057,22
202506;2;MG;80484;VOTORANTIM - PRUDENCIAL;3;12189,71
202506;2;MS;84844;BANCO C6 - PRUDENCIAL;2;5537,73
202506;2;MS;80075;BRADESCO - PRUDENCIAL;1;1738,04
202506;2;MS;80484;VOTORANTIM - PRUDENCIAL;1;1133,58
202506;2;MT;84844;BANCO C6 - PRUDENCIAL;1;808,36
202506;2;MT;80075;BRADESCO - PRUDENCIAL;1;4122,80
202506;2;MT;80484;VOTORANTIM - PRUDENCIAL;1;265,84
202506;2;PA;84844;BANCO C6 - PRUDENCIAL;9;12801,56
202506;2;PA;80075;BRADESCO - PRUDENCIAL;1;13973,39
202506;2;PB;84844;BANCO C6 - PRUDENCIAL;1;2193,40
202506;2;PB;80484;VOTORANTIM - PRUDENCIAL;2;4188,93
202506;2;PE;84844;BANCO C6 - PRUDENCIAL;10;17881,25
202506;2;PE;80075;BRADESCO - PRUDENCIAL;1;19736,76
202506;2;PE;80484;VOTORANTIM - PRUDENCIAL;1;1485,64
202506;2;PI;84844;BANCO C6 - PRUDENCIAL;3;1427,53
202506;2;PR;84844;BANCO C6 - PRUDENCIAL;21;29317,99
202506;2;PR;80075;BRADESCO - PRUDENCIAL;1;10620,23
202506;2;PR;80099;ITAU - PRUDENCIAL;2;113,22
202506;2;PR;80484;VOTORANTIM - PRUDENCIAL;6;50162,68
202506;2;RJ;84844;BANCO C6 - PRUDENCIAL;28;25958,15
202506;2;RJ;80075;BRADESCO - PRUDENCIAL;2;2731,91
202506;2;RJ;80099;ITAU - PRUDENCIAL;1;34,16
202506;2;RJ;80484;VOTORANTIM - PRUDENCIAL;5;3067,21
202506;2;RN;84844;BANCO C6 - PRUDENCIAL;3;2263,31
202506;2;RO;80075;BRADESCO - PRUDENCIAL;1;4027,13
202506;2;RO;80336;BTG PACTUAL - PRUDENCIAL;1;2925,64
202506;2;RS;84844;BANCO C6 - PRUDENCIAL;7;3643,83
202506;2;RS;80154;BANRISUL - PRUDENCIAL;3;605,09
202506;2;RS;80075;BRADESCO - PRUDENCIAL;2;7850,24
202506;2;RS;80484;VOTORANTIM - PRUDENCIAL;4;14024,79
202506;2;SC;84844;BANCO C6 - PRUDENCIAL;11;12621,68
202506;2;SC;80484;VOTORANTIM - PRUDENCIAL;3;13751,37
202506;2;SE;84844;BANCO C6 - PRUDENCIAL;1;2185,94
202506;2;SP;84844;BANCO C6 - PRUDENCIAL;58;109956,37
202506;2;SP;80075;BRADESCO - PRUDENCIAL;3;16763,41
202506;2;SP;80099;ITAU - PRUDENCIAL;4;266,41
202506;2;SP;80484;VOTORANTIM - PRUDENCIAL;14;33326,26
202506;3;AC;80075;BRADESCO - PRUDENCIAL;2;128704,34
202506;3;AL;81593;BCO DO NORDESTE DO BRASIL S.A. - PRUDENCIAL;2;24917,78
202506;3;AL;80075;BRADESCO - PRUDENCIAL;5;818716,36
202506;3;AM;80075;BRADESCO - PRUDENCIAL;11;1382087,94
202506;3;AP;80075;BRADESCO - PRUDENCIAL;1;86197,17
202506;3;BA;81593;BCO DO NORDESTE DO BRASIL S.A. - PRUDENCIAL;29;900549,46
202506;3;BA;80075;BRADESCO - PRUDENCIAL;20;2859996,78
202506;3;BA;80185;SANTANDER - PRUDENCIAL;2;38257,89
202506;3;CE;81593;BCO DO NORDESTE DO BRASIL S.A. - PRUDENCIAL;36;417193,47
202506;3;CE;80075;BRADESCO - PRUDENCIAL;22;2224285,90
202506;3;CE;80185;SANTANDER - PRUDENCIAL;5;87257,41
202506;3;DF;80075;BRADESCO - PRUDENCIAL;6;784095,43
202506;3;DF;80185;SANTANDER - PRUDENCIAL;1;5796,49
202506;3;ES;81593;BCO DO NORDESTE DO BRASIL S.A. - PRUDENCIAL;3;5027,53
202506;3;ES;80075;BRADESCO - PRUDENCIAL;3;1122359,55
202506;3;ES;80185;SANTANDER - PRUDENCIAL;3;32742,60
202506;3;GO;80075;BRADESCO - PRUDENCIAL;26;2648011,41
202506;3;GO;80185;SANTANDER - PRUDENCIAL;5;35470,45
202506;3;MA;81593;BCO DO NORDESTE DO BRASIL S.A. - PRUDENCIAL;18;585018,48
202506;3;MA;80075;BRADESCO - PRUDENCIAL;14;1388998,30
202506;3;MA;80185;SANTANDER - PRUDENCIAL;1;15590,59
202506;3;MG;81593;BCO DO NORDESTE DO BRASIL S.A. - PRUDENCIAL;11;126286,90
202506;3;MG;80075;BRADESCO - PRUDENCIAL;36;4592993,70
202506;3;MG;80185;SANTANDER - PRUDENCIAL;20;88001,72
202506;3;MS;80075;BRADESCO - PRUDENCIAL;11;1425748,91
202506;3;MS;80185;SANTANDER - PRUDENCIAL;4;44839,33
202506;3;MT;80075;BRADESCO - PRUDENCIAL;13;1035100,76
202506;3;PA;80075;BRADESCO - PRUDENCIAL;21;4119146,64
202506;3;PA;80185;SANTANDER - PRUDENCIAL;2;42501,87
202506;3;PB;81593;BCO DO NORDESTE DO BRASIL S.A. - PRUDENCIAL;15;249701,63
202506;3;PB;80075;BRADESCO - PRUDENCIAL;4;462418,90
202506;3;PE;81593;BCO DO NORDESTE DO BRASIL S.A. - PRUDENCIAL;18;743281,33
202506;3;PE;80075;BRADESCO - PRUDENCIAL;13;2232405,38
202506;3;PI;81593;BCO DO NORDESTE DO BRASIL S.A. - PRUDENCIAL;15;319478,69
202506;3;PI;80075;BRADESCO - PRUDENCIAL;9;1028983,81
202506;3;PR;80075;BRADESCO - PRUDENCIAL;60;8487781,40
202506;3;RJ;80075;BRADESCO - PRUDENCIAL;66;11830019,73
202506;3;RJ;80185;SANTANDER - PRUDENCIAL;5;158816,52
202506;3;RN;81593;BCO DO NORDESTE DO BRASIL S.A. - PRUDENCIAL;18;294885,66
202506;3;RN;80075;BRADESCO - PRUDENCIAL;4;599623,50
202506;3;RO;80075;BRADESCO - PRUDENCIAL;4;548866,88
202506;3;RR;80185;SANTANDER - PRUDENCIAL;1;45142,42
202506;3;RS;80075;BRADESCO - PRUDENCIAL;1;198586,74
202506;3;RS;80185;SANTANDER - PRUDENCIAL;6;82815,76
202506;3;SC;80075;BRADESCO - PRUDENCIAL;38;6281910,27
202506;3;SC;80185;SANTANDER - PRUDENCIAL;1;24140,24
202506;3;SE;81593;BCO DO NORDESTE DO BRASIL S.A. - PRUDENCIAL;2;107914,66
202506;3;SE;80185;SANTANDER - PRUDENCIAL;1;5073,57
202506;3;SP;80075;BRADESCO - PRUDENCIAL;311;45677050,35
202506;3;SP;80185;SANTANDER - PRUDENCIAL;33;779295,75
202506;3;TO;80075;BRADESCO - PRUDENCIAL;7;956965,73
202506;3;TO;80185;SANTANDER - PRUDENCIAL;1;18507,39
202507;1;AC;84693;NU PAGAMENTOS - PRUDENCIAL;2;204,86
202507;1;AC;80185;SANTANDER - PRUDENCIAL;1;4647,73
202507;1;AL;84693;NU PAGAMENTOS - PRUDENCIAL;2;154,46
202507;1;AL;80185;SANTANDER - PRUDENCIAL;2;2519,83
202507;1;AM;80099;ITAU - PRUDENCIAL;2;480,97
202507;1;AM;84693;NU PAGAMENTOS - PRUDENCIAL;4;308,42
202507;1;AM;80185;SANTANDER - PRUDENCIAL;13;19933,23
202507;1;AP;84693;NU PAGAMENTOS - PRUDENCIAL;1;50,19
202507;1;AP;80185;SANTANDER - PRUDENCIAL;3;2028,06
202507;1;BA;84844;BANCO C6 - PRUDENCIAL;1;348,98
202507;1;BA;80329;BB - PRUDENCIAL;1;67,81
202507;1;BA;80336;BTG PACTUAL - PRUDENCIAL;1;200,21
202507;1;BA;80996;INTER - PRUDENCIAL;1;147,78
202507;1;BA;80099;ITAU - PRUDENCIAL;3;640,44
202507;1;BA;84693;NU PAGAMENTOS - PRUDENCIAL;11;1312,32
202507;1;BA;80185;SANTANDER - PRUDENCIAL;27;22679,34
202507;1;CE;80336;BTG PACTUAL - PRUDENCIAL;2;293,53
202507;1;CE;80996;INTER - PRUDENCIAL;1;200,71
202507;1;CE;84693;NU PAGAMENTOS - PRUDENCIAL;11;1347,24
202507;1;CE;80185;SANTANDER - PRUDENCIAL;28;33448,03
202507;1;DF;80329;BB - PRUDENCIAL;1;202,89
202507;1;DF;80075;BRADESCO - PRUDENCIAL;1;228,52
202507;1;DF;80099;ITAU - PRUDENCIAL;1;203,63
202507;1;DF;84693;NU PAGAMENTOS - PRUDENCIAL;4;326,70
202507;1;DF;80185;SANTANDER - PRUDENCIAL;14;14199,02
202507;1;ES;80879;BANCO SICOOB - PRUDENCIAL;1;9,91
202507;1;ES;80336;BTG PACTUAL - PRUDENCIAL;1;54,32
202507;1;ES;80185;SANTANDER - PRUDENCIAL;3;5181,42
202507;1;GO;80329;BB - PRUDENCIAL;1;102,11
202507;1;GO;80336;BTG PACTUAL - PRUDENCIAL;2;199,48
202507;1;GO;80099;ITAU - PRUDENCIAL;1;240,73
202507;1;GO;84693;NU PAGAMENTOS - PRUDENCIAL;2;351,94
202507;1;GO;80185;SANTANDER - PRUDENCIAL;9;14477,06
202507;1;MA;80336;BTG PACTUAL - PRUDENCIAL;1;147,52
202507;1;MA;84693;NU PAGAMENTOS - PRUDENCIAL;1;150,81
202507;1;MA;80185;SANTANDER - PRUDENCIAL;4;4160,53
202507;1;MG;84844;BANCO C6 - PRUDENCIAL;1;60,68
202507;1;MG;80879;BANCO SICOOB - PRUDENCIAL;4;655,39
202507;1;MG;80329;BB - PRUDENCIAL;4;622,85
202507;1;MG;80075;BRADESCO - PRUDENCIAL;3;524,08
202507;1;MG;80336;BTG PACTUAL - PRUDENCIAL;1;176,63
202507;1;MG;80996;INTER - PRUDENCIAL;3;264,54
202507;1;MG;80099;ITAU - PRUDENCIAL;1;1,00
202507;1;MG;84693;NU PAGAMENTOS - PRUDENCIAL;7;653,79
202507;1;MG;80185;SANTANDER - PRUDENCIAL;44;56627,54
202507;1;MS;80075;BRADESCO - PRUDENCIAL;2;262,45
202507;1;MS;80336;BTG PACTUAL - PRUDENCIAL;1;98,68
202507;1;MS;84693;NU PAGAMENTOS - PRUDENCIAL;3;199,44
202507;1;MS;80185;SANTANDER - PRUDENCIAL;6;8165,46
202507;1;MT;80075;BRADESCO - PRUDENCIAL;3;624,43
202507;1;MT;84693;NU PAGAMENTOS - PRUDENCIAL;4;277,47
202507;1;MT;80185;SANTANDER - PRUDENCIAL;10;8990,33
202507;1;PA;80075;BRADESCO - PRUDENCIAL;2;270,10
202507;1;PA;84693;NU PAGAMENTOS - PRUDENCIAL;2;253,79
202507;1;PA;80185;SANTANDER - PRUDENCIAL;12;7225,39
202507;1;PB;80879;BANCO SICOOB - PRUDENCIAL;1;3,14
202507;1;PB;80075;BRADESCO - PRUDENCIAL;1;10,96
202507;1;PB;80099;ITAU - PRUDENCIAL;1;201,18
202507;1;PB;80185;SANTANDER - PRUDENCIAL;8;11611,28
202507;1;PE;84844;BANCO C6 - PRUDENCIAL;1;187,82
202507;1;PE;80336;BTG PACTUAL - PRUDENCIAL;1;203,14
202507;1;PE;80996;INTER - PRUDENCIAL;1;97,85
202507;1;PE;80099;ITAU - PRUDENCIAL;2;205,48
202507;1;PE;84693;NU PAGAMENTOS - PRUDENCIAL;4;321,18
202507;1;PE;80185;SANTANDER - PRUDENCIAL;19;21644,39
202507;1;PI;84693;NU PAGAMENTOS - PRUDENCIAL;5;492,49
202507;1;PI;80185;SANTANDER - PRUDENCIAL;3;2410,20
202507;1;PR;84844;BANCO C6 - PRUDENCIAL;1;95,75
202507;1;PR;80879;BANCO SICOOB - PRUDENCIAL;2;209,03
202507;1;PR;80329;BB - PRUDENCIAL;1;202,55
202507;1;PR;80336;BTG PACTUAL - PRUDENCIAL;2;232,26
202507;1;PR;80996;INTER - PRUDENCIAL;1;102,85
202507;1;PR;80099;ITAU - PRUDENCIAL;1;152,06
202507;1;PR;84693;NU PAGAMENTOS - PRUDENCIAL;9;1154,54
202507;1;PR;80185;SANTANDER - PRUDENCIAL;18;23894,78
202507;1;RJ;84844;BANCO C6 - PRUDENCIAL;3;330,40
202507;1;RJ;80879;BANCO SICOOB - PRUDENCIAL;1;220,62
202507;1;RJ;80075;BRADESCO - PRUDENCIAL;1;1939,63
202507;1;RJ;80336;BTG PACTUAL - PRUDENCIAL;7;961,49
202507;1;RJ;80996;INTER - PRUDENCIAL;2;210,01
202507;1;RJ;80099;ITAU - PRUDENCIAL;6;1377,36
202507;1;RJ;84693;NU PAGAMENTOS - PRUDENCIAL;18;1434,45
202507;1;RJ;80185;SANTANDER - PRUDENCIAL;67;74106,59
202507;1;RN;80075;BRADESCO - PRUDENCIAL;1;91,36
202507;1;RN;80336;BTG PACTUAL - PRUDENCIAL;1;201,08
202507;1;RN;84693;NU PAGAMENTOS - PRUDENCIAL;2;357,26
202507;1;RN;80185;SANTANDER - PRUDENCIAL;6;2283,19
202507;1;RO;80178;BMG - PRUDENCIAL;1;121,47
202507;1;RO;80099;ITAU - PRUDENCIAL;1;1,00
202507;1;RO;84693;NU PAGAMENTOS - PRUDENCIAL;2;249,71
202507;1;RO;80185;SANTANDER - PRUDENCIAL;7;4050,92
202507;1;RR;80336;BTG PACTUAL - PRUDENCIAL;1;104,28
202507;1;RR;80185;SANTANDER - PRUDENCIAL;1;357,10
202507;1;RS;84844;BANCO C6 - PRUDENCIAL;2;338,38
202507;1;RS;80075;BRADESCO - PRUDENCIAL;1;265,29
202507;1;RS;80336;BTG PACTUAL - PRUDENCIAL;3;438,95
202507;1;RS;78825270;CCLA MAXI ALFA;1;203,04
202507;1;RS;80099;ITAU - PRUDENCIAL;1;116,00
202507;1;RS;84693;NU PAGAMENTOS - PRUDENCIAL;9;706,43
202507;1;RS;80185;SANTANDER - PRUDENCIAL;18;18474,52
202507;1;SC;84844;BANCO C6 - PRUDENCIAL;1;224,83
202507;1;SC;85291086;CC LITORÂNEA;1;54,05
202507;1;SC;2090126;CCLA SICOOB VALCREDI SUL;1;472,92
202507;1;SC;80099;ITAU - PRUDENCIAL;3;472,17
202507;1;SC;84693;NU PAGAMENTOS - PRUDENCIAL;4;403,13
202507;1;SC;80185;SANTANDER - PRUDENCIAL;12;13388,26
202507;1;SE;80329;BB - PRUDENCIAL;1;202,71
202507;1;SE;80185;SANTANDER - PRUDENCIAL;1;1026,63
202507;1;SP;84844;BANCO C6 - PRUDENCIAL;4;562,13
202507;1;SP;80879;BANCO SICOOB - PRUDENCIAL;1;256,55
202507;1;SP;80329;BB - PRUDENCIAL;1;51,58
202507;1;SP;80178;BMG - PRUDENCIAL;1;202,78
202507;1;SP;80075;BRADESCO - PRUDENCIAL;10;1335,56
202507;1;SP;80336;BTG PACTUAL - PRUDENCIAL;7;1113,29
202507;1;SP;80996;INTER - PRUDENCIAL;5;485,95
202507;1;SP;80099;ITAU - PRUDENCIAL;7;850,70
202507;1;SP;84693;NU PAGAMENTOS - PRUDENCIAL;37;3690,46
202507;1;SP;80185;SANTANDER - PRUDENCIAL;161;158233,66
202507;1;TO;84693;NU PAGAMENTOS - PRUDENCIAL;1;54,00
202507;2;AL;80484;VOTORANTIM - PRUDENCIAL;1;4068,30
202507;2;BA;84844;BANCO C6 - PRUDENCIAL;1;111,92
202507;2;BA;80075;BRADESCO - PRUDENCIAL;2;806,05
202507;2;CE;80075;BRADESCO - PRUDENCIAL;1;3052,52
202507;2;CE;80484;VOTORANTIM - PRUDENCIAL;4;4708,61
202507;2;DF;84844;BANCO C6 - PRUDENCIAL;1;371,94
202507;2;DF;80329;BB - PRUDENCIAL;1;2714,58
202507;2;ES;80484;VOTORANTIM - PRUDENCIAL;1;227,97
202507;2;GO;80329;BB - PRUDENCIAL;1;1958,55
202507;2;GO;80075;BRADESCO - PRUDENCIAL;1;282,22
202507;2;GO;80484;VOTORANTIM - PRUDENCIAL;1;5199,26
202507;2;MA;81593;BCO DO NORDESTE DO BRASIL S.A. - PRUDENCIAL;7;29053,38
202507;2;MA;80075;BRADESCO - PRUDENCIAL;1;3278,92
202507;2;MA;80484;VOTORANTIM - PRUDENCIAL;2;1630,15
202507;2;MG;80075;BRADESCO - PRUDENCIAL;3;9391,92
202507;2;MG;80185;SANTANDER - PRUDENCIAL;2;646,67
202507;2;MG;80484;VOTORANTIM - PRUDENCIAL;8;34231,54
202507;2;MS;80484;VOTORANTIM - PRUDENCIAL;5;11140,16
202507;2;MT;80484;VOTORANTIM - PRUDENCIAL;1;3391,20
202507;2;PA;80484;VOTORANTIM - PRUDENCIAL;1;8483,11
202507;2;PB;80075;BRADESCO - PRUDENCIAL;1;1512,91
202507;2;PB;80484;VOTORANTIM - PRUDENCIAL;2;2998,76
202507;2;PE;80075;BRADESCO - PRUDENCIAL;4;25083,64
202507;2;PR;80075;BRADESCO - PRUDENCIAL;3;6750,95
202507;2;PR;80185;SANTANDER - PRUDENCIAL;1;173,57
202507;2;PR;80484;VOTORANTIM - PRUDENCIAL;4;9171,40
202507;2;RJ;80075;BRADESCO - PRUDENCIAL;5;13266,41
202507;2;RJ;80185;SANTANDER - PRUDENCIAL;3;404,81
202507;2;RJ;80484;VOTORANTIM - PRUDENCIAL;4;5000,95
202507;2;RN;80075;BRADESCO - PRUDENCIAL;1;4713,18
202507;2;RN;80484;VOTORANTIM - PRUDENCIAL;2;9919,91
202507;2;RS;80154;BANRISUL - PRUDENCIAL;1;202,76
202507;2;RS;80484;VOTORANTIM - PRUDENCIAL;5;15630,65
202507;2;SC;84844;BANCO C6 - PRUDENCIAL;1;268,92
202507;2;SC;80075;BRADESCO - PRUDENCIAL;1;252,85
202507;2;SC;80484;VOTORANTIM - PRUDENCIAL;3;18401,47
202507;2;SP;84844;BANCO C6 - PRUDENCIAL;6;1443,42
202507;2;SP;80075;BRADESCO - PRUDENCIAL;10;94107,57
202507;2;SP;80099;ITAU - PRUDENCIAL;6;1307,31
202507;2;SP;80185;SANTANDER - PRUDENCIAL;6;478,41
202507;2;SP;80484;VOTORANTIM - PRUDENCIAL;25;51455,07
202507;3;AM;80185;SANTANDER - PRUDENCIAL;2;43100,44
202507;3;BA;81593;BCO DO NORDESTE DO BRASIL S.A. - PRUDENCIAL;2;49804,80
202507;3;BA;80185;SANTANDER - PRUDENCIAL;8;145191,52
202507;3;CE;80185;SANTANDER - PRUDENCIAL;4;19392,66
202507;3;DF;80185;SANTANDER - PRUDENCIAL;1;32243,71
202507;3;ES;80185;SANTANDER - PRUDENCIAL;2;48267,54
202507;3;MA;81593;BCO DO NORDESTE DO BRASIL S.A. - PRUDENCIAL;2;28035,68
202507;3;MA;80185;SANTANDER - PRUDENCIAL;1;2528,66
202507;3;MG;80185;SANTANDER - PRUDENCIAL;2;4448,28
202507;3;MS;80185;SANTANDER - PRUDENCIAL;3;20520,96
202507;3;MT;80185;SANTANDER - PRUDENCIAL;1;3249,39
202507;3;PB;80185;SANTANDER - PRUDENCIAL;1;4651,43
202507;3;PE;80185;SANTANDER - PRUDENCIAL;3;111913,39
202507;3;PI;80185;SANTANDER - PRUDENCIAL;1;16530,48
202507;3;PR;80185;SANTANDER - PRUDENCIAL;2;12205,07
202507;3;RJ;80185;SANTANDER - PRUDENCIAL;8;109413,82
202507;3;RN;81593;BCO DO NORDESTE DO BRASIL S.A. - PRUDENCIAL;1;68149,41
202507;3;RN;80185;SANTANDER - PRUDENCIAL;2;43848,36
202507;3;SP;80185;SANTANDER - PRUDENCIAL;29;346288,17
202508;1;AC;84693;NU PAGAMENTOS - PRUDENCIAL;1;56,61
202508;1;AC;80185;SANTANDER - PRUDENCIAL;1;299,24
202508;1;AL;84693;NU PAGAMENTOS - PRUDENCIAL;1;44,17
202508;1;AL;80185;SANTANDER - PRUDENCIAL;2;2020,25
202508;1;AM;84844;BANCO C6 - PRUDENCIAL;1;197,24
202508;1;AM;80329;BB - PRUDENCIAL;1;75,33
202508;1;AM;80075;BRADESCO - PRUDENCIAL;1;204,87
202508;1;AM;84693;NU PAGAMENTOS - PRUDENCIAL;1;89,86
202508;1;AM;80185;SANTANDER - PRUDENCIAL;9;11847,27
202508;1;AP;80185;SANTANDER - PRUDENCIAL;1;3960,13
202508;1;BA;80336;BTG PACTUAL - PRUDENCIAL;2;310,39
202508;1;BA;80996;INTER - PRUDENCIAL;1;200,25
202508;1;BA;80099;ITAU - PRUDENCIAL;1;240,71
202508;1;BA;84693;NU PAGAMENTOS - PRUDENCIAL;5;397,62
202508;1;BA;80185;SANTANDER - PRUDENCIAL;10;12349,42
202508;1;CE;80336;BTG PACTUAL - PRUDENCIAL;1;105,84
202508;1;CE;80996;INTER - PRUDENCIAL;1;150,03
202508;1;CE;80099;ITAU - PRUDENCIAL;2;410,09
202508;1;CE;84693;NU PAGAMENTOS - PRUDENCIAL;4;378,53
202508;1;CE;80185;SANTANDER - PRUDENCIAL;11;12630,24
202508;1;DF;80879;BANCO SICOOB - PRUDENCIAL;1;203,15
202508;1;DF;84693;NU PAGAMENTOS - PRUDENCIAL;2;199,89
202508;1;DF;80185;SANTANDER - PRUDENCIAL;4;5384,71
202508;1;ES;84693;NU PAGAMENTOS - PRUDENCIAL;2;139,65
202508;1;ES;80185;SANTANDER - PRUDENCIAL;5;3461,42
202508;1;GO;84844;BANCO C6 - PRUDENCIAL;1;115,51
202508;1;GO;80178;BMG - PRUDENCIAL;1;200,49
202508;1;GO;80099;ITAU - PRUDENCIAL;1;237,55
202508;1;GO;84693;NU PAGAMENTOS - PRUDENCIAL;3;225,38
202508;1;GO;80185;SANTANDER - PRUDENCIAL;7;9142,04
202508;1;MA;80996;INTER - PRUDENCIAL;3;451,29
202508;1;MA;80099;ITAU - PRUDENCIAL;1;101,85
202508;1;MA;84693;NU PAGAMENTOS - PRUDENCIAL;1;35,53
202508;1;MA;80185;SANTANDER - PRUDENCIAL;1;756,29
202508;1;MG;84844;BANCO C6 - PRUDENCIAL;2;129,34
202508;1;MG;80879;BANCO SICOOB - PRUDENCIAL;1;205,74
202508;1;MG;80075;BRADESCO - PRUDENCIAL;4;3388,51
202508;1;MG;80336;BTG PACTUAL - PRUDENCIAL;3;486,92
202508;1;MG;80099;ITAU - PRUDENCIAL;1;1,00
202508;1;MG;84693;NU PAGAMENTOS - PRUDENCIAL;10;729,39
202508;1;MG;80185;SANTANDER - PRUDENCIAL;19;24655,00
202508;1;MS;80099;ITAU - PRUDENCIAL;1;387,25
202508;1;MS;84693;NU PAGAMENTOS - PRUDENCIAL;1;188,87
202508;1;MS;80185;SANTANDER - PRUDENCIAL;3;77,82
202508;1;MT;80336;BTG PACTUAL - PRUDENCIAL;1;200,55
202508;1;MT;84693;NU PAGAMENTOS - PRUDENCIAL;1;174,29
202508;1;MT;80185;SANTANDER - PRUDENCIAL;2;22,33
202508;1;PA;84844;BANCO C6 - PRUDENCIAL;1;174,43
202508;1;PA;80996;INTER - PRUDENCIAL;2;402,35
202508;1;PA;80099;ITAU - PRUDENCIAL;2;305,91
202508;1;PA;84693;NU PAGAMENTOS - PRUDENCIAL;8;759,24
202508;1;PA;80185;SANTANDER - PRUDENCIAL;10;11735,74
202508;1;PB;80996;INTER - PRUDENCIAL;1;154,42
202508;1;PB;84693;NU PAGAMENTOS - PRUDENCIAL;3;134,18
202508;1;PB;80185;SANTANDER - PRUDENCIAL;3;1314,20
202508;1;PE;80178;BMG - PRUDENCIAL;1;201,39
202508;1;PE;80336;BTG PACTUAL - PRUDENCIAL;1;202,14
202508;1;PE;80099;ITAU - PRUDENCIAL;2;184,62
202508;1;PE;84693;NU PAGAMENTOS - PRUDENCIAL;5;425,89
202508;1;PE;80185;SANTANDER - PRUDENCIAL;9;11475,04
202508;1;PR;80075;BRADESCO - PRUDENCIAL;1;2541,23
202508;1;PR;84693;NU PAGAMENTOS - PRUDENCIAL;3;140,43
202508;1;PR;80185;SANTANDER - PRUDENCIAL;12;10937,06
202508;1;RJ;80075;BRADESCO - PRUDENCIAL;3;90,20
202508;1;RJ;80336;BTG PACTUAL - PRUDENCIAL;2;402,80
202508;1;RJ;80996;INTER - PRUDENCIAL;3;2605,12
202508;1;RJ;80099;ITAU - PRUDENCIAL;4;261,57
202508;1;RJ;84693;NU PAGAMENTOS - PRUDENCIAL;17;1579,22
202508;1;RJ;80185;SANTANDER - PRUDENCIAL;32;33195,64
202508;1;RN;80336;BTG PACTUAL - PRUDENCIAL;1;200,50
202508;1;RN;80099;ITAU - PRUDENCIAL;1;209,42
202508;1;RN;84693;NU PAGAMENTOS - PRUDENCIAL;3;155,29
202508;1;RN;80185;SANTANDER - PRUDENCIAL;2;1682,41
202508;1;RO;80185;SANTANDER - PRUDENCIAL;1;516,10
202508;1;RR;80185;SANTANDER - PRUDENCIAL;2;67,66
202508;1;RS;80329;BB - PRUDENCIAL;1;148,60
202508;1;RS;80336;BTG PACTUAL - PRUDENCIAL;2;307,16
202508;1;RS;80099;ITAU - PRUDENCIAL;1;54,14
202508;1;RS;84693;NU PAGAMENTOS - PRUDENCIAL;5;492,81
202508;1;RS;80185;SANTANDER - PRUDENCIAL;10;8576,27
202508;1;SC;80329;BB - PRUDENCIAL;1;98,67
202508;1;SC;80075;BRADESCO - PRUDENCIAL;2;482,85
202508;1;SC;78825270;CCLAA SICOOB MAXICRÉDITO;1;370,93
202508;1;SC;80996;INTER - PRUDENCIAL;1;149,27
202508;1;SC;80185;SANTANDER - PRUDENCIAL;7;4106,40
202508;1;SE;84693;NU PAGAMENTOS - PRUDENCIAL;1;88,99
202508;1;SE;80185;SANTANDER - PRUDENCIAL;2;475,34
202508;1;SP;84844;BANCO C6 - PRUDENCIAL;6;726,89
202508;1;SP;80075;BRADESCO - PRUDENCIAL;9;2314,09
202508;1;SP;80336;BTG PACTUAL - PRUDENCIAL;8;1119,27
202508;1;SP;80996;INTER - PRUDENCIAL;3;440,23
202508;1;SP;80099;ITAU - PRUDENCIAL;8;561,31
202508;1;SP;84693;NU PAGAMENTOS - PRUDENCIAL;24;4381,59
202508;1;SP;80185;SANTANDER - PRUDENCIAL;70;65746,62
202508;1;TO;80329;BB - PRUDENCIAL;1;203,81
202508;1;TO;84693;NU PAGAMENTOS - PRUDENCIAL;2;260,89
202508;1;TO;80185;SANTANDER - PRUDENCIAL;1;1078,36
202508;2;AC;80099;ITAU - PRUDENCIAL;70;214120,13
202508;2;AL;80099;ITAU - PRUDENCIAL;625;1537271,98
202508;2;AM;80075;BRADESCO - PRUDENCIAL;1;12612,91
202508;2;AM;80099;ITAU - PRUDENCIAL;414;1094830,52
202508;2;AP;80099;ITAU - PRUDENCIAL;51;108827,98
202508;2;BA;80329;BB - PRUDENCIAL;1;5474,51
202508;2;BA;81593;BCO DO NORDESTE DO BRASIL S.A. - PRUDENCIAL;2;9105,79
202508;2;BA;80075;BRADESCO - PRUDENCIAL;3;19763,52
202508;2;BA;80099;ITAU - PRUDENCIAL;2601;6446012,81
202508;2;BA;80484;VOTORANTIM - PRUDENCIAL;2;2761,38
202508;2;CE;80099;ITAU - PRUDENCIAL;1573;4173318,78
202508;2;CE;80484;VOTORANTIM - PRUDENCIAL;1;748,69
202508;2;DF;80099;ITAU - PRUDENCIAL;797;2010684,36
202508;2;ES;80099;ITAU - PRUDENCIAL;512;1229060,00
202508;2;ES;80484;VOTORANTIM - PRUDENCIAL;1;669,99
202508;2;GO;80075;BRADESCO - PRUDENCIAL;1;3053,31
202508;2;GO;80099;ITAU - PRUDENCIAL;1101;2563790,95
202508;2;MA;80075;BRADESCO - PRUDENCIAL;2;4914,32
202508;2;MA;80099;ITAU - PRUDENCIAL;480;1138982,12
202508;2;MG;80075;BRADESCO - PRUDENCIAL;3;7892,24
202508;2;MG;80099;ITAU - PRUDENCIAL;3735;8994387,37
202508;2;MG;80484;VOTORANTIM - PRUDENCIAL;4;7802,00
202508;2;MS;80075;BRADESCO - PRUDENCIAL;1;7332,42
202508;2;MS;80099;ITAU - PRUDENCIAL;455;1278809,05
202508;2;MT;80099;ITAU - PRUDENCIAL;308;690752,50
202508;2;MT;80484;VOTORANTIM - PRUDENCIAL;1;247,32
202508;2;PA;80075;BRADESCO - PRUDENCIAL;1;4400,87
202508;2;PA;80099;ITAU - PRUDENCIAL;715;1734526,88
202508;2;PA;80484;VOTORANTIM - PRUDENCIAL;1;12258,59
202508;2;PB;80099;ITAU - PRUDENCIAL;914;2971340,26
202508;2;PE;84844;BANCO C6 - PRUDENCIAL;1;1065,52
202508;2;PE;80075;BRADESCO - PRUDENCIAL;1;3842,60
202508;2;PE;80099;ITAU - PRUDENCIAL;2185;5815096,00
202508;2;PI;80099;ITAU - PRUDENCIAL;353;873367,28
202508;2;PR;84844;BANCO C6 - PRUDENCIAL;1;14366,61
202508;2;PR;80099;ITAU - PRUDENCIAL;2045;5085067,39
202508;2;PR;80484;VOTORANTIM - PRUDENCIAL;2;4215,56
202508;2;RJ;84844;BANCO C6 - PRUDENCIAL;1;216,86
202508;2;RJ;80075;BRADESCO - PRUDENCIAL;2;11084,05
202508;2;RJ;80099;ITAU - PRUDENCIAL;5814;12016584,09
202508;2;RJ;80484;VOTORANTIM - PRUDENCIAL;2;6458,91
202508;2;RN;80099;ITAU - PRUDENCIAL;748;1990631,39
202508;2;RN;80484;VOTORANTIM - PRUDENCIAL;1;3162,32
202508;2;RO;80099;ITAU - PRUDENCIAL;112;260024,32
202508;2;RR;80099;ITAU - PRUDENCIAL;56;128125,89
202508;2;RS;80099;ITAU - PRUDENCIAL;1770;4134276,59
202508;2;RS;80484;VOTORANTIM - PRUDENCIAL;1;9013,29
202508;2;SC;84844;BANCO C6 - PRUDENCIAL;1;224,21
202508;2;SC;80075;BRADESCO - PRUDENCIAL;1;9625,71
202508;2;SC;80099;ITAU - PRUDENCIAL;1233;3393225,58
202508;2;SC;80484;VOTORANTIM - PRUDENCIAL;3;4010,05
202508;2;SE;80099;ITAU - PRUDENCIAL;387;950718,71
202508;2;SP;84844;BANCO C6 - PRUDENCIAL;5;85918,22
202508;2;SP;80075;BRADESCO - PRUDENCIAL;5;80989,59
202508;2;SP;80099;ITAU - PRUDENCIAL;13250;31443772,55
202508;2;SP;80185;SANTANDER - PRUDENCIAL;1;4021,43
202508;2;SP;80484;VOTORANTIM - PRUDENCIAL;13;26200,10
202508;2;TO;80099;ITAU - PRUDENCIAL;78;186585,93
202508;3;AC;80075;BRADESCO - PRUDENCIAL;2;23472,23
202508;3;AC;80099;ITAU - PRUDENCIAL;3;35116,52
202508;3;AC;80185;SANTANDER - PRUDENCIAL;2;15588,25
202508;3;AL;80075;BRADESCO - PRUDENCIAL;21;1015259,07
202508;3;AL;80099;ITAU - PRUDENCIAL;15;96333,96
202508;3;AM;80075;BRADESCO - PRUDENCIAL;24;827924,11
202508;3;AM;80099;ITAU - PRUDENCIAL;19;252732,08
202508;3;AP;80075;BRADESCO - PRUDENCIAL;2;30694,56
202508;3;AP;80099;ITAU - PRUDENCIAL;3;21505,03
202508;3;BA;80075;BRADESCO - PRUDENCIAL;50;2273447,53
202508;3;BA;80099;ITAU - PRUDENCIAL;70;326077,04
202508;3;BA;80185;SANTANDER - PRUDENCIAL;5;94124,73
202508;3;CE;80075;BRADESCO - PRUDENCIAL;29;1570724,09
202508;3;CE;80099;ITAU - PRUDENCIAL;41;226418,94
202508;3;CE;80185;SANTANDER - PRUDENCIAL;1;11317,87
202508;3;DF;80075;BRADESCO - PRUDENCIAL;9;1364695,46
202508;3;DF;80099;ITAU - PRUDENCIAL;37;192871,92
202508;3;DF;80185;SANTANDER - PRUDENCIAL;1;76641,79
202508;3;ES;80075;BRADESCO - PRUDENCIAL;15;716603,12
202508;3;ES;80099;ITAU - PRUDENCIAL;17;54505,18
202508;3;GO;80075;BRADESCO - PRUDENCIAL;32;3646708,03
202508;3;GO;80099;ITAU - PRUDENCIAL;98;622451,10
202508;3;GO;80185;SANTANDER - PRUDENCIAL;2;9832,33
202508;3;MA;80075;BRADESCO - PRUDENCIAL;25;1473450,73
202508;3;MA;80099;ITAU - PRUDENCIAL;9;51116,17
202508;3;MA;80185;SANTANDER - PRUDENCIAL;1;9402,12
202508;3;MG;80075;BRADESCO - PRUDENCIAL;64;2421331,65
202508;3;MG;80099;ITAU - PRUDENCIAL;102;659177,90
202508;3;MS;80075;BRADESCO - PRUDENCIAL;22;921807,28
202508;3;MS;80099;ITAU - PRUDENCIAL;12;78803,95
202508;3;MT;80075;BRADESCO - PRUDENCIAL;17;489025,60
202508;3;MT;80099;ITAU - PRUDENCIAL;15;67499,46
202508;3;MT;80185;SANTANDER - PRUDENCIAL;3;18969,59
202508;3;PA;80075;BRADESCO - PRUDENCIAL;20;1237271,44
202508;3;PA;80099;ITAU - PRUDENCIAL;20;89422,70
202508;3;PB;80075;BRADESCO - PRUDENCIAL;14;289040,57
202508;3;PB;80099;ITAU - PRUDENCIAL;8;45240,02
202508;3;PE;80075;BRADESCO - PRUDENCIAL;28;1014713,14
202508;3;PE;80099;ITAU - PRUDENCIAL;37;137389,93
202508;3;PE;80185;SANTANDER - PRUDENCIAL;1;26801,74
202508;3;PI;80075;BRADESCO - PRUDENCIAL;10;514475,59
202508;3;PI;80099;ITAU - PRUDENCIAL;4;38865,26
202508;3;PR;80075;BRADESCO - PRUDENCIAL;54;2367817,11
202508;3;PR;80099;ITAU - PRUDENCIAL;93;532912,54
202508;3;PR;80185;SANTANDER - PRUDENCIAL;3;66610,92
202508;3;RJ;80075;BRADESCO - PRUDENCIAL;91;9024200,41
202508;3;RJ;80099;ITAU - PRUDENCIAL;204;1036809,58
202508;3;RJ;80185;SANTANDER - PRUDENCIAL;15;368237,72
202508;3;RN;80075;BRADESCO - PRUDENCIAL;8;1024774,40
202508;3;RN;80099;ITAU - PRUDENCIAL;20;143912,48
202508;3;RO;80075;BRADESCO - PRUDENCIAL;8;322885,74
202508;3;RO;80099;ITAU - PRUDENCIAL;6;66976,62
202508;3;RR;80075;BRADESCO - PRUDENCIAL;1;149908,76
202508;3;RR;80099;ITAU - PRUDENCIAL;3;7374,57
202508;3;RR;80185;SANTANDER - PRUDENCIAL;1;44840,31
202508;3;RS;80075;BRADESCO - PRUDENCIAL;22;1206508,23
202508;3;RS;80099;ITAU - PRUDENCIAL;36;256793,61
202508;3;SC;80075;BRADESCO - PRUDENCIAL;20;1453729,29
202508;3;SC;80099;ITAU - PRUDENCIAL;38;256630,99
202508;3;SE;80075;BRADESCO - PRUDENCIAL;6;36733,19
202508;3;SE;80099;ITAU - PRUDENCIAL;2;17593,86
202508;3;SP;80075;BRADESCO - PRUDENCIAL;335;20249993,47
202508;3;SP;80099;ITAU - PRUDENCIAL;548;3801528,93
202508;3;SP;80185;SANTANDER - PRUDENCIAL;11;121787,54
202508;3;TO;80075;BRADESCO - PRUDENCIAL;4;74758,28
202508;3;TO;80099;ITAU - PRUDENCIAL;8;29551,81
202509;1;AC;84693;NU PAGAMENTOS - PRUDENCIAL;1;90,22
202509;1;AL;84693;NU PAGAMENTOS - PRUDENCIAL;1;1292,72
202509;1;AL;80185;SANTANDER - PRUDENCIAL;3;1850,23
202509;1;AM;80178;BMG - PRUDENCIAL;1;200,01
202509;1;AM;80099;ITAU - PRUDENCIAL;2;352,11
202509;1;AM;84693;NU PAGAMENTOS - PRUDENCIAL;1;52,11
202509;1;AM;80185;SANTANDER - PRUDENCIAL;3;3983,68
202509;1;AP;80185;SANTANDER - PRUDENCIAL;1;288,87
202509;1;BA;80075;BRADESCO - PRUDENCIAL;2;2712,14
202509;1;BA;80336;BTG PACTUAL - PRUDENCIAL;1;91,63
202509;1;BA;80996;INTER - PRUDENCIAL;1;117,20
202509;1;BA;80099;ITAU - PRUDENCIAL;1;202,59
202509;1;BA;84693;NU PAGAMENTOS - PRUDENCIAL;3;1180,29
202509;1;BA;80185;SANTANDER - PRUDENCIAL;9;9606,63
202509;1;CE;80329;BB - PRUDENCIAL;1;201,85
202509;1;CE;80075;BRADESCO - PRUDENCIAL;1;429,62
202509;1;CE;80738;CAIXA ECONÔMICA FEDERAL - PRUDENCIAL;1;200,51
202509;1;CE;80996;INTER - PRUDENCIAL;1;99,63
202509;1;CE;84693;NU PAGAMENTOS - PRUDENCIAL;5;5521,05
202509;1;CE;80185;SANTANDER - PRUDENCIAL;8;12206,25
202509;1;DF;80336;BTG PACTUAL - PRUDENCIAL;2;284,60
202509;1;DF;80099;ITAU - PRUDENCIAL;1;181,34
202509;1;DF;84693;NU PAGAMENTOS - PRUDENCIAL;2;129,33
202509;1;DF;80185;SANTANDER - PRUDENCIAL;5;9613,17
202509;1;ES;80075;BRADESCO - PRUDENCIAL;1;143,53
202509;1;ES;80336;BTG PACTUAL - PRUDENCIAL;2;154,36
202509;1;ES;84693;NU PAGAMENTOS - PRUDENCIAL;1;54,87
202509;1;ES;80185;SANTANDER - PRUDENCIAL;1;2135,28
202509;1;GO;80336;BTG PACTUAL - PRUDENCIAL;1;186,76
202509;1;GO;80099;ITAU - PRUDENCIAL;4;609,47
202509;1;GO;80185;SANTANDER - PRUDENCIAL;10;18416,85
202509;1;MA;80099;ITAU - PRUDENCIAL;2;364,30
202509;1;MA;84693;NU PAGAMENTOS - PRUDENCIAL;2;189,28
202509;1;MA;80185;SANTANDER - PRUDENCIAL;3;4213,24
202509;1;MG;84844;BANCO C6 - PRUDENCIAL;2;312,82
202509;1;MG;80178;BMG - PRUDENCIAL;1;202,15
202509;1;MG;80075;BRADESCO - PRUDENCIAL;2;1256,63
202509;1;MG;80336;BTG PACTUAL - PRUDENCIAL;2;402,46
202509;1;MG;80996;INTER - PRUDENCIAL;1;50,91
202509;1;MG;80099;ITAU - PRUDENCIAL;4;821,36
202509;1;MG;84693;NU PAGAMENTOS - PRUDENCIAL;6;1142,35
202509;1;MG;80185;SANTANDER - PRUDENCIAL;12;12089,01
202509;1;MS;80336;BTG PACTUAL - PRUDENCIAL;1;160,87
202509;1;MS;84693;NU PAGAMENTOS - PRUDENCIAL;4;352,20
202509;1;MS;80185;SANTANDER - PRUDENCIAL;4;2430,41
202509;1;MT;80329;BB - PRUDENCIAL;1;111,67
202509;1;MT;80336;BTG PACTUAL - PRUDENCIAL;1;202,20
202509;1;MT;84693;NU PAGAMENTOS - PRUDENCIAL;2;128,84
202509;1;MT;80185;SANTANDER - PRUDENCIAL;2;7490,15
202509;1;PA;80996;INTER - PRUDENCIAL;1;202,01
202509;1;PA;84693;NU PAGAMENTOS - PRUDENCIAL;2;299,19
202509;1;PA;80185;SANTANDER - PRUDENCIAL;5;5869,98
202509;1;PB;80099;ITAU - PRUDENCIAL;1;100,00
202509;1;PB;84693;NU PAGAMENTOS - PRUDENCIAL;2;1340,79
202509;1;PB;80185;SANTANDER - PRUDENCIAL;3;2405,82
202509;1;PE;80336;BTG PACTUAL - PRUDENCIAL;2;315,68
202509;1;PE;80996;INTER - PRUDENCIAL;2;328,71
202509;1;PE;80099;ITAU - PRUDENCIAL;1;208,18
202509;1;PE;84693;NU PAGAMENTOS - PRUDENCIAL;4;334,06
202509;1;PE;80185;SANTANDER - PRUDENCIAL;7;12259,68
202509;1;PI;80996;INTER - PRUDENCIAL;1;83,71
202509;1;PI;80099;ITAU - PRUDENCIAL;1;149,59
202509;1;PI;80185;SANTANDER - PRUDENCIAL;2;1261,36
202509;1;PR;84844;BANCO C6 - PRUDENCIAL;1;169,96
202509;1;PR;80336;BTG PACTUAL - PRUDENCIAL;2;332,06
202509;1;PR;80996;INTER - PRUDENCIAL;1;49,59
202509;1;PR;80099;ITAU - PRUDENCIAL;3;561,00
202509;1;PR;84693;NU PAGAMENTOS - PRUDENCIAL;2;164,30
202509;1;PR;80185;SANTANDER - PRUDENCIAL;9;11811,65
202509;1;RJ;80336;BTG PACTUAL - PRUDENCIAL;3;527,88
202509;1;RJ;80099;ITAU - PRUDENCIAL;3;492,58
202509;1;RJ;84693;NU PAGAMENTOS - PRUDENCIAL;9;636,93
202509;1;RJ;80185;SANTANDER - PRUDENCIAL;36;34323,74
202509;1;RN;80329;BB - PRUDENCIAL;1;131,25
202509;1;RN;80336;BTG PACTUAL - PRUDENCIAL;1;201,79
202509;1;RN;84693;NU PAGAMENTOS - PRUDENCIAL;5;771,83
202509;1;RN;80185;SANTANDER - PRUDENCIAL;1;1813,60
202509;1;RO;84844;BANCO C6 - PRUDENCIAL;1;256,75
202509;1;RO;80329;BB - PRUDENCIAL;1;28,45
202509;1;RO;80336;BTG PACTUAL - PRUDENCIAL;1;51,20
202509;1;RO;84693;NU PAGAMENTOS - PRUDENCIAL;1;110,73
202509;1;RO;80185;SANTANDER - PRUDENCIAL;5;10129,08
202509;1;RS;80329;BB - PRUDENCIAL;2;333,51
202509;1;RS;80075;BRADESCO - PRUDENCIAL;3;968,70
202509;1;RS;80336;BTG PACTUAL - PRUDENCIAL;2;252,23
202509;1;RS;80996;INTER - PRUDENCIAL;1;200,19
202509;1;RS;80099;ITAU - PRUDENCIAL;1;200,63
202509;1;RS;84693;NU PAGAMENTOS - PRUDENCIAL;5;624,97
202509;1;RS;80185;SANTANDER - PRUDENCIAL;10;11592,05
202509;1;SC;78825270;CCLAA SICOOB MAXICRÉDITO;2;295,73
202509;1;SC;84693;NU PAGAMENTOS - PRUDENCIAL;3;332,18
202509;1;SC;80185;SANTANDER - PRUDENCIAL;2;5274,75
202509;1;SE;80185;SANTANDER - PRUDENCIAL;3;2268,53
202509;1;SP;84844;BANCO C6 - PRUDENCIAL;2;248,99
202509;1;SP;80178;BMG - PRUDENCIAL;1;202,11
202509;1;SP;80075;BRADESCO - PRUDENCIAL;5;2252,85
202509;1;SP;80336;BTG PACTUAL - PRUDENCIAL;7;550,20
202509;1;SP;80996;INTER - PRUDENCIAL;3;555,99
202509;1;SP;80099;ITAU - PRUDENCIAL;14;1292,17
202509;1;SP;84693;NU PAGAMENTOS - PRUDENCIAL;31;3896,57
202509;1;SP;80185;SANTANDER - PRUDENCIAL;51;64424,10
202509;1;TO;80099;ITAU - PRUDENCIAL;1;203,80
202509;1;TO;80185;SANTANDER - PRUDENCIAL;2;1989,88
202509;2;AL;80075;BRADESCO - PRUDENCIAL;1;4840,64
202509;2;AM;80484;VOTORANTIM - PRUDENCIAL;1;762,33
202509;2;BA;81593;BCO DO NORDESTE DO BRASIL S.A. - PRUDENCIAL;2;10263,90
202509;2;BA;80075;BRADESCO - PRUDENCIAL;4;22828,84
202509;2;BA;80099;ITAU - PRUDENCIAL;1;3055,55
202509;2;BA;80484;VOTORANTIM - PRUDENCIAL;1;11024,42
202509;2;CE;84844;BANCO C6 - PRUDENCIAL;1;232,63
202509;2;CE;81593;BCO DO NORDESTE DO BRASIL S.A. - PRUDENCIAL;1;775,69
202509;2;CE;80185;SANTANDER - PRUDENCIAL;1;12,43
202509;2;CE;80484;VOTORANTIM - PRUDENCIAL;3;8573,39
202509;2;DF;80075;BRADESCO - PRUDENCIAL;1;6556,78
202509;2;GO;80329;BB - PRUDENCIAL;2;5467,80
202509;2;GO;80484;VOTORANTIM - PRUDENCIAL;1;727,47
202509;2;MA;80484;VOTORANTIM - PRUDENCIAL;1;492,39
202509;2;MG;80075;BRADESCO - PRUDENCIAL;2;849,20
202509;2;MG;80484;VOTORANTIM - PRUDENCIAL;5;11459,17
202509;2;MS;80484;VOTORANTIM - PRUDENCIAL;1;1064,12
202509;2;MT;84844;BANCO C6 - PRUDENCIAL;1;170,77
202509;2;MT;80484;VOTORANTIM - PRUDENCIAL;1;989,97
202509;2;PA;80329;BB - PRUDENCIAL;1;674,82
202509;2;PA;80075;BRADESCO - PRUDENCIAL;2;4940,31
202509;2;PA;80484;VOTORANTIM - PRUDENCIAL;1;5405,87
202509;2;PE;80075;BRADESCO - PRUDENCIAL;1;5362,48
202509;2;PE;80484;VOTORANTIM - PRUDENCIAL;1;1027,67
202509;2;PR;84844;BANCO C6 - PRUDENCIAL;1;108,85
202509;2;PR;80075;BRADESCO - PRUDENCIAL;1;10950,24
202509;2;PR;80484;VOTORANTIM - PRUDENCIAL;2;3027,86
202509;2;RJ;84844;BANCO C6 - PRUDENCIAL;4;10813,83
202509;2;RJ;80075;BRADESCO - PRUDENCIAL;2;35849,77
202509;2;RJ;80336;BTG PACTUAL - PRUDENCIAL;2;2816,97
202509;2;RJ;80099;ITAU - PRUDENCIAL;2;218,85
202509;2;RJ;80484;VOTORANTIM - PRUDENCIAL;2;2340,32
202509;2;RO;80336;BTG PACTUAL - PRUDENCIAL;1;2925,64
202509;2;RS;80329;BB - PRUDENCIAL;1;706,48
202509;2;RS;80075;BRADESCO - PRUDENCIAL;1;3691,35
202509;2;RS;80484;VOTORANTIM - PRUDENCIAL;4;6979,65
202509;2;SC;80075;BRADESCO - PRUDENCIAL;1;1545,08
202509;2;SC;80336;BTG PACTUAL - PRUDENCIAL;2;6550,83
202509;2;SC;80484;VOTORANTIM - PRUDENCIAL;1;5794,56
202509;2;SE;80484;VOTORANTIM - PRUDENCIAL;1;1635,12
202509;2;SP;84844;BANCO C6 - PRUDENCIAL;3;532,90
202509;2;SP;80075;BRADESCO - PRUDENCIAL;10;59055,13
202509;2;SP;80336;BTG PACTUAL - PRUDENCIAL;1;648,69
202509;2;SP;80484;VOTORANTIM - PRUDENCIAL;23;52145,01
202509;2;TO;80075;BRADESCO - PRUDENCIAL;1;36431,19
202509;2;TO;80484;VOTORANTIM - PRUDENCIAL;1;2083,49
202509;3;AC;80075;BRADESCO - PRUDENCIAL;1;306980,63
202509;3;AL;81593;BCO DO NORDESTE DO BRASIL S.A. - PRUDENCIAL;2;25209,59
202509;3;AL;80075;BRADESCO - PRUDENCIAL;2;23803,61
202509;3;AM;80075;BRADESCO - PRUDENCIAL;1;29372,70
202509;3;BA;81593;BCO DO NORDESTE DO BRASIL S.A. - PRUDENCIAL;33;883214,15
202509;3;BA;80075;BRADESCO - PRUDENCIAL;23;833489,79
202509;3;BA;80185;SANTANDER - PRUDENCIAL;2;65991,15
202509;3;CE;81593;BCO DO NORDESTE DO BRASIL S.A. - PRUDENCIAL;36;399129,13
202509;3;CE;80075;BRADESCO - PRUDENCIAL;10;261582,13
202509;3;DF;80075;BRADESCO - PRUDENCIAL;2;45660,11
202509;3;ES;81593;BCO DO NORDESTE DO BRASIL S.A. - PRUDENCIAL;2;3198,67
202509;3;ES;80075;BRADESCO - PRUDENCIAL;4;79878,25
202509;3;GO;80075;BRADESCO - PRUDENCIAL;8;170857,25
202509;3;MA;81593;BCO DO NORDESTE DO BRASIL S.A. - PRUDENCIAL;20;585974,62
202509;3;MA;80075;BRADESCO - PRUDENCIAL;4;265832,18
202509;3;MA;80185;SANTANDER - PRUDENCIAL;1;810,19
202509;3;MG;81593;BCO DO NORDESTE DO BRASIL S.A. - PRUDENCIAL;10;97880,85
202509;3;MG;80075;BRADESCO - PRUDENCIAL;19;821878,09
202509;3;MG;80185;SANTANDER - PRUDENCIAL;2;3929,74
202509;3;MS;80075;BRADESCO - PRUDENCIAL;5;168464,50
202509;3;MT;80075;BRADESCO - PRUDENCIAL;4;39274,45
202509;3;MT;80185;SANTANDER - PRUDENCIAL;1;13218,67
202509;3;PA;80075;BRADESCO - PRUDENCIAL;9;300242,66
202509;3;PA;80185;SANTANDER - PRUDENCIAL;1;15444,91
202509;3;PB;81593;BCO DO NORDESTE DO BRASIL S.A. - PRUDENCIAL;19;286310,81
202509;3;PB;80075;BRADESCO - PRUDENCIAL;2;13819,06
202509;3;PE;81593;BCO DO NORDESTE DO BRASIL S.A. - PRUDENCIAL;19;825159,68
202509;3;PE;80075;BRADESCO - PRUDENCIAL;9;505776,18
202509;3;PE;80185;SANTANDER - PRUDENCIAL;2;47116,16
202509;3;PI;80329;BB - PRUDENCIAL;1;389,80
202509;3;PI;81593;BCO DO NORDESTE DO BRASIL S.A. - PRUDENCIAL;14;249071,51
202509;3;PI;80075;BRADESCO - PRUDENCIAL;1;60891,73
202509;3;PR;80075;BRADESCO - PRUDENCIAL;24;767402,65
202509;3;PR;80185;SANTANDER - PRUDENCIAL;2;67192,19
202509;3;RJ;80075;BRADESCO - PRUDENCIAL;11;534559,78
202509;3;RJ;80185;SANTANDER - PRUDENCIAL;4;37794,10
202509;3;RN;81593;BCO DO NORDESTE DO BRASIL S.A. - PRUDENCIAL;19;347656,21
202509;3;RN;80075;BRADESCO - PRUDENCIAL;5;183198,53
202509;3;RO;80075;BRADESCO - PRUDENCIAL;1;60931,30
202509;3;RS;80075;BRADESCO - PRUDENCIAL;11;130962,29
202509;3;RS;80185;SANTANDER - PRUDENCIAL;2;19936,29
202509;3;SC;80075;BRADESCO - PRUDENCIAL;4;443698,01
202509;3;SC;80185;SANTANDER - PRUDENCIAL;1;20150,74
202509;3;SE;81593;BCO DO NORDESTE DO BRASIL S.A. - PRUDENCIAL;2;104474,22
202509;3;SP;80075;BRADESCO - PRUDENCIAL;78;4865030,33
202509;3;SP;80185;SANTANDER - PRUDENCIAL;12;104529,67
202509;3;TO;80075;BRADESCO - PRUDENCIAL;2;34732,94
202510;1;AC;80336;BTG PACTUAL - PRUDENCIAL;1;99,78
202510;1;AL;80099;ITAU - PRUDENCIAL;1;210,26
202510;1;AL;84693;NU PAGAMENTOS - PRUDENCIAL;2;200,39
202510;1;AL;80185;SANTANDER - PRUDENCIAL;1;209,15
202510;1;AM;80336;BTG PACTUAL - PRUDENCIAL;1;119,34
202510;1;AM;84693;NU PAGAMENTOS - PRUDENCIAL;4;2432,81
202510;1;AM;80185;SANTANDER - PRUDENCIAL;2;5791,16
202510;1;BA;80099;ITAU - PRUDENCIAL;1;306,24
202510;1;BA;84693;NU PAGAMENTOS - PRUDENCIAL;5;362,75
202510;1;BA;80185;SANTANDER - PRUDENCIAL;5;5667,82
202510;1;CE;84844;BANCO C6 - PRUDENCIAL;1;160,12
202510;1;CE;80178;BMG - PRUDENCIAL;1;202,68
202510;1;CE;80336;BTG PACTUAL - PRUDENCIAL;1;202,41
202510;1;CE;84693;NU PAGAMENTOS - PRUDENCIAL;6;2163,09
202510;1;CE;80185;SANTANDER - PRUDENCIAL;6;10918,80
202510;1;DF;84693;NU PAGAMENTOS - PRUDENCIAL;1;59,91
202510;1;DF;80185;SANTANDER - PRUDENCIAL;2;685,73
202510;1;ES;84844;BANCO C6 - PRUDENCIAL;1;178,46
202510;1;ES;80336;BTG PACTUAL - PRUDENCIAL;1;93,77
202510;1;GO;80075;BRADESCO - PRUDENCIAL;1;97,28
202510;1;GO;80336;BTG PACTUAL - PRUDENCIAL;1;200,65
202510;1;GO;80099;ITAU - PRUDENCIAL;1;216,29
202510;1;GO;84693;NU PAGAMENTOS - PRUDENCIAL;5;503,70
202510;1;GO;80185;SANTANDER - PRUDENCIAL;2;951,43
202510;1;MA;80336;BTG PACTUAL - PRUDENCIAL;1;203,07
202510;1;MA;80185;SANTANDER - PRUDENCIAL;1;268,31
202510;1;MG;80879;BANCO SICOOB - PRUDENCIAL;2;217,06
202510;1;MG;80329;BB - PRUDENCIAL;1;47,84
202510;1;MG;80075;BRADESCO - PRUDENCIAL;1;200,25
202510;1;MG;80336;BTG PACTUAL - PRUDENCIAL;3;256,88
202510;1;MG;80099;ITAU - PRUDENCIAL;3;661,01
202510;1;MG;84693;NU PAGAMENTOS - PRUDENCIAL;11;947,08
202510;1;MG;80185;SANTANDER - PRUDENCIAL;21;18956,45
202510;1;MS;84693;NU PAGAMENTOS - PRUDENCIAL;1;116,86
202510;1;MS;80185;SANTANDER - PRUDENCIAL;3;391,61
202510;1;MT;80075;BRADESCO - PRUDENCIAL;1;203,28
202510;1;MT;84693;NU PAGAMENTOS - PRUDENCIAL;2;3959,50
202510;1;MT;80185;SANTANDER - PRUDENCIAL;3;4195,77
202510;1;PA;84844;BANCO C6 - PRUDENCIAL;1;155,27
202510;1;PA;80329;BB - PRUDENCIAL;1;201,35
202510;1;PA;80099;ITAU - PRUDENCIAL;1;169,64
202510;1;PA;84693;NU PAGAMENTOS - PRUDENCIAL;4;1640,94
202510;1;PA;80185;SANTANDER - PRUDENCIAL;7;7331,26
202510;1;PB;80178;BMG - PRUDENCIAL;1;183,56
202510;1;PB;84693;NU PAGAMENTOS - PRUDENCIAL;3;313,64
202510;1;PB;80185;SANTANDER - PRUDENCIAL;3;1632,31
202510;1;PE;80099;ITAU - PRUDENCIAL;1;211,80
202510;1;PE;84693;NU PAGAMENTOS - PRUDENCIAL;3;128,02
202510;1;PE;80185;SANTANDER - PRUDENCIAL;3;205,66
202510;1;PE;80484;VOTORANTIM - PRUDENCIAL;1;103,05
202510;1;PI;84693;NU PAGAMENTOS - PRUDENCIAL;1;127,09
202510;1;PR;80329;BB - PRUDENCIAL;1;200,39
202510;1;PR;80178;BMG - PRUDENCIAL;1;201,47
202510;1;PR;80336;BTG PACTUAL - PRUDENCIAL;1;154,78
202510;1;PR;80099;ITAU - PRUDENCIAL;2;245,19
202510;1;PR;84693;NU PAGAMENTOS - PRUDENCIAL;2;198,12
202510;1;PR;80185;SANTANDER - PRUDENCIAL;5;5019,75
202510;1;RJ;84844;BANCO C6 - PRUDENCIAL;4;637,17
202510;1;RJ;80178;BMG - PRUDENCIAL;1;200,84
202510;1;RJ;80075;BRADESCO - PRUDENCIAL;2;255,94
202510;1;RJ;80336;BTG PACTUAL - PRUDENCIAL;4;605,98
202510;1;RJ;80099;ITAU - PRUDENCIAL;7;1188,02
202510;1;RJ;84693;NU PAGAMENTOS - PRUDENCIAL;11;5234,29
202510;1;RJ;80185;SANTANDER - PRUDENCIAL;17;10952,45
202510;1;RN;84844;BANCO C6 - PRUDENCIAL;1;348,83
202510;1;RN;84693;NU PAGAMENTOS - PRUDENCIAL;4;465,37
202510;1;RO;84693;NU PAGAMENTOS - PRUDENCIAL;1;165,87
202510;1;RO;80185;SANTANDER - PRUDENCIAL;1;753,36
202510;1;RR;80185;SANTANDER - PRUDENCIAL;2;1730,33
202510;1;RS;80329;BB - PRUDENCIAL;1;48,12
202510;1;RS;80075;BRADESCO - PRUDENCIAL;1;201,67
202510;1;RS;80099;ITAU - PRUDENCIAL;3;518,71
202510;1;RS;84693;NU PAGAMENTOS - PRUDENCIAL;6;533,69
202510;1;RS;80185;SANTANDER - PRUDENCIAL;4;1951,51
202510;1;SC;80099;ITAU - PRUDENCIAL;1;101,45
202510;1;SC;84693;NU PAGAMENTOS - PRUDENCIAL;3;197,68
202510;1;SC;80185;SANTANDER - PRUDENCIAL;3;234,94
202510;1;SE;84693;NU PAGAMENTOS - PRUDENCIAL;1;98,31
202510;1;SE;80185;SANTANDER - PRUDENCIAL;1;456,31
202510;1;SP;84844;BANCO C6 - PRUDENCIAL;4;322,13
202510;1;SP;80879;BANCO SICOOB - PRUDENCIAL;1;206,76
202510;1;SP;80329;BB - PRUDENCIAL;2;276,19
202510;1;SP;80075;BRADESCO - PRUDENCIAL;3;427,62
202510;1;SP;80336;BTG PACTUAL - PRUDENCIAL;7;900,17
202510;1;SP;80099;ITAU - PRUDENCIAL;11;1658,37
202510;1;SP;84693;NU PAGAMENTOS - PRUDENCIAL;22;3041,71
202510;1;SP;80185;SANTANDER - PRUDENCIAL;52;49736,81
202510;1;SP;80484;VOTORANTIM - PRUDENCIAL;1;200,20
202510;1;TO;80329;BB - PRUDENCIAL;1;201,25
202510;1;TO;80099;ITAU - PRUDENCIAL;1;106,77
202510;1;TO;84693;NU PAGAMENTOS - PRUDENCIAL;1;147,92
202510;1;TO;80185;SANTANDER - PRUDENCIAL;1;1288,52
202510;2;AL;80484;VOTORANTIM - PRUDENCIAL;1;901,18
202510;2;AM;80075;BRADESCO - PRUDENCIAL;2;28959,10
202510;2;AP;84844;BANCO C6 - PRUDENCIAL;1;274,42
202510;2;AP;80075;BRADESCO - PRUDENCIAL;1;2384,81
202510;2;BA;80075;BRADESCO - PRUDENCIAL;1;30736,85
202510;2;BA;80484;VOTORANTIM - PRUDENCIAL;2;3915,52
202510;2;CE;84844;BANCO C6 - PRUDENCIAL;1;382,02
202510;2;CE;80484;VOTORANTIM - PRUDENCIAL;1;4699,42
202510;2;DF;80099;ITAU - PRUDENCIAL;1;2182,17
202510;2;ES;80075;BRADESCO - PRUDENCIAL;2;11098,41
202510;2;ES;80484;VOTORANTIM - PRUDENCIAL;1;2202,49
202510;2;GO;80099;ITAU - PRUDENCIAL;1;169,55
202510;2;GO;80484;VOTORANTIM - PRUDENCIAL;1;1058,03
202510;2;MA;80484;VOTORANTIM - PRUDENCIAL;1;3629,98
202510;2;MG;80099;ITAU - PRUDENCIAL;3;359,97
202510;2;MG;80484;VOTORANTIM - PRUDENCIAL;7;20270,79
202510;2;MT;80484;VOTORANTIM - PRUDENCIAL;1;382,95
202510;2;PA;80075;BRADESCO - PRUDENCIAL;2;3400,98
202510;2;PA;80484;VOTORANTIM - PRUDENCIAL;1;1847,93
202510;2;PB;80075;BRADESCO - PRUDENCIAL;1;12603,44
202510;2;PB;80484;VOTORANTIM - PRUDENCIAL;1;1819,14
202510;2;PE;80075;BRADESCO - PRUDENCIAL;1;2833,78
202510;2;PE;80484;VOTORANTIM - PRUDENCIAL;2;803,79
202510;2;PR;80075;BRADESCO - PRUDENCIAL;2;3202,70
202510;2;PR;80484;VOTORANTIM - PRUDENCIAL;2;6218,82
202510;2;RJ;84844;BANCO C6 - PRUDENCIAL;1;115,78
202510;2;RJ;80075;BRADESCO - PRUDENCIAL;6;20369,57
202510;2;RJ;80099;ITAU - PRUDENCIAL;2;75,95
202510;2;RJ;80484;VOTORANTIM - PRUDENCIAL;5;15501,34
202510;2;RN;84844;BANCO C6 - PRUDENCIAL;1;304,63
202510;2;RN;80075;BRADESCO - PRUDENCIAL;2;3455,99
202510;2;RS;80154;BANRISUL - PRUDENCIAL;1;94,96
202510;2;RS;80075;BRADESCO - PRUDENCIAL;2;12277,28
202510;2;RS;80484;VOTORANTIM - PRUDENCIAL;3;12247,40
202510;2;SC;84844;BANCO C6 - PRUDENCIAL;1;3259,39
202510;2;SC;80484;VOTORANTIM - PRUDENCIAL;3;23073,11
202510;2;SP;84844;BANCO C6 - PRUDENCIAL;3;796,10
202510;2;SP;80329;BB - PRUDENCIAL;1;8815,36
202510;2;SP;80075;BRADESCO - PRUDENCIAL;13;118314,22
202510;2;SP;80099;ITAU - PRUDENCIAL;3;111,22
202510;2;SP;80185;SANTANDER - PRUDENCIAL;2;1564,77
202510;2;SP;80484;VOTORANTIM - PRUDENCIAL;9;35101,91
202510;3;AL;80075;BRADESCO - PRUDENCIAL;2;74735,96
202510;3;AM;80075;BRADESCO - PRUDENCIAL;9;172807,16
202510;3;AP;80075;BRADESCO - PRUDENCIAL;1;16792,92
202510;3;BA;80075;BRADESCO - PRUDENCIAL;25;454198,34
202510;3;BA;80185;SANTANDER - PRUDENCIAL;1;9040,74
202510;3;CE;80075;BRADESCO - PRUDENCIAL;8;110800,84
202510;3;CE;80185;SANTANDER - PRUDENCIAL;1;16128,65
202510;3;DF;80075;BRADESCO - PRUDENCIAL;1;35883,37
202510;3;ES;80075;BRADESCO - PRUDENCIAL;2;13495,63
202510;3;GO;80075;BRADESCO - PRUDENCIAL;17;228002,75
202510;3;GO;80185;SANTANDER - PRUDENCIAL;1;969,74
202510;3;MA;81593;BCO DO NORDESTE DO BRASIL S.A. - PRUDENCIAL;1;3719,21
202510;3;MA;80075;BRADESCO - PRUDENCIAL;4;48363,39
202510;3;MA;80185;SANTANDER - PRUDENCIAL;1;17954,37
202510;3;MG;80075;BRADESCO - PRUDENCIAL;25;580782,07
202510;3;MG;80185;SANTANDER - PRUDENCIAL;2;14578,22
202510;3;MS;80075;BRADESCO - PRUDENCIAL;9;187089,50
202510;3;MS;80185;SANTANDER - PRUDENCIAL;1;11239,40
202510;3;MT;80075;BRADESCO - PRUDENCIAL;7;80366,46
202510;3;MT;80185;SANTANDER - PRUDENCIAL;1;8479,71
202510;3;PA;80075;BRADESCO - PRUDENCIAL;13;283284,70
202510;3;PA;80185;SANTANDER - PRUDENCIAL;1;6907,95
202510;3;PB;81593;BCO DO NORDESTE DO BRASIL S.A. - PRUDENCIAL;1;2008,25
202510;3;PB;80075;BRADESCO - PRUDENCIAL;2;76598,86
202510;3;PE;80075;BRADESCO - PRUDENCIAL;13;310359,31
202510;3;PE;80185;SANTANDER - PRUDENCIAL;1;8524,05
202510;3;PI;80075;BRADESCO - PRUDENCIAL;3;16226,54
202510;3;PR;80075;BRADESCO - PRUDENCIAL;24;459562,34
202510;3;RJ;80075;BRADESCO - PRUDENCIAL;29;696113,15
202510;3;RJ;80185;SANTANDER - PRUDENCIAL;5;58531,26
202510;3;RN;80075;BRADESCO - PRUDENCIAL;6;67114,21
202510;3;RO;80075;BRADESCO - PRUDENCIAL;2;24918,45
202510;3;SC;80075;BRADESCO - PRUDENCIAL;18;309629,81
202510;3;SE;80075;BRADESCO - PRUDENCIAL;5;75024,61
202510;3;SP;80075;BRADESCO - PRUDENCIAL;78;1678862,95
202510;3;SP;80185;SANTANDER - PRUDENCIAL;8;208353,80
202510;3;TO;80075;BRADESCO - PRUDENCIAL;6;199170,86
