Data;Nome_Indicador;Area_Analise;Valor;Unidade_Medida;Fonte
1990-02-01;Inadimplência PF Recursos Livres;Risco;112.88;% ao Mês;Banco Central do Brasil (BCB)
1990-03-01;Inadimplência PF Recursos Livres;Risco;94.82;% ao Mês;Banco Central do Brasil (BCB)
1990-04-01;Inadimplência PF Recursos Livres;Risco;105.52;% ao Mês;Banco Central do Brasil (BCB)
1990-05-01;Inadimplência PF Recursos Livres;Risco;138.10;% ao Mês;Banco Central do Brasil (BCB)
1990-06-01;Inadimplência PF Recursos Livres;Risco;125.33;% ao Mês;Banco Central do Brasil (BCB)
1990-07-01;Inadimplência PF Recursos Livres;Risco;151.45;% ao Mês;Banco Central do Brasil (BCB)
1990-08-01;Inadimplência PF Recursos Livres;Risco;157.74;% ao Mês;Banco Central do Brasil (BCB)
1990-09-01;Inadimplência PF Recursos Livres;Risco;128.39;% ao Mês;Banco Central do Brasil (BCB)
1990-10-01;Inadimplência PF Recursos Livres;Risco;116.36;% ao Mês;Banco Central do Brasil (BCB)
1990-11-01;Inadimplência PF Recursos Livres;Risco;97.14;% ao Mês;Banco Central do Brasil (BCB)
1990-12-01;Inadimplência PF Recursos Livres;Risco;109.02;% ao Mês;Banco Central do Brasil (BCB)
1991-01-01;Inadimplência PF Recursos Livres;Risco;70.18;% ao Mês;Banco Central do Brasil (BCB)
1991-02-01;Inadimplência PF Recursos Livres;Risco;69.41;% ao Mês;Banco Central do Brasil (BCB)
1991-03-01;Inadimplência PF Recursos Livres;Risco;80.87;% ao Mês;Banco Central do Brasil (BCB)
1991-04-01;Inadimplência PF Recursos Livres;Risco;88.42;% ao Mês;Banco Central do Brasil (BCB)
1991-05-01;Inadimplência PF Recursos Livres;Risco;98.91;% ao Mês;Banco Central do Brasil (BCB)
1991-06-01;Inadimplência PF Recursos Livres;Risco;95.95;% ao Mês;Banco Central do Brasil (BCB)
1991-07-01;Inadimplência PF Recursos Livres;Risco;117.96;% ao Mês;Banco Central do Brasil (BCB)
1991-08-01;Inadimplência PF Recursos Livres;Risco;124.26;% ao Mês;Banco Central do Brasil (BCB)
1991-09-01;Inadimplência PF Recursos Livres;Risco;101.06;% ao Mês;Banco Central do Brasil (BCB)
1991-10-01;Inadimplência PF Recursos Livres;Risco;174.16;% ao Mês;Banco Central do Brasil (BCB)
1991-11-01;Inadimplência PF Recursos Livres;Risco;130.95;% ao Mês;Banco Central do Brasil (BCB)
1991-12-01;Inadimplência PF Recursos Livres;Risco;149.37;% ao Mês;Banco Central do Brasil (BCB)
1992-01-01;Inadimplência PF Recursos Livres;Risco;102.14;% ao Mês;Banco Central do Brasil (BCB)
1992-02-01;Inadimplência PF Recursos Livres;Risco;99.64;% ao Mês;Banco Central do Brasil (BCB)
1992-03-01;Inadimplência PF Recursos Livres;Risco;90.56;% ao Mês;Banco Central do Brasil (BCB)
1992-04-01;Inadimplência PF Recursos Livres;Risco;90.62;% ao Mês;Banco Central do Brasil (BCB)
1992-05-01;Inadimplência PF Recursos Livres;Risco;95.09;% ao Mês;Banco Central do Brasil (BCB)
1992-06-01;Inadimplência PF Recursos Livres;Risco;100.95;% ao Mês;Banco Central do Brasil (BCB)
1992-07-01;Inadimplência PF Recursos Livres;Risco;106.92;% ao Mês;Banco Central do Brasil (BCB)
1992-08-01;Inadimplência PF Recursos Livres;Risco;90.61;% ao Mês;Banco Central do Brasil (BCB)
1992-09-01;Inadimplência PF Recursos Livres;Risco;96.59;% ao Mês;Banco Central do Brasil (BCB)
1992-10-01;Inadimplência PF Recursos Livres;Risco;94.44;% ao Mês;Banco Central do Brasil (BCB)
1992-11-01;Inadimplência PF Recursos Livres;Risco;113.62;% ao Mês;Banco Central do Brasil (BCB)
1992-12-01;Inadimplência PF Recursos Livres;Risco;110.20;% ao Mês;Banco Central do Brasil (BCB)
1993-01-01;Inadimplência PF Recursos Livres;Risco;74.19;% ao Mês;Banco Central do Brasil (BCB)
1993-02-01;Inadimplência PF Recursos Livres;Risco;72.64;% ao Mês;Banco Central do Brasil (BCB)
1993-03-01;Inadimplência PF Recursos Livres;Risco;93.41;% ao Mês;Banco Central do Brasil (BCB)
1993-04-01;Inadimplência PF Recursos Livres;Risco;81.80;% ao Mês;Banco Central do Brasil (BCB)
1993-05-01;Inadimplência PF Recursos Livres;Risco;88.89;% ao Mês;Banco Central do Brasil (BCB)
1993-06-01;Inadimplência PF Recursos Livres;Risco;96.55;% ao Mês;Banco Central do Brasil (BCB)
1993-07-01;Inadimplência PF Recursos Livres;Risco;109.82;% ao Mês;Banco Central do Brasil (BCB)
1993-08-01;Inadimplência PF Recursos Livres;Risco;100.23;% ao Mês;Banco Central do Brasil (BCB)
1993-09-01;Inadimplência PF Recursos Livres;Risco;99.03;% ao Mês;Banco Central do Brasil (BCB)
1993-10-01;Inadimplência PF Recursos Livres;Risco;89.57;% ao Mês;Banco Central do Brasil (BCB)
1993-11-01;Inadimplência PF Recursos Livres;Risco;78.70;% ao Mês;Banco Central do Brasil (BCB)
1993-12-01;Inadimplência PF Recursos Livres;Risco;103.08;% ao Mês;Banco Central do Brasil (BCB)
1994-01-01;Inadimplência PF Recursos Livres;Risco;74.59;% ao Mês;Banco Central do Brasil (BCB)
1994-02-01;Inadimplência PF Recursos Livres;Risco;78.81;% ao Mês;Banco Central do Brasil (BCB)
1994-03-01;Inadimplência PF Recursos Livres;Risco;88.53;% ao Mês;Banco Central do Brasil (BCB)
1994-04-01;Inadimplência PF Recursos Livres;Risco;78.87;% ao Mês;Banco Central do Brasil (BCB)
1994-05-01;Inadimplência PF Recursos Livres;Risco;106.63;% ao Mês;Banco Central do Brasil (BCB)
1994-06-01;Inadimplência PF Recursos Livres;Risco;86.64;% ao Mês;Banco Central do Brasil (BCB)
1994-07-01;Inadimplência PF Recursos Livres;Risco;107.09;% ao Mês;Banco Central do Brasil (BCB)
1994-08-01;Inadimplência PF Recursos Livres;Risco;156.73;% ao Mês;Banco Central do Brasil (BCB)
1994-09-01;Inadimplência PF Recursos Livres;Risco;158.24;% ao Mês;Banco Central do Brasil (BCB)
1994-10-01;Inadimplência PF Recursos Livres;Risco;161.66;% ao Mês;Banco Central do Brasil (BCB)
1994-11-01;Inadimplência PF Recursos Livres;Risco;152.80;% ao Mês;Banco Central do Brasil (BCB)
1994-12-01;Inadimplência PF Recursos Livres;Risco;196.65;% ao Mês;Banco Central do Brasil (BCB)
1995-01-01;Inadimplência PF Recursos Livres;Risco;152.68;% ao Mês;Banco Central do Brasil (BCB)
1995-02-01;Inadimplência PF Recursos Livres;Risco;130.55;% ao Mês;Banco Central do Brasil (BCB)
1995-03-01;Inadimplência PF Recursos Livres;Risco;158.33;% ao Mês;Banco Central do Brasil (BCB)
1995-04-01;Inadimplência PF Recursos Livres;Risco;128.47;% ao Mês;Banco Central do Brasil (BCB)
1995-05-01;Inadimplência PF Recursos Livres;Risco;135.90;% ao Mês;Banco Central do Brasil (BCB)
1995-06-01;Inadimplência PF Recursos Livres;Risco;129.75;% ao Mês;Banco Central do Brasil (BCB)
1995-07-01;Inadimplência PF Recursos Livres;Risco;135.29;% ao Mês;Banco Central do Brasil (BCB)
1995-08-01;Inadimplência PF Recursos Livres;Risco;127.70;% ao Mês;Banco Central do Brasil (BCB)
1995-09-01;Inadimplência PF Recursos Livres;Risco;134.22;% ao Mês;Banco Central do Brasil (BCB)
1995-10-01;Inadimplência PF Recursos Livres;Risco;146.61;% ao Mês;Banco Central do Brasil (BCB)
1995-11-01;Inadimplência PF Recursos Livres;Risco;144.88;% ao Mês;Banco Central do Brasil (BCB)
1995-12-01;Inadimplência PF Recursos Livres;Risco;137.25;% ao Mês;Banco Central do Brasil (BCB)
1996-01-01;Inadimplência PF Recursos Livres;Risco;127.82;% ao Mês;Banco Central do Brasil (BCB)
1996-02-01;Inadimplência PF Recursos Livres;Risco;124.77;% ao Mês;Banco Central do Brasil (BCB)
1996-03-01;Inadimplência PF Recursos Livres;Risco;134.81;% ao Mês;Banco Central do Brasil (BCB)
1996-04-01;Inadimplência PF Recursos Livres;Risco;124.27;% ao Mês;Banco Central do Brasil (BCB)
1996-05-01;Inadimplência PF Recursos Livres;Risco;122.85;% ao Mês;Banco Central do Brasil (BCB)
1996-06-01;Inadimplência PF Recursos Livres;Risco;112.55;% ao Mês;Banco Central do Brasil (BCB)
1996-07-01;Inadimplência PF Recursos Livres;Risco;119.23;% ao Mês;Banco Central do Brasil (BCB)
1996-08-01;Inadimplência PF Recursos Livres;Risco;121.90;% ao Mês;Banco Central do Brasil (BCB)
1996-09-01;Inadimplência PF Recursos Livres;Risco;113.99;% ao Mês;Banco Central do Brasil (BCB)
1996-10-01;Inadimplência PF Recursos Livres;Risco;124.76;% ao Mês;Banco Central do Brasil (BCB)
1996-11-01;Inadimplência PF Recursos Livres;Risco;132.68;% ao Mês;Banco Central do Brasil (BCB)
1996-12-01;Inadimplência PF Recursos Livres;Risco;118.96;% ao Mês;Banco Central do Brasil (BCB)
1997-01-01;Inadimplência PF Recursos Livres;Risco;102.65;% ao Mês;Banco Central do Brasil (BCB)
1997-02-01;Inadimplência PF Recursos Livres;Risco;102.83;% ao Mês;Banco Central do Brasil (BCB)
1997-03-01;Inadimplência PF Recursos Livres;Risco;106.98;% ao Mês;Banco Central do Brasil (BCB)
1997-04-01;Inadimplência PF Recursos Livres;Risco;108.66;% ao Mês;Banco Central do Brasil (BCB)
1997-05-01;Inadimplência PF Recursos Livres;Risco;100.73;% ao Mês;Banco Central do Brasil (BCB)
1997-06-01;Inadimplência PF Recursos Livres;Risco;97.12;% ao Mês;Banco Central do Brasil (BCB)
1997-07-01;Inadimplência PF Recursos Livres;Risco;106.07;% ao Mês;Banco Central do Brasil (BCB)
1997-08-01;Inadimplência PF Recursos Livres;Risco;107.62;% ao Mês;Banco Central do Brasil (BCB)
1997-09-01;Inadimplência PF Recursos Livres;Risco;111.53;% ao Mês;Banco Central do Brasil (BCB)
1997-10-01;Inadimplência PF Recursos Livres;Risco;114.66;% ao Mês;Banco Central do Brasil (BCB)
1997-11-01;Inadimplência PF Recursos Livres;Risco;93.41;% ao Mês;Banco Central do Brasil (BCB)
1997-12-01;Inadimplência PF Recursos Livres;Risco;107.69;% ao Mês;Banco Central do Brasil (BCB)
1998-01-01;Inadimplência PF Recursos Livres;Risco;90.09;% ao Mês;Banco Central do Brasil (BCB)
1998-02-01;Inadimplência PF Recursos Livres;Risco;96.42;% ao Mês;Banco Central do Brasil (BCB)
1998-03-01;Inadimplência PF Recursos Livres;Risco;105.21;% ao Mês;Banco Central do Brasil (BCB)
1998-04-01;Inadimplência PF Recursos Livres;Risco;93.15;% ao Mês;Banco Central do Brasil (BCB)
1998-05-01;Inadimplência PF Recursos Livres;Risco;99.83;% ao Mês;Banco Central do Brasil (BCB)
1998-06-01;Inadimplência PF Recursos Livres;Risco;95.91;% ao Mês;Banco Central do Brasil (BCB)
1998-07-01;Inadimplência PF Recursos Livres;Risco;104.54;% ao Mês;Banco Central do Brasil (BCB)
1998-08-01;Inadimplência PF Recursos Livres;Risco;101.51;% ao Mês;Banco Central do Brasil (BCB)
1998-09-01;Inadimplência PF Recursos Livres;Risco;101.88;% ao Mês;Banco Central do Brasil (BCB)
1998-10-01;Inadimplência PF Recursos Livres;Risco;104.95;% ao Mês;Banco Central do Brasil (BCB)
1998-11-01;Inadimplência PF Recursos Livres;Risco;99.74;% ao Mês;Banco Central do Brasil (BCB)
1998-12-01;Inadimplência PF Recursos Livres;Risco;106.76;% ao Mês;Banco Central do Brasil (BCB)
1999-01-01;Inadimplência PF Recursos Livres;Risco;83.49;% ao Mês;Banco Central do Brasil (BCB)
1999-02-01;Inadimplência PF Recursos Livres;Risco;90.74;% ao Mês;Banco Central do Brasil (BCB)
1999-03-01;Inadimplência PF Recursos Livres;Risco;107.53;% ao Mês;Banco Central do Brasil (BCB)
1999-04-01;Inadimplência PF Recursos Livres;Risco;87.37;% ao Mês;Banco Central do Brasil (BCB)
1999-05-01;Inadimplência PF Recursos Livres;Risco;91.10;% ao Mês;Banco Central do Brasil (BCB)
1999-06-01;Inadimplência PF Recursos Livres;Risco;98.57;% ao Mês;Banco Central do Brasil (BCB)
1999-07-01;Inadimplência PF Recursos Livres;Risco;107.33;% ao Mês;Banco Central do Brasil (BCB)
1999-08-01;Inadimplência PF Recursos Livres;Risco;104.58;% ao Mês;Banco Central do Brasil (BCB)
1999-09-01;Inadimplência PF Recursos Livres;Risco;101.96;% ao Mês;Banco Central do Brasil (BCB)
1999-10-01;Inadimplência PF Recursos Livres;Risco;101.21;% ao Mês;Banco Central do Brasil (BCB)
1999-11-01;Inadimplência PF Recursos Livres;Risco;112.18;% ao Mês;Banco Central do Brasil (BCB)
1999-12-01;Inadimplência PF Recursos Livres;Risco;129.80;% ao Mês;Banco Central do Brasil (BCB)
2000-01-01;Inadimplência PF Recursos Livres;Risco;110.41;% ao Mês;Banco Central do Brasil (BCB)
2000-02-01;Inadimplência PF Recursos Livres;Risco;126.55;% ao Mês;Banco Central do Brasil (BCB)
2000-03-01;Inadimplência PF Recursos Livres;Risco;134.46;% ao Mês;Banco Central do Brasil (BCB)
2000-04-01;Inadimplência PF Recursos Livres;Risco;132.87;% ao Mês;Banco Central do Brasil (BCB)
2000-05-01;Inadimplência PF Recursos Livres;Risco;133.31;% ao Mês;Banco Central do Brasil (BCB)
2000-06-01;Inadimplência PF Recursos Livres;Risco;128.33;% ao Mês;Banco Central do Brasil (BCB)
2000-07-01;Inadimplência PF Recursos Livres;Risco;152.94;% ao Mês;Banco Central do Brasil (BCB)
2000-08-01;Inadimplência PF Recursos Livres;Risco;157.16;% ao Mês;Banco Central do Brasil (BCB)
2000-09-01;Inadimplência PF Recursos Livres;Risco;144.67;% ao Mês;Banco Central do Brasil (BCB)
2000-10-01;Inadimplência PF Recursos Livres;Risco;162.14;% ao Mês;Banco Central do Brasil (BCB)
2000-11-01;Inadimplência PF Recursos Livres;Risco;168.72;% ao Mês;Banco Central do Brasil (BCB)
2000-12-01;Inadimplência PF Recursos Livres;Risco;177.76;% ao Mês;Banco Central do Brasil (BCB)
2001-01-01;Inadimplência PF Recursos Livres;Risco;151.13;% ao Mês;Banco Central do Brasil (BCB)
2001-02-01;Inadimplência PF Recursos Livres;Risco;140.77;% ao Mês;Banco Central do Brasil (BCB)
2001-03-01;Inadimplência PF Recursos Livres;Risco;126.14;% ao Mês;Banco Central do Brasil (BCB)
2001-04-01;Inadimplência PF Recursos Livres;Risco;151.03;% ao Mês;Banco Central do Brasil (BCB)
2001-05-01;Inadimplência PF Recursos Livres;Risco;139.14;% ao Mês;Banco Central do Brasil (BCB)
2001-06-01;Inadimplência PF Recursos Livres;Risco;135.60;% ao Mês;Banco Central do Brasil (BCB)
2001-07-01;Inadimplência PF Recursos Livres;Risco;147.04;% ao Mês;Banco Central do Brasil (BCB)
2001-08-01;Inadimplência PF Recursos Livres;Risco;135.47;% ao Mês;Banco Central do Brasil (BCB)
2001-09-01;Inadimplência PF Recursos Livres;Risco;133.28;% ao Mês;Banco Central do Brasil (BCB)
2001-10-01;Inadimplência PF Recursos Livres;Risco;133.66;% ao Mês;Banco Central do Brasil (BCB)
2001-11-01;Inadimplência PF Recursos Livres;Risco;134.46;% ao Mês;Banco Central do Brasil (BCB)
2001-12-01;Inadimplência PF Recursos Livres;Risco;138.01;% ao Mês;Banco Central do Brasil (BCB)
2002-01-01;Inadimplência PF Recursos Livres;Risco;128.83;% ao Mês;Banco Central do Brasil (BCB)
2002-02-01;Inadimplência PF Recursos Livres;Risco;125.01;% ao Mês;Banco Central do Brasil (BCB)
2002-03-01;Inadimplência PF Recursos Livres;Risco;125.12;% ao Mês;Banco Central do Brasil (BCB)
2002-04-01;Inadimplência PF Recursos Livres;Risco;119.43;% ao Mês;Banco Central do Brasil (BCB)
2002-05-01;Inadimplência PF Recursos Livres;Risco;117.62;% ao Mês;Banco Central do Brasil (BCB)
2002-06-01;Inadimplência PF Recursos Livres;Risco;118.91;% ao Mês;Banco Central do Brasil (BCB)
2002-07-01;Inadimplência PF Recursos Livres;Risco;120.42;% ao Mês;Banco Central do Brasil (BCB)
2002-08-01;Inadimplência PF Recursos Livres;Risco;129.62;% ao Mês;Banco Central do Brasil (BCB)
2002-09-01;Inadimplência PF Recursos Livres;Risco;115.73;% ao Mês;Banco Central do Brasil (BCB)
2002-10-01;Inadimplência PF Recursos Livres;Risco;111.14;% ao Mês;Banco Central do Brasil (BCB)
2002-11-01;Inadimplência PF Recursos Livres;Risco;113.78;% ao Mês;Banco Central do Brasil (BCB)
2002-12-01;Inadimplência PF Recursos Livres;Risco;117.27;% ao Mês;Banco Central do Brasil (BCB)
2003-01-01;Inadimplência PF Recursos Livres;Risco;112.57;% ao Mês;Banco Central do Brasil (BCB)
2003-02-01;Inadimplência PF Recursos Livres;Risco;111.30;% ao Mês;Banco Central do Brasil (BCB)
2003-03-01;Inadimplência PF Recursos Livres;Risco;111.14;% ao Mês;Banco Central do Brasil (BCB)
2003-04-01;Inadimplência PF Recursos Livres;Risco;116.95;% ao Mês;Banco Central do Brasil (BCB)
2003-05-01;Inadimplência PF Recursos Livres;Risco;120.85;% ao Mês;Banco Central do Brasil (BCB)
2003-06-01;Inadimplência PF Recursos Livres;Risco;113.16;% ao Mês;Banco Central do Brasil (BCB)
2003-07-01;Inadimplência PF Recursos Livres;Risco;123.26;% ao Mês;Banco Central do Brasil (BCB)
2003-08-01;Inadimplência PF Recursos Livres;Risco;101.71;% ao Mês;Banco Central do Brasil (BCB)
2003-09-01;Inadimplência PF Recursos Livres;Risco;96.05;% ao Mês;Banco Central do Brasil (BCB)
2003-10-01;Inadimplência PF Recursos Livres;Risco;97.82;% ao Mês;Banco Central do Brasil (BCB)
2003-11-01;Inadimplência PF Recursos Livres;Risco;100.80;% ao Mês;Banco Central do Brasil (BCB)
2003-12-01;Inadimplência PF Recursos Livres;Risco;108.28;% ao Mês;Banco Central do Brasil (BCB)
2004-01-01;Inadimplência PF Recursos Livres;Risco;114.61;% ao Mês;Banco Central do Brasil (BCB)
2000-06-01;Juros Cheque Especial;Dívida;2.57;% ao Ano;Banco Central do Brasil (BCB)
2000-07-01;Juros Cheque Especial;Dívida;2.59;% ao Ano;Banco Central do Brasil (BCB)
2000-08-01;Juros Cheque Especial;Dívida;2.52;% ao Ano;Banco Central do Brasil (BCB)
2000-09-01;Juros Cheque Especial;Dívida;2.55;% ao Ano;Banco Central do Brasil (BCB)
2000-10-01;Juros Cheque Especial;Dívida;2.48;% ao Ano;Banco Central do Brasil (BCB)
2000-11-01;Juros Cheque Especial;Dívida;2.49;% ao Ano;Banco Central do Brasil (BCB)
2000-12-01;Juros Cheque Especial;Dívida;2.54;% ao Ano;Banco Central do Brasil (BCB)
2001-01-01;Juros Cheque Especial;Dívida;2.53;% ao Ano;Banco Central do Brasil (BCB)
2001-02-01;Juros Cheque Especial;Dívida;2.50;% ao Ano;Banco Central do Brasil (BCB)
2001-03-01;Juros Cheque Especial;Dívida;2.45;% ao Ano;Banco Central do Brasil (BCB)
2001-04-01;Juros Cheque Especial;Dívida;2.61;% ao Ano;Banco Central do Brasil (BCB)
2001-05-01;Juros Cheque Especial;Dívida;2.68;% ao Ano;Banco Central do Brasil (BCB)
2001-06-01;Juros Cheque Especial;Dívida;2.76;% ao Ano;Banco Central do Brasil (BCB)
2001-07-01;Juros Cheque Especial;Dívida;2.96;% ao Ano;Banco Central do Brasil (BCB)
2001-08-01;Juros Cheque Especial;Dívida;3.10;% ao Ano;Banco Central do Brasil (BCB)
2001-09-01;Juros Cheque Especial;Dívida;3.10;% ao Ano;Banco Central do Brasil (BCB)
2001-10-01;Juros Cheque Especial;Dívida;3.19;% ao Ano;Banco Central do Brasil (BCB)
2001-11-01;Juros Cheque Especial;Dívida;2.87;% ao Ano;Banco Central do Brasil (BCB)
2001-12-01;Juros Cheque Especial;Dívida;2.74;% ao Ano;Banco Central do Brasil (BCB)
2002-01-01;Juros Cheque Especial;Dívida;2.96;% ao Ano;Banco Central do Brasil (BCB)
2002-02-01;Juros Cheque Especial;Dívida;2.96;% ao Ano;Banco Central do Brasil (BCB)
2002-03-01;Juros Cheque Especial;Dívida;2.89;% ao Ano;Banco Central do Brasil (BCB)
2002-04-01;Juros Cheque Especial;Dívida;2.66;% ao Ano;Banco Central do Brasil (BCB)
2002-05-01;Juros Cheque Especial;Dívida;2.77;% ao Ano;Banco Central do Brasil (BCB)
2002-06-01;Juros Cheque Especial;Dívida;3.01;% ao Ano;Banco Central do Brasil (BCB)
2002-07-01;Juros Cheque Especial;Dívida;3.46;% ao Ano;Banco Central do Brasil (BCB)
2002-08-01;Juros Cheque Especial;Dívida;3.44;% ao Ano;Banco Central do Brasil (BCB)
2002-09-01;Juros Cheque Especial;Dívida;3.28;% ao Ano;Banco Central do Brasil (BCB)
2002-10-01;Juros Cheque Especial;Dívida;3.61;% ao Ano;Banco Central do Brasil (BCB)
2002-11-01;Juros Cheque Especial;Dívida;3.72;% ao Ano;Banco Central do Brasil (BCB)
2002-12-01;Juros Cheque Especial;Dívida;3.75;% ao Ano;Banco Central do Brasil (BCB)
2003-01-01;Juros Cheque Especial;Dívida;3.66;% ao Ano;Banco Central do Brasil (BCB)
2003-02-01;Juros Cheque Especial;Dívida;3.62;% ao Ano;Banco Central do Brasil (BCB)
2003-03-01;Juros Cheque Especial;Dívida;3.63;% ao Ano;Banco Central do Brasil (BCB)
2003-04-01;Juros Cheque Especial;Dívida;3.45;% ao Ano;Banco Central do Brasil (BCB)
2003-05-01;Juros Cheque Especial;Dívida;3.29;% ao Ano;Banco Central do Brasil (BCB)
2003-06-01;Juros Cheque Especial;Dívida;3.15;% ao Ano;Banco Central do Brasil (BCB)
2003-07-01;Juros Cheque Especial;Dívida;3.02;% ao Ano;Banco Central do Brasil (BCB)
2003-08-01;Juros Cheque Especial;Dívida;2.93;% ao Ano;Banco Central do Brasil (BCB)
2003-09-01;Juros Cheque Especial;Dívida;2.77;% ao Ano;Banco Central do Brasil (BCB)
2003-10-01;Juros Cheque Especial;Dívida;2.68;% ao Ano;Banco Central do Brasil (BCB)
2003-11-01;Juros Cheque Especial;Dívida;2.63;% ao Ano;Banco Central do Brasil (BCB)
2003-12-01;Juros Cheque Especial;Dívida;2.65;% ao Ano;Banco Central do Brasil (BCB)
2004-01-01;Juros Cheque Especial;Dívida;2.60;% ao Ano;Banco Central do Brasil (BCB)
2004-02-01;Juros Cheque Especial;Dívida;2.57;% ao Ano;Banco Central do Brasil (BCB)
2004-03-01;Juros Cheque Especial;Dívida;2.54;% ao Ano;Banco Central do Brasil (BCB)
2004-04-01;Juros Cheque Especial;Dívida;2.53;% ao Ano;Banco Central do Brasil (BCB)
2004-05-01;Juros Cheque Especial;Dívida;2.55;% ao Ano;Banco Central do Brasil (BCB)
2004-06-01;Juros Cheque Especial;Dívida;2.62;% ao Ano;Banco Central do Brasil (BCB)
2004-07-01;Juros Cheque Especial;Dívida;2.60;% ao Ano;Banco Central do Brasil (BCB)
2004-08-01;Juros Cheque Especial;Dívida;2.62;% ao Ano;Banco Central do Brasil (BCB)
2004-09-01;Juros Cheque Especial;Dívida;2.58;% ao Ano;Banco Central do Brasil (BCB)
2004-10-01;Juros Cheque Especial;Dívida;2.57;% ao Ano;Banco Central do Brasil (BCB)
2004-11-01;Juros Cheque Especial;Dívida;2.57;% ao Ano;Banco Central do Brasil (BCB)
2004-12-01;Juros Cheque Especial;Dívida;2.57;% ao Ano;Banco Central do Brasil (BCB)
2005-01-01;Juros Cheque Especial;Dívida;2.63;% ao Ano;Banco Central do Brasil (BCB)
2005-02-01;Juros Cheque Especial;Dívida;2.61;% ao Ano;Banco Central do Brasil (BCB)
2005-03-01;Juros Cheque Especial;Dívida;2.64;% ao Ano;Banco Central do Brasil (BCB)
2005-04-01;Juros Cheque Especial;Dívida;2.66;% ao Ano;Banco Central do Brasil (BCB)
2005-05-01;Juros Cheque Especial;Dívida;2.68;% ao Ano;Banco Central do Brasil (BCB)
2005-06-01;Juros Cheque Especial;Dívida;2.65;% ao Ano;Banco Central do Brasil (BCB)
2005-07-01;Juros Cheque Especial;Dívida;2.60;% ao Ano;Banco Central do Brasil (BCB)
2005-08-01;Juros Cheque Especial;Dívida;2.57;% ao Ano;Banco Central do Brasil (BCB)
2005-09-01;Juros Cheque Especial;Dívida;2.59;% ao Ano;Banco Central do Brasil (BCB)
2005-10-01;Juros Cheque Especial;Dívida;2.57;% ao Ano;Banco Central do Brasil (BCB)
2005-11-01;Juros Cheque Especial;Dívida;2.53;% ao Ano;Banco Central do Brasil (BCB)
2005-12-01;Juros Cheque Especial;Dívida;2.52;% ao Ano;Banco Central do Brasil (BCB)
2006-01-01;Juros Cheque Especial;Dívida;2.55;% ao Ano;Banco Central do Brasil (BCB)
2006-02-01;Juros Cheque Especial;Dívida;2.54;% ao Ano;Banco Central do Brasil (BCB)
2006-03-01;Juros Cheque Especial;Dívida;2.50;% ao Ano;Banco Central do Brasil (BCB)
2006-04-01;Juros Cheque Especial;Dívida;2.47;% ao Ano;Banco Central do Brasil (BCB)
2006-05-01;Juros Cheque Especial;Dívida;2.43;% ao Ano;Banco Central do Brasil (BCB)
2006-06-01;Juros Cheque Especial;Dívida;2.42;% ao Ano;Banco Central do Brasil (BCB)
2006-07-01;Juros Cheque Especial;Dívida;2.38;% ao Ano;Banco Central do Brasil (BCB)
2006-08-01;Juros Cheque Especial;Dívida;2.40;% ao Ano;Banco Central do Brasil (BCB)
2006-09-01;Juros Cheque Especial;Dívida;2.40;% ao Ano;Banco Central do Brasil (BCB)
2006-10-01;Juros Cheque Especial;Dívida;2.40;% ao Ano;Banco Central do Brasil (BCB)
2006-11-01;Juros Cheque Especial;Dívida;2.41;% ao Ano;Banco Central do Brasil (BCB)
2006-12-01;Juros Cheque Especial;Dívida;2.36;% ao Ano;Banco Central do Brasil (BCB)
2007-01-01;Juros Cheque Especial;Dívida;2.38;% ao Ano;Banco Central do Brasil (BCB)
2007-02-01;Juros Cheque Especial;Dívida;2.34;% ao Ano;Banco Central do Brasil (BCB)
2007-03-01;Juros Cheque Especial;Dívida;2.29;% ao Ano;Banco Central do Brasil (BCB)
2007-04-01;Juros Cheque Especial;Dívida;2.24;% ao Ano;Banco Central do Brasil (BCB)
2007-05-01;Juros Cheque Especial;Dívida;2.20;% ao Ano;Banco Central do Brasil (BCB)
2007-06-01;Juros Cheque Especial;Dívida;2.17;% ao Ano;Banco Central do Brasil (BCB)
2007-07-01;Juros Cheque Especial;Dívida;2.12;% ao Ano;Banco Central do Brasil (BCB)
2007-08-01;Juros Cheque Especial;Dívida;2.12;% ao Ano;Banco Central do Brasil (BCB)
2007-09-01;Juros Cheque Especial;Dívida;2.12;% ao Ano;Banco Central do Brasil (BCB)
2007-10-01;Juros Cheque Especial;Dívida;2.11;% ao Ano;Banco Central do Brasil (BCB)
2007-11-01;Juros Cheque Especial;Dívida;2.11;% ao Ano;Banco Central do Brasil (BCB)
2007-12-01;Juros Cheque Especial;Dívida;2.13;% ao Ano;Banco Central do Brasil (BCB)
2008-01-01;Juros Cheque Especial;Dívida;2.29;% ao Ano;Banco Central do Brasil (BCB)
2008-02-01;Juros Cheque Especial;Dívida;2.29;% ao Ano;Banco Central do Brasil (BCB)
2008-03-01;Juros Cheque Especial;Dívida;2.22;% ao Ano;Banco Central do Brasil (BCB)
2008-04-01;Juros Cheque Especial;Dívida;2.20;% ao Ano;Banco Central do Brasil (BCB)
2008-05-01;Juros Cheque Especial;Dívida;2.25;% ao Ano;Banco Central do Brasil (BCB)
2008-06-01;Juros Cheque Especial;Dívida;2.28;% ao Ano;Banco Central do Brasil (BCB)
2008-07-01;Juros Cheque Especial;Dívida;2.43;% ao Ano;Banco Central do Brasil (BCB)
2008-08-01;Juros Cheque Especial;Dívida;2.43;% ao Ano;Banco Central do Brasil (BCB)
2008-09-01;Juros Cheque Especial;Dívida;2.41;% ao Ano;Banco Central do Brasil (BCB)
2008-10-01;Juros Cheque Especial;Dívida;2.48;% ao Ano;Banco Central do Brasil (BCB)
2008-11-01;Juros Cheque Especial;Dívida;2.70;% ao Ano;Banco Central do Brasil (BCB)
2008-12-01;Juros Cheque Especial;Dívida;2.63;% ao Ano;Banco Central do Brasil (BCB)
2009-01-01;Juros Cheque Especial;Dívida;2.51;% ao Ano;Banco Central do Brasil (BCB)
2009-02-01;Juros Cheque Especial;Dívida;2.32;% ao Ano;Banco Central do Brasil (BCB)
2009-03-01;Juros Cheque Especial;Dívida;2.19;% ao Ano;Banco Central do Brasil (BCB)
2009-04-01;Juros Cheque Especial;Dívida;2.20;% ao Ano;Banco Central do Brasil (BCB)
2009-05-01;Juros Cheque Especial;Dívida;2.15;% ao Ano;Banco Central do Brasil (BCB)
2009-06-01;Juros Cheque Especial;Dívida;2.00;% ao Ano;Banco Central do Brasil (BCB)
2009-07-01;Juros Cheque Especial;Dívida;2.01;% ao Ano;Banco Central do Brasil (BCB)
2009-08-01;Juros Cheque Especial;Dívida;1.96;% ao Ano;Banco Central do Brasil (BCB)
2009-09-01;Juros Cheque Especial;Dívida;1.87;% ao Ano;Banco Central do Brasil (BCB)
2009-10-01;Juros Cheque Especial;Dívida;1.91;% ao Ano;Banco Central do Brasil (BCB)
2009-11-01;Juros Cheque Especial;Dívida;1.90;% ao Ano;Banco Central do Brasil (BCB)
2009-12-01;Juros Cheque Especial;Dívida;1.90;% ao Ano;Banco Central do Brasil (BCB)
2010-01-01;Juros Cheque Especial;Dívida;1.89;% ao Ano;Banco Central do Brasil (BCB)
2010-02-01;Juros Cheque Especial;Dívida;1.82;% ao Ano;Banco Central do Brasil (BCB)
2010-03-01;Juros Cheque Especial;Dívida;1.78;% ao Ano;Banco Central do Brasil (BCB)
2010-04-01;Juros Cheque Especial;Dívida;1.78;% ao Ano;Banco Central do Brasil (BCB)
2010-05-01;Juros Cheque Especial;Dívida;1.86;% ao Ano;Banco Central do Brasil (BCB)
2010-06-01;Juros Cheque Especial;Dívida;1.78;% ao Ano;Banco Central do Brasil (BCB)
2010-07-01;Juros Cheque Especial;Dívida;1.81;% ao Ano;Banco Central do Brasil (BCB)
2010-08-01;Juros Cheque Especial;Dívida;1.77;% ao Ano;Banco Central do Brasil (BCB)
2010-09-01;Juros Cheque Especial;Dívida;1.76;% ao Ano;Banco Central do Brasil (BCB)
2010-10-01;Juros Cheque Especial;Dívida;1.78;% ao Ano;Banco Central do Brasil (BCB)
2010-11-01;Juros Cheque Especial;Dívida;1.72;% ao Ano;Banco Central do Brasil (BCB)
2010-12-01;Juros Cheque Especial;Dívida;1.89;% ao Ano;Banco Central do Brasil (BCB)
2011-01-01;Juros Cheque Especial;Dívida;2.02;% ao Ano;Banco Central do Brasil (BCB)
2011-02-01;Juros Cheque Especial;Dívida;2.03;% ao Ano;Banco Central do Brasil (BCB)
2011-03-01;Juros Cheque Especial;Dívida;2.08;% ao Ano;Banco Central do Brasil (BCB)
2011-04-01;Juros Cheque Especial;Dívida;2.11;% ao Ano;Banco Central do Brasil (BCB)
2011-05-01;Juros Cheque Especial;Dívida;2.10;% ao Ano;Banco Central do Brasil (BCB)
2011-06-01;Juros Cheque Especial;Dívida;2.08;% ao Ano;Banco Central do Brasil (BCB)
2011-07-01;Juros Cheque Especial;Dívida;2.08;% ao Ano;Banco Central do Brasil (BCB)
2011-08-01;Juros Cheque Especial;Dívida;2.04;% ao Ano;Banco Central do Brasil (BCB)
2011-09-01;Juros Cheque Especial;Dívida;1.96;% ao Ano;Banco Central do Brasil (BCB)
2011-10-01;Juros Cheque Especial;Dívida;1.96;% ao Ano;Banco Central do Brasil (BCB)
2011-11-01;Juros Cheque Especial;Dívida;1.94;% ao Ano;Banco Central do Brasil (BCB)
2011-12-01;Juros Cheque Especial;Dívida;1.89;% ao Ano;Banco Central do Brasil (BCB)
2012-01-01;Juros Cheque Especial;Dívida;1.91;% ao Ano;Banco Central do Brasil (BCB)
2012-02-01;Juros Cheque Especial;Dívida;1.92;% ao Ano;Banco Central do Brasil (BCB)
2012-03-01;Juros Cheque Especial;Dívida;1.90;% ao Ano;Banco Central do Brasil (BCB)
2012-04-01;Juros Cheque Especial;Dívida;1.86;% ao Ano;Banco Central do Brasil (BCB)
2012-05-01;Juros Cheque Especial;Dívida;1.71;% ao Ano;Banco Central do Brasil (BCB)
2012-06-01;Juros Cheque Especial;Dívida;1.55;% ao Ano;Banco Central do Brasil (BCB)
2012-07-01;Juros Cheque Especial;Dívida;1.58;% ao Ano;Banco Central do Brasil (BCB)
2012-08-01;Juros Cheque Especial;Dívida;1.55;% ao Ano;Banco Central do Brasil (BCB)
2012-09-01;Juros Cheque Especial;Dívida;1.61;% ao Ano;Banco Central do Brasil (BCB)
2012-10-01;Juros Cheque Especial;Dívida;1.57;% ao Ano;Banco Central do Brasil (BCB)
2012-11-01;Juros Cheque Especial;Dívida;1.56;% ao Ano;Banco Central do Brasil (BCB)
2012-12-01;Juros Cheque Especial;Dívida;1.51;% ao Ano;Banco Central do Brasil (BCB)
2013-01-01;Juros Cheque Especial;Dívida;1.57;% ao Ano;Banco Central do Brasil (BCB)
2013-02-01;Juros Cheque Especial;Dívida;1.58;% ao Ano;Banco Central do Brasil (BCB)
2013-03-01;Juros Cheque Especial;Dívida;1.51;% ao Ano;Banco Central do Brasil (BCB)
2013-04-01;Juros Cheque Especial;Dívida;1.53;% ao Ano;Banco Central do Brasil (BCB)
2013-05-01;Juros Cheque Especial;Dívida;1.51;% ao Ano;Banco Central do Brasil (BCB)
2013-06-01;Juros Cheque Especial;Dívida;1.49;% ao Ano;Banco Central do Brasil (BCB)
2013-07-01;Juros Cheque Especial;Dívida;1.55;% ao Ano;Banco Central do Brasil (BCB)
2013-08-01;Juros Cheque Especial;Dívida;1.62;% ao Ano;Banco Central do Brasil (BCB)
2013-09-01;Juros Cheque Especial;Dívida;1.64;% ao Ano;Banco Central do Brasil (BCB)
2013-10-01;Juros Cheque Especial;Dívida;1.59;% ao Ano;Banco Central do Brasil (BCB)
2013-11-01;Juros Cheque Especial;Dívida;1.62;% ao Ano;Banco Central do Brasil (BCB)
2013-12-01;Juros Cheque Especial;Dívida;1.62;% ao Ano;Banco Central do Brasil (BCB)
2014-01-01;Juros Cheque Especial;Dívida;1.72;% ao Ano;Banco Central do Brasil (BCB)
2014-02-01;Juros Cheque Especial;Dívida;1.80;% ao Ano;Banco Central do Brasil (BCB)
2014-03-01;Juros Cheque Especial;Dívida;1.78;% ao Ano;Banco Central do Brasil (BCB)
2014-04-01;Juros Cheque Especial;Dívida;1.71;% ao Ano;Banco Central do Brasil (BCB)
2014-05-01;Juros Cheque Especial;Dívida;1.74;% ao Ano;Banco Central do Brasil (BCB)
2014-06-01;Juros Cheque Especial;Dívida;1.74;% ao Ano;Banco Central do Brasil (BCB)
2014-07-01;Juros Cheque Especial;Dívida;1.75;% ao Ano;Banco Central do Brasil (BCB)
2014-08-01;Juros Cheque Especial;Dívida;1.76;% ao Ano;Banco Central do Brasil (BCB)
2014-09-01;Juros Cheque Especial;Dívida;1.72;% ao Ano;Banco Central do Brasil (BCB)
2014-10-01;Juros Cheque Especial;Dívida;1.74;% ao Ano;Banco Central do Brasil (BCB)
2014-11-01;Juros Cheque Especial;Dívida;1.72;% ao Ano;Banco Central do Brasil (BCB)
2014-12-01;Juros Cheque Especial;Dívida;1.69;% ao Ano;Banco Central do Brasil (BCB)
2015-01-01;Juros Cheque Especial;Dívida;1.80;% ao Ano;Banco Central do Brasil (BCB)
2015-02-01;Juros Cheque Especial;Dívida;1.86;% ao Ano;Banco Central do Brasil (BCB)
2015-03-01;Juros Cheque Especial;Dívida;1.85;% ao Ano;Banco Central do Brasil (BCB)
2015-04-01;Juros Cheque Especial;Dívida;1.85;% ao Ano;Banco Central do Brasil (BCB)
2015-05-01;Juros Cheque Especial;Dívida;1.86;% ao Ano;Banco Central do Brasil (BCB)
2015-06-01;Juros Cheque Especial;Dívida;1.86;% ao Ano;Banco Central do Brasil (BCB)
2015-07-01;Juros Cheque Especial;Dívida;1.84;% ao Ano;Banco Central do Brasil (BCB)
2015-08-01;Juros Cheque Especial;Dívida;1.86;% ao Ano;Banco Central do Brasil (BCB)
2015-09-01;Juros Cheque Especial;Dívida;1.92;% ao Ano;Banco Central do Brasil (BCB)
2015-10-01;Juros Cheque Especial;Dívida;1.94;% ao Ano;Banco Central do Brasil (BCB)
2015-11-01;Juros Cheque Especial;Dívida;1.96;% ao Ano;Banco Central do Brasil (BCB)
2015-12-01;Juros Cheque Especial;Dívida;1.95;% ao Ano;Banco Central do Brasil (BCB)
2016-01-01;Juros Cheque Especial;Dívida;2.04;% ao Ano;Banco Central do Brasil (BCB)
2016-02-01;Juros Cheque Especial;Dívida;2.05;% ao Ano;Banco Central do Brasil (BCB)
2016-03-01;Juros Cheque Especial;Dívida;2.01;% ao Ano;Banco Central do Brasil (BCB)
2016-04-01;Juros Cheque Especial;Dívida;2.00;% ao Ano;Banco Central do Brasil (BCB)
2016-05-01;Juros Cheque Especial;Dívida;1.97;% ao Ano;Banco Central do Brasil (BCB)
2016-06-01;Juros Cheque Especial;Dívida;1.94;% ao Ano;Banco Central do Brasil (BCB)
2016-07-01;Juros Cheque Especial;Dívida;1.94;% ao Ano;Banco Central do Brasil (BCB)
2016-08-01;Juros Cheque Especial;Dívida;1.96;% ao Ano;Banco Central do Brasil (BCB)
2016-09-01;Juros Cheque Especial;Dívida;1.95;% ao Ano;Banco Central do Brasil (BCB)
2016-10-01;Juros Cheque Especial;Dívida;1.93;% ao Ano;Banco Central do Brasil (BCB)
2016-11-01;Juros Cheque Especial;Dívida;1.93;% ao Ano;Banco Central do Brasil (BCB)
2016-12-01;Juros Cheque Especial;Dívida;1.92;% ao Ano;Banco Central do Brasil (BCB)
2017-01-01;Juros Cheque Especial;Dívida;1.96;% ao Ano;Banco Central do Brasil (BCB)
2017-02-01;Juros Cheque Especial;Dívida;1.93;% ao Ano;Banco Central do Brasil (BCB)
2017-03-01;Juros Cheque Especial;Dívida;1.86;% ao Ano;Banco Central do Brasil (BCB)
2017-04-01;Juros Cheque Especial;Dívida;1.84;% ao Ano;Banco Central do Brasil (BCB)
2017-05-01;Juros Cheque Especial;Dívida;1.83;% ao Ano;Banco Central do Brasil (BCB)
2017-06-01;Juros Cheque Especial;Dívida;1.81;% ao Ano;Banco Central do Brasil (BCB)
2017-07-01;Juros Cheque Especial;Dívida;1.79;% ao Ano;Banco Central do Brasil (BCB)
2017-08-01;Juros Cheque Especial;Dívida;1.76;% ao Ano;Banco Central do Brasil (BCB)
2017-09-01;Juros Cheque Especial;Dívida;1.74;% ao Ano;Banco Central do Brasil (BCB)
2017-10-01;Juros Cheque Especial;Dívida;1.71;% ao Ano;Banco Central do Brasil (BCB)
2017-11-01;Juros Cheque Especial;Dívida;1.68;% ao Ano;Banco Central do Brasil (BCB)
2017-12-01;Juros Cheque Especial;Dívida;1.69;% ao Ano;Banco Central do Brasil (BCB)
2018-01-01;Juros Cheque Especial;Dívida;1.72;% ao Ano;Banco Central do Brasil (BCB)
2018-02-01;Juros Cheque Especial;Dívida;1.70;% ao Ano;Banco Central do Brasil (BCB)
2018-03-01;Juros Cheque Especial;Dívida;1.65;% ao Ano;Banco Central do Brasil (BCB)
2018-04-01;Juros Cheque Especial;Dívida;1.64;% ao Ano;Banco Central do Brasil (BCB)
2018-05-01;Juros Cheque Especial;Dívida;1.64;% ao Ano;Banco Central do Brasil (BCB)
2018-06-01;Juros Cheque Especial;Dívida;1.67;% ao Ano;Banco Central do Brasil (BCB)
2018-07-01;Juros Cheque Especial;Dívida;1.69;% ao Ano;Banco Central do Brasil (BCB)
2018-08-01;Juros Cheque Especial;Dívida;1.68;% ao Ano;Banco Central do Brasil (BCB)
2018-09-01;Juros Cheque Especial;Dívida;1.68;% ao Ano;Banco Central do Brasil (BCB)
2018-10-01;Juros Cheque Especial;Dívida;1.70;% ao Ano;Banco Central do Brasil (BCB)
2018-11-01;Juros Cheque Especial;Dívida;1.65;% ao Ano;Banco Central do Brasil (BCB)
2018-12-01;Juros Cheque Especial;Dívida;1.65;% ao Ano;Banco Central do Brasil (BCB)
2019-01-01;Juros Cheque Especial;Dívida;1.70;% ao Ano;Banco Central do Brasil (BCB)
2019-02-01;Juros Cheque Especial;Dívida;1.67;% ao Ano;Banco Central do Brasil (BCB)
2019-03-01;Juros Cheque Especial;Dívida;1.63;% ao Ano;Banco Central do Brasil (BCB)
2019-04-01;Juros Cheque Especial;Dívida;1.62;% ao Ano;Banco Central do Brasil (BCB)
2019-05-01;Juros Cheque Especial;Dívida;1.61;% ao Ano;Banco Central do Brasil (BCB)
2019-06-01;Juros Cheque Especial;Dívida;1.59;% ao Ano;Banco Central do Brasil (BCB)
2019-07-01;Juros Cheque Especial;Dívida;1.55;% ao Ano;Banco Central do Brasil (BCB)
2019-08-01;Juros Cheque Especial;Dívida;1.54;% ao Ano;Banco Central do Brasil (BCB)
2019-09-01;Juros Cheque Especial;Dívida;1.52;% ao Ano;Banco Central do Brasil (BCB)
2019-10-01;Juros Cheque Especial;Dívida;1.51;% ao Ano;Banco Central do Brasil (BCB)
2019-11-01;Juros Cheque Especial;Dívida;1.48;% ao Ano;Banco Central do Brasil (BCB)
2019-12-01;Juros Cheque Especial;Dívida;1.47;% ao Ano;Banco Central do Brasil (BCB)
2020-01-01;Juros Cheque Especial;Dívida;1.51;% ao Ano;Banco Central do Brasil (BCB)
2020-02-01;Juros Cheque Especial;Dívida;1.49;% ao Ano;Banco Central do Brasil (BCB)
2020-03-01;Juros Cheque Especial;Dívida;1.51;% ao Ano;Banco Central do Brasil (BCB)
2020-04-01;Juros Cheque Especial;Dívida;1.56;% ao Ano;Banco Central do Brasil (BCB)
2020-05-01;Juros Cheque Especial;Dívida;1.49;% ao Ano;Banco Central do Brasil (BCB)
2020-06-01;Juros Cheque Especial;Dívida;1.46;% ao Ano;Banco Central do Brasil (BCB)
2020-07-01;Juros Cheque Especial;Dívida;1.45;% ao Ano;Banco Central do Brasil (BCB)
2020-08-01;Juros Cheque Especial;Dívida;1.45;% ao Ano;Banco Central do Brasil (BCB)
2020-09-01;Juros Cheque Especial;Dívida;1.43;% ao Ano;Banco Central do Brasil (BCB)
2020-10-01;Juros Cheque Especial;Dívida;1.45;% ao Ano;Banco Central do Brasil (BCB)
2020-11-01;Juros Cheque Especial;Dívida;1.46;% ao Ano;Banco Central do Brasil (BCB)
2020-12-01;Juros Cheque Especial;Dívida;1.47;% ao Ano;Banco Central do Brasil (BCB)
2021-01-01;Juros Cheque Especial;Dívida;1.55;% ao Ano;Banco Central do Brasil (BCB)
2021-02-01;Juros Cheque Especial;Dívida;1.53;% ao Ano;Banco Central do Brasil (BCB)
2021-03-01;Juros Cheque Especial;Dívida;1.58;% ao Ano;Banco Central do Brasil (BCB)
2021-04-01;Juros Cheque Especial;Dívida;1.62;% ao Ano;Banco Central do Brasil (BCB)
2021-05-01;Juros Cheque Especial;Dívida;1.62;% ao Ano;Banco Central do Brasil (BCB)
2021-06-01;Juros Cheque Especial;Dívida;1.64;% ao Ano;Banco Central do Brasil (BCB)
2021-07-01;Juros Cheque Especial;Dívida;1.67;% ao Ano;Banco Central do Brasil (BCB)
2021-08-01;Juros Cheque Especial;Dívida;1.72;% ao Ano;Banco Central do Brasil (BCB)
2021-09-01;Juros Cheque Especial;Dívida;1.80;% ao Ano;Banco Central do Brasil (BCB)
2021-10-01;Juros Cheque Especial;Dívida;1.86;% ao Ano;Banco Central do Brasil (BCB)
2021-11-01;Juros Cheque Especial;Dívida;2.04;% ao Ano;Banco Central do Brasil (BCB)
2021-12-01;Juros Cheque Especial;Dívida;2.00;% ao Ano;Banco Central do Brasil (BCB)
2022-01-01;Juros Cheque Especial;Dívida;2.00;% ao Ano;Banco Central do Brasil (BCB)
2022-02-01;Juros Cheque Especial;Dívida;1.98;% ao Ano;Banco Central do Brasil (BCB)
2022-03-01;Juros Cheque Especial;Dívida;2.02;% ao Ano;Banco Central do Brasil (BCB)
2022-04-01;Juros Cheque Especial;Dívida;2.03;% ao Ano;Banco Central do Brasil (BCB)
2022-05-01;Juros Cheque Especial;Dívida;2.02;% ao Ano;Banco Central do Brasil (BCB)
2022-06-01;Juros Cheque Especial;Dívida;2.04;% ao Ano;Banco Central do Brasil (BCB)
2022-07-01;Juros Cheque Especial;Dívida;2.05;% ao Ano;Banco Central do Brasil (BCB)
2022-08-01;Juros Cheque Especial;Dívida;2.04;% ao Ano;Banco Central do Brasil (BCB)
2022-09-01;Juros Cheque Especial;Dívida;2.02;% ao Ano;Banco Central do Brasil (BCB)
2022-10-01;Juros Cheque Especial;Dívida;2.03;% ao Ano;Banco Central do Brasil (BCB)
2022-11-01;Juros Cheque Especial;Dívida;2.06;% ao Ano;Banco Central do Brasil (BCB)
2022-12-01;Juros Cheque Especial;Dívida;2.12;% ao Ano;Banco Central do Brasil (BCB)
2023-01-01;Juros Cheque Especial;Dívida;2.15;% ao Ano;Banco Central do Brasil (BCB)
2023-02-01;Juros Cheque Especial;Dívida;2.14;% ao Ano;Banco Central do Brasil (BCB)
2023-03-01;Juros Cheque Especial;Dívida;2.12;% ao Ano;Banco Central do Brasil (BCB)
2023-04-01;Juros Cheque Especial;Dívida;2.11;% ao Ano;Banco Central do Brasil (BCB)
2023-05-01;Juros Cheque Especial;Dívida;2.08;% ao Ano;Banco Central do Brasil (BCB)
2023-06-01;Juros Cheque Especial;Dívida;2.00;% ao Ano;Banco Central do Brasil (BCB)
2023-07-01;Juros Cheque Especial;Dívida;1.95;% ao Ano;Banco Central do Brasil (BCB)
2023-08-01;Juros Cheque Especial;Dívida;1.96;% ao Ano;Banco Central do Brasil (BCB)
2023-09-01;Juros Cheque Especial;Dívida;1.94;% ao Ano;Banco Central do Brasil (BCB)
2023-10-01;Juros Cheque Especial;Dívida;1.96;% ao Ano;Banco Central do Brasil (BCB)
2023-11-01;Juros Cheque Especial;Dívida;1.94;% ao Ano;Banco Central do Brasil (BCB)
2023-12-01;Juros Cheque Especial;Dívida;1.91;% ao Ano;Banco Central do Brasil (BCB)
2024-01-01;Juros Cheque Especial;Dívida;1.95;% ao Ano;Banco Central do Brasil (BCB)
2024-02-01;Juros Cheque Especial;Dívida;1.93;% ao Ano;Banco Central do Brasil (BCB)
2024-03-01;Juros Cheque Especial;Dívida;1.91;% ao Ano;Banco Central do Brasil (BCB)
2024-04-01;Juros Cheque Especial;Dívida;1.91;% ao Ano;Banco Central do Brasil (BCB)
2024-05-01;Juros Cheque Especial;Dívida;1.91;% ao Ano;Banco Central do Brasil (BCB)
2024-06-01;Juros Cheque Especial;Dívida;1.91;% ao Ano;Banco Central do Brasil (BCB)
2024-07-01;Juros Cheque Especial;Dívida;1.91;% ao Ano;Banco Central do Brasil (BCB)
2024-08-01;Juros Cheque Especial;Dívida;1.93;% ao Ano;Banco Central do Brasil (BCB)
2024-09-01;Juros Cheque Especial;Dívida;1.91;% ao Ano;Banco Central do Brasil (BCB)
2024-10-01;Juros Cheque Especial;Dívida;1.94;% ao Ano;Banco Central do Brasil (BCB)
2024-11-01;Juros Cheque Especial;Dívida;1.97;% ao Ano;Banco Central do Brasil (BCB)
2024-12-01;Juros Cheque Especial;Dívida;2.05;% ao Ano;Banco Central do Brasil (BCB)
2025-01-01;Juros Cheque Especial;Dívida;2.18;% ao Ano;Banco Central do Brasil (BCB)
2025-02-01;Juros Cheque Especial;Dívida;2.15;% ao Ano;Banco Central do Brasil (BCB)
2025-03-01;Juros Cheque Especial;Dívida;2.12;% ao Ano;Banco Central do Brasil (BCB)
2025-04-01;Juros Cheque Especial;Dívida;2.08;% ao Ano;Banco Central do Brasil (BCB)
2025-05-01;Juros Cheque Especial;Dívida;2.05;% ao Ano;Banco Central do Brasil (BCB)
2025-06-01;Juros Cheque Especial;Dívida;2.05;% ao Ano;Banco Central do Brasil (BCB)
2025-07-01;Juros Cheque Especial;Dívida;2.03;% ao Ano;Banco Central do Brasil (BCB)
2025-08-01;Juros Cheque Especial;Dívida;2.03;% ao Ano;Banco Central do Brasil (BCB)
2025-09-01;Juros Cheque Especial;Dívida;2.03;% ao Ano;Banco Central do Brasil (BCB)
1980-02-01;IPCA Mensal;Inflação;4.62;% ao Mês;Banco Central do Brasil (BCB)
1980-03-01;IPCA Mensal;Inflação;6.04;% ao Mês;Banco Central do Brasil (BCB)
1980-04-01;IPCA Mensal;Inflação;5.29;% ao Mês;Banco Central do Brasil (BCB)
1980-05-01;IPCA Mensal;Inflação;5.70;% ao Mês;Banco Central do Brasil (BCB)
1980-06-01;IPCA Mensal;Inflação;5.31;% ao Mês;Banco Central do Brasil (BCB)
1980-07-01;IPCA Mensal;Inflação;5.55;% ao Mês;Banco Central do Brasil (BCB)
1980-08-01;IPCA Mensal;Inflação;4.95;% ao Mês;Banco Central do Brasil (BCB)
1980-09-01;IPCA Mensal;Inflação;4.23;% ao Mês;Banco Central do Brasil (BCB)
1980-10-01;IPCA Mensal;Inflação;9.48;% ao Mês;Banco Central do Brasil (BCB)
1980-11-01;IPCA Mensal;Inflação;6.67;% ao Mês;Banco Central do Brasil (BCB)
1980-12-01;IPCA Mensal;Inflação;6.61;% ao Mês;Banco Central do Brasil (BCB)
1981-01-01;IPCA Mensal;Inflação;6.84;% ao Mês;Banco Central do Brasil (BCB)
1981-02-01;IPCA Mensal;Inflação;6.40;% ao Mês;Banco Central do Brasil (BCB)
1981-03-01;IPCA Mensal;Inflação;4.97;% ao Mês;Banco Central do Brasil (BCB)
1981-04-01;IPCA Mensal;Inflação;6.46;% ao Mês;Banco Central do Brasil (BCB)
1981-05-01;IPCA Mensal;Inflação;5.56;% ao Mês;Banco Central do Brasil (BCB)
1981-06-01;IPCA Mensal;Inflação;5.52;% ao Mês;Banco Central do Brasil (BCB)
1981-07-01;IPCA Mensal;Inflação;6.26;% ao Mês;Banco Central do Brasil (BCB)
1981-08-01;IPCA Mensal;Inflação;5.50;% ao Mês;Banco Central do Brasil (BCB)
1981-09-01;IPCA Mensal;Inflação;5.26;% ao Mês;Banco Central do Brasil (BCB)
1981-10-01;IPCA Mensal;Inflação;5.08;% ao Mês;Banco Central do Brasil (BCB)
1981-11-01;IPCA Mensal;Inflação;5.27;% ao Mês;Banco Central do Brasil (BCB)
1981-12-01;IPCA Mensal;Inflação;5.93;% ao Mês;Banco Central do Brasil (BCB)
1982-01-01;IPCA Mensal;Inflação;6.97;% ao Mês;Banco Central do Brasil (BCB)
1982-02-01;IPCA Mensal;Inflação;6.64;% ao Mês;Banco Central do Brasil (BCB)
1982-03-01;IPCA Mensal;Inflação;5.71;% ao Mês;Banco Central do Brasil (BCB)
1982-04-01;IPCA Mensal;Inflação;5.89;% ao Mês;Banco Central do Brasil (BCB)
1982-05-01;IPCA Mensal;Inflação;6.66;% ao Mês;Banco Central do Brasil (BCB)
1982-06-01;IPCA Mensal;Inflação;7.10;% ao Mês;Banco Central do Brasil (BCB)
1982-07-01;IPCA Mensal;Inflação;6.36;% ao Mês;Banco Central do Brasil (BCB)
1982-08-01;IPCA Mensal;Inflação;5.97;% ao Mês;Banco Central do Brasil (BCB)
1982-09-01;IPCA Mensal;Inflação;5.08;% ao Mês;Banco Central do Brasil (BCB)
1982-10-01;IPCA Mensal;Inflação;4.44;% ao Mês;Banco Central do Brasil (BCB)
1982-11-01;IPCA Mensal;Inflação;5.29;% ao Mês;Banco Central do Brasil (BCB)
1982-12-01;IPCA Mensal;Inflação;7.81;% ao Mês;Banco Central do Brasil (BCB)
1983-01-01;IPCA Mensal;Inflação;8.64;% ao Mês;Banco Central do Brasil (BCB)
1983-02-01;IPCA Mensal;Inflação;7.86;% ao Mês;Banco Central do Brasil (BCB)
1983-03-01;IPCA Mensal;Inflação;7.34;% ao Mês;Banco Central do Brasil (BCB)
1983-04-01;IPCA Mensal;Inflação;6.58;% ao Mês;Banco Central do Brasil (BCB)
1983-05-01;IPCA Mensal;Inflação;6.48;% ao Mês;Banco Central do Brasil (BCB)
1983-06-01;IPCA Mensal;Inflação;9.88;% ao Mês;Banco Central do Brasil (BCB)
1983-07-01;IPCA Mensal;Inflação;10.08;% ao Mês;Banco Central do Brasil (BCB)
1983-08-01;IPCA Mensal;Inflação;9.11;% ao Mês;Banco Central do Brasil (BCB)
1983-09-01;IPCA Mensal;Inflação;10.30;% ao Mês;Banco Central do Brasil (BCB)
1983-10-01;IPCA Mensal;Inflação;8.87;% ao Mês;Banco Central do Brasil (BCB)
1983-11-01;IPCA Mensal;Inflação;7.38;% ao Mês;Banco Central do Brasil (BCB)
1983-12-01;IPCA Mensal;Inflação;8.68;% ao Mês;Banco Central do Brasil (BCB)
1984-01-01;IPCA Mensal;Inflação;9.67;% ao Mês;Banco Central do Brasil (BCB)
1984-02-01;IPCA Mensal;Inflação;9.50;% ao Mês;Banco Central do Brasil (BCB)
1984-03-01;IPCA Mensal;Inflação;8.94;% ao Mês;Banco Central do Brasil (BCB)
1984-04-01;IPCA Mensal;Inflação;9.54;% ao Mês;Banco Central do Brasil (BCB)
1984-05-01;IPCA Mensal;Inflação;9.05;% ao Mês;Banco Central do Brasil (BCB)
1984-06-01;IPCA Mensal;Inflação;10.08;% ao Mês;Banco Central do Brasil (BCB)
1984-07-01;IPCA Mensal;Inflação;9.72;% ao Mês;Banco Central do Brasil (BCB)
1984-08-01;IPCA Mensal;Inflação;9.35;% ao Mês;Banco Central do Brasil (BCB)
1984-09-01;IPCA Mensal;Inflação;11.75;% ao Mês;Banco Central do Brasil (BCB)
1984-10-01;IPCA Mensal;Inflação;10.44;% ao Mês;Banco Central do Brasil (BCB)
1984-11-01;IPCA Mensal;Inflação;10.53;% ao Mês;Banco Central do Brasil (BCB)
1984-12-01;IPCA Mensal;Inflação;11.98;% ao Mês;Banco Central do Brasil (BCB)
1985-01-01;IPCA Mensal;Inflação;11.76;% ao Mês;Banco Central do Brasil (BCB)
1985-02-01;IPCA Mensal;Inflação;10.87;% ao Mês;Banco Central do Brasil (BCB)
1985-03-01;IPCA Mensal;Inflação;10.16;% ao Mês;Banco Central do Brasil (BCB)
1985-04-01;IPCA Mensal;Inflação;8.20;% ao Mês;Banco Central do Brasil (BCB)
1985-05-01;IPCA Mensal;Inflação;7.20;% ao Mês;Banco Central do Brasil (BCB)
1985-06-01;IPCA Mensal;Inflação;8.49;% ao Mês;Banco Central do Brasil (BCB)
1985-07-01;IPCA Mensal;Inflação;10.31;% ao Mês;Banco Central do Brasil (BCB)
1985-08-01;IPCA Mensal;Inflação;12.05;% ao Mês;Banco Central do Brasil (BCB)
1985-09-01;IPCA Mensal;Inflação;11.12;% ao Mês;Banco Central do Brasil (BCB)
1985-10-01;IPCA Mensal;Inflação;10.62;% ao Mês;Banco Central do Brasil (BCB)
1985-11-01;IPCA Mensal;Inflação;13.97;% ao Mês;Banco Central do Brasil (BCB)
1985-12-01;IPCA Mensal;Inflação;15.07;% ao Mês;Banco Central do Brasil (BCB)
1986-01-01;IPCA Mensal;Inflação;14.37;% ao Mês;Banco Central do Brasil (BCB)
1986-02-01;IPCA Mensal;Inflação;12.72;% ao Mês;Banco Central do Brasil (BCB)
1986-03-01;IPCA Mensal;Inflação;4.77;% ao Mês;Banco Central do Brasil (BCB)
1986-04-01;IPCA Mensal;Inflação;0.78;% ao Mês;Banco Central do Brasil (BCB)
1986-05-01;IPCA Mensal;Inflação;1.40;% ao Mês;Banco Central do Brasil (BCB)
1986-06-01;IPCA Mensal;Inflação;1.27;% ao Mês;Banco Central do Brasil (BCB)
1986-07-01;IPCA Mensal;Inflação;1.71;% ao Mês;Banco Central do Brasil (BCB)
1986-08-01;IPCA Mensal;Inflação;3.55;% ao Mês;Banco Central do Brasil (BCB)
1986-09-01;IPCA Mensal;Inflação;1.72;% ao Mês;Banco Central do Brasil (BCB)
1986-10-01;IPCA Mensal;Inflação;1.90;% ao Mês;Banco Central do Brasil (BCB)
1986-11-01;IPCA Mensal;Inflação;5.45;% ao Mês;Banco Central do Brasil (BCB)
1986-12-01;IPCA Mensal;Inflação;11.65;% ao Mês;Banco Central do Brasil (BCB)
1987-01-01;IPCA Mensal;Inflação;13.21;% ao Mês;Banco Central do Brasil (BCB)
1987-02-01;IPCA Mensal;Inflação;12.64;% ao Mês;Banco Central do Brasil (BCB)
1987-03-01;IPCA Mensal;Inflação;16.37;% ao Mês;Banco Central do Brasil (BCB)
1987-04-01;IPCA Mensal;Inflação;19.10;% ao Mês;Banco Central do Brasil (BCB)
1987-05-01;IPCA Mensal;Inflação;21.45;% ao Mês;Banco Central do Brasil (BCB)
1987-06-01;IPCA Mensal;Inflação;19.71;% ao Mês;Banco Central do Brasil (BCB)
1987-07-01;IPCA Mensal;Inflação;9.21;% ao Mês;Banco Central do Brasil (BCB)
1987-08-01;IPCA Mensal;Inflação;4.87;% ao Mês;Banco Central do Brasil (BCB)
1987-09-01;IPCA Mensal;Inflação;7.78;% ao Mês;Banco Central do Brasil (BCB)
1987-10-01;IPCA Mensal;Inflação;11.22;% ao Mês;Banco Central do Brasil (BCB)
1987-11-01;IPCA Mensal;Inflação;15.08;% ao Mês;Banco Central do Brasil (BCB)
1987-12-01;IPCA Mensal;Inflação;14.15;% ao Mês;Banco Central do Brasil (BCB)
1988-01-01;IPCA Mensal;Inflação;18.89;% ao Mês;Banco Central do Brasil (BCB)
1988-02-01;IPCA Mensal;Inflação;15.70;% ao Mês;Banco Central do Brasil (BCB)
1988-03-01;IPCA Mensal;Inflação;17.60;% ao Mês;Banco Central do Brasil (BCB)
1988-04-01;IPCA Mensal;Inflação;19.29;% ao Mês;Banco Central do Brasil (BCB)
1988-05-01;IPCA Mensal;Inflação;17.42;% ao Mês;Banco Central do Brasil (BCB)
1988-06-01;IPCA Mensal;Inflação;22.00;% ao Mês;Banco Central do Brasil (BCB)
1988-07-01;IPCA Mensal;Inflação;21.91;% ao Mês;Banco Central do Brasil (BCB)
1988-08-01;IPCA Mensal;Inflação;21.59;% ao Mês;Banco Central do Brasil (BCB)
1988-09-01;IPCA Mensal;Inflação;27.45;% ao Mês;Banco Central do Brasil (BCB)
1988-10-01;IPCA Mensal;Inflação;25.62;% ao Mês;Banco Central do Brasil (BCB)
1988-11-01;IPCA Mensal;Inflação;27.94;% ao Mês;Banco Central do Brasil (BCB)
1988-12-01;IPCA Mensal;Inflação;28.70;% ao Mês;Banco Central do Brasil (BCB)
1989-01-01;IPCA Mensal;Inflação;37.49;% ao Mês;Banco Central do Brasil (BCB)
1989-02-01;IPCA Mensal;Inflação;16.78;% ao Mês;Banco Central do Brasil (BCB)
1989-03-01;IPCA Mensal;Inflação;6.82;% ao Mês;Banco Central do Brasil (BCB)
1989-04-01;IPCA Mensal;Inflação;8.33;% ao Mês;Banco Central do Brasil (BCB)
1989-05-01;IPCA Mensal;Inflação;17.92;% ao Mês;Banco Central do Brasil (BCB)
1989-06-01;IPCA Mensal;Inflação;28.65;% ao Mês;Banco Central do Brasil (BCB)
1989-07-01;IPCA Mensal;Inflação;27.74;% ao Mês;Banco Central do Brasil (BCB)
1989-08-01;IPCA Mensal;Inflação;33.71;% ao Mês;Banco Central do Brasil (BCB)
1989-09-01;IPCA Mensal;Inflação;37.56;% ao Mês;Banco Central do Brasil (BCB)
1989-10-01;IPCA Mensal;Inflação;39.77;% ao Mês;Banco Central do Brasil (BCB)
1989-11-01;IPCA Mensal;Inflação;47.82;% ao Mês;Banco Central do Brasil (BCB)
1989-12-01;IPCA Mensal;Inflação;51.50;% ao Mês;Banco Central do Brasil (BCB)
1990-01-01;IPCA Mensal;Inflação;67.55;% ao Mês;Banco Central do Brasil (BCB)
1990-02-01;IPCA Mensal;Inflação;75.73;% ao Mês;Banco Central do Brasil (BCB)
1990-03-01;IPCA Mensal;Inflação;82.39;% ao Mês;Banco Central do Brasil (BCB)
1990-04-01;IPCA Mensal;Inflação;15.52;% ao Mês;Banco Central do Brasil (BCB)
1990-05-01;IPCA Mensal;Inflação;7.59;% ao Mês;Banco Central do Brasil (BCB)
1990-06-01;IPCA Mensal;Inflação;11.75;% ao Mês;Banco Central do Brasil (BCB)
1990-07-01;IPCA Mensal;Inflação;12.92;% ao Mês;Banco Central do Brasil (BCB)
1990-08-01;IPCA Mensal;Inflação;12.88;% ao Mês;Banco Central do Brasil (BCB)
1990-09-01;IPCA Mensal;Inflação;14.41;% ao Mês;Banco Central do Brasil (BCB)
1990-10-01;IPCA Mensal;Inflação;14.36;% ao Mês;Banco Central do Brasil (BCB)
1990-11-01;IPCA Mensal;Inflação;16.81;% ao Mês;Banco Central do Brasil (BCB)
1990-12-01;IPCA Mensal;Inflação;18.44;% ao Mês;Banco Central do Brasil (BCB)
1991-01-01;IPCA Mensal;Inflação;20.75;% ao Mês;Banco Central do Brasil (BCB)
1991-02-01;IPCA Mensal;Inflação;20.72;% ao Mês;Banco Central do Brasil (BCB)
1991-03-01;IPCA Mensal;Inflação;11.92;% ao Mês;Banco Central do Brasil (BCB)
1991-04-01;IPCA Mensal;Inflação;4.99;% ao Mês;Banco Central do Brasil (BCB)
1991-05-01;IPCA Mensal;Inflação;7.43;% ao Mês;Banco Central do Brasil (BCB)
1991-06-01;IPCA Mensal;Inflação;11.19;% ao Mês;Banco Central do Brasil (BCB)
1991-07-01;IPCA Mensal;Inflação;12.41;% ao Mês;Banco Central do Brasil (BCB)
1991-08-01;IPCA Mensal;Inflação;15.63;% ao Mês;Banco Central do Brasil (BCB)
1991-09-01;IPCA Mensal;Inflação;15.63;% ao Mês;Banco Central do Brasil (BCB)
1991-10-01;IPCA Mensal;Inflação;20.23;% ao Mês;Banco Central do Brasil (BCB)
1991-11-01;IPCA Mensal;Inflação;25.21;% ao Mês;Banco Central do Brasil (BCB)
1991-12-01;IPCA Mensal;Inflação;23.71;% ao Mês;Banco Central do Brasil (BCB)
1992-01-01;IPCA Mensal;Inflação;25.94;% ao Mês;Banco Central do Brasil (BCB)
1992-02-01;IPCA Mensal;Inflação;24.32;% ao Mês;Banco Central do Brasil (BCB)
1992-03-01;IPCA Mensal;Inflação;21.40;% ao Mês;Banco Central do Brasil (BCB)
1992-04-01;IPCA Mensal;Inflação;19.93;% ao Mês;Banco Central do Brasil (BCB)
1992-05-01;IPCA Mensal;Inflação;24.86;% ao Mês;Banco Central do Brasil (BCB)
1992-06-01;IPCA Mensal;Inflação;20.21;% ao Mês;Banco Central do Brasil (BCB)
1992-07-01;IPCA Mensal;Inflação;21.83;% ao Mês;Banco Central do Brasil (BCB)
1992-08-01;IPCA Mensal;Inflação;22.14;% ao Mês;Banco Central do Brasil (BCB)
1992-09-01;IPCA Mensal;Inflação;24.63;% ao Mês;Banco Central do Brasil (BCB)
1992-10-01;IPCA Mensal;Inflação;25.24;% ao Mês;Banco Central do Brasil (BCB)
1992-11-01;IPCA Mensal;Inflação;22.49;% ao Mês;Banco Central do Brasil (BCB)
1992-12-01;IPCA Mensal;Inflação;25.24;% ao Mês;Banco Central do Brasil (BCB)
1993-01-01;IPCA Mensal;Inflação;30.35;% ao Mês;Banco Central do Brasil (BCB)
1993-02-01;IPCA Mensal;Inflação;24.98;% ao Mês;Banco Central do Brasil (BCB)
1993-03-01;IPCA Mensal;Inflação;27.26;% ao Mês;Banco Central do Brasil (BCB)
1993-04-01;IPCA Mensal;Inflação;27.75;% ao Mês;Banco Central do Brasil (BCB)
1993-05-01;IPCA Mensal;Inflação;27.69;% ao Mês;Banco Central do Brasil (BCB)
1993-06-01;IPCA Mensal;Inflação;30.07;% ao Mês;Banco Central do Brasil (BCB)
1993-07-01;IPCA Mensal;Inflação;30.72;% ao Mês;Banco Central do Brasil (BCB)
1993-08-01;IPCA Mensal;Inflação;32.96;% ao Mês;Banco Central do Brasil (BCB)
1993-09-01;IPCA Mensal;Inflação;35.69;% ao Mês;Banco Central do Brasil (BCB)
1993-10-01;IPCA Mensal;Inflação;33.92;% ao Mês;Banco Central do Brasil (BCB)
1993-11-01;IPCA Mensal;Inflação;35.56;% ao Mês;Banco Central do Brasil (BCB)
1993-12-01;IPCA Mensal;Inflação;36.84;% ao Mês;Banco Central do Brasil (BCB)
1994-01-01;IPCA Mensal;Inflação;41.31;% ao Mês;Banco Central do Brasil (BCB)
1994-02-01;IPCA Mensal;Inflação;40.27;% ao Mês;Banco Central do Brasil (BCB)
1994-03-01;IPCA Mensal;Inflação;42.75;% ao Mês;Banco Central do Brasil (BCB)
1994-04-01;IPCA Mensal;Inflação;42.68;% ao Mês;Banco Central do Brasil (BCB)
1994-05-01;IPCA Mensal;Inflação;44.03;% ao Mês;Banco Central do Brasil (BCB)
1994-06-01;IPCA Mensal;Inflação;47.43;% ao Mês;Banco Central do Brasil (BCB)
1994-07-01;IPCA Mensal;Inflação;6.84;% ao Mês;Banco Central do Brasil (BCB)
1994-08-01;IPCA Mensal;Inflação;1.86;% ao Mês;Banco Central do Brasil (BCB)
1994-09-01;IPCA Mensal;Inflação;1.53;% ao Mês;Banco Central do Brasil (BCB)
1994-10-01;IPCA Mensal;Inflação;2.62;% ao Mês;Banco Central do Brasil (BCB)
1994-11-01;IPCA Mensal;Inflação;2.81;% ao Mês;Banco Central do Brasil (BCB)
1994-12-01;IPCA Mensal;Inflação;1.71;% ao Mês;Banco Central do Brasil (BCB)
1995-01-01;IPCA Mensal;Inflação;1.70;% ao Mês;Banco Central do Brasil (BCB)
1995-02-01;IPCA Mensal;Inflação;1.02;% ao Mês;Banco Central do Brasil (BCB)
1995-03-01;IPCA Mensal;Inflação;1.55;% ao Mês;Banco Central do Brasil (BCB)
1995-04-01;IPCA Mensal;Inflação;2.43;% ao Mês;Banco Central do Brasil (BCB)
1995-05-01;IPCA Mensal;Inflação;2.67;% ao Mês;Banco Central do Brasil (BCB)
1995-06-01;IPCA Mensal;Inflação;2.26;% ao Mês;Banco Central do Brasil (BCB)
1995-07-01;IPCA Mensal;Inflação;2.36;% ao Mês;Banco Central do Brasil (BCB)
1995-08-01;IPCA Mensal;Inflação;0.99;% ao Mês;Banco Central do Brasil (BCB)
1995-09-01;IPCA Mensal;Inflação;0.99;% ao Mês;Banco Central do Brasil (BCB)
1995-10-01;IPCA Mensal;Inflação;1.41;% ao Mês;Banco Central do Brasil (BCB)
1995-11-01;IPCA Mensal;Inflação;1.47;% ao Mês;Banco Central do Brasil (BCB)
1995-12-01;IPCA Mensal;Inflação;1.56;% ao Mês;Banco Central do Brasil (BCB)
1996-01-01;IPCA Mensal;Inflação;1.34;% ao Mês;Banco Central do Brasil (BCB)
1996-02-01;IPCA Mensal;Inflação;1.03;% ao Mês;Banco Central do Brasil (BCB)
1996-03-01;IPCA Mensal;Inflação;0.35;% ao Mês;Banco Central do Brasil (BCB)
1996-04-01;IPCA Mensal;Inflação;1.26;% ao Mês;Banco Central do Brasil (BCB)
1996-05-01;IPCA Mensal;Inflação;1.22;% ao Mês;Banco Central do Brasil (BCB)
1996-06-01;IPCA Mensal;Inflação;1.19;% ao Mês;Banco Central do Brasil (BCB)
1996-07-01;IPCA Mensal;Inflação;1.11;% ao Mês;Banco Central do Brasil (BCB)
1996-08-01;IPCA Mensal;Inflação;0.44;% ao Mês;Banco Central do Brasil (BCB)
1996-09-01;IPCA Mensal;Inflação;0.15;% ao Mês;Banco Central do Brasil (BCB)
1996-10-01;IPCA Mensal;Inflação;0.30;% ao Mês;Banco Central do Brasil (BCB)
1996-11-01;IPCA Mensal;Inflação;0.32;% ao Mês;Banco Central do Brasil (BCB)
1996-12-01;IPCA Mensal;Inflação;0.47;% ao Mês;Banco Central do Brasil (BCB)
1997-01-01;IPCA Mensal;Inflação;1.18;% ao Mês;Banco Central do Brasil (BCB)
1997-02-01;IPCA Mensal;Inflação;0.50;% ao Mês;Banco Central do Brasil (BCB)
1997-03-01;IPCA Mensal;Inflação;0.51;% ao Mês;Banco Central do Brasil (BCB)
1997-04-01;IPCA Mensal;Inflação;0.88;% ao Mês;Banco Central do Brasil (BCB)
1997-05-01;IPCA Mensal;Inflação;0.41;% ao Mês;Banco Central do Brasil (BCB)
1997-06-01;IPCA Mensal;Inflação;0.54;% ao Mês;Banco Central do Brasil (BCB)
1997-07-01;IPCA Mensal;Inflação;0.22;% ao Mês;Banco Central do Brasil (BCB)
1997-08-01;IPCA Mensal;Inflação;-0.02;% ao Mês;Banco Central do Brasil (BCB)
1997-09-01;IPCA Mensal;Inflação;0.06;% ao Mês;Banco Central do Brasil (BCB)
1997-10-01;IPCA Mensal;Inflação;0.23;% ao Mês;Banco Central do Brasil (BCB)
1997-11-01;IPCA Mensal;Inflação;0.17;% ao Mês;Banco Central do Brasil (BCB)
1997-12-01;IPCA Mensal;Inflação;0.43;% ao Mês;Banco Central do Brasil (BCB)
1998-01-01;IPCA Mensal;Inflação;0.71;% ao Mês;Banco Central do Brasil (BCB)
1998-02-01;IPCA Mensal;Inflação;0.46;% ao Mês;Banco Central do Brasil (BCB)
1998-03-01;IPCA Mensal;Inflação;0.34;% ao Mês;Banco Central do Brasil (BCB)
1998-04-01;IPCA Mensal;Inflação;0.24;% ao Mês;Banco Central do Brasil (BCB)
1998-05-01;IPCA Mensal;Inflação;0.50;% ao Mês;Banco Central do Brasil (BCB)
1998-06-01;IPCA Mensal;Inflação;0.02;% ao Mês;Banco Central do Brasil (BCB)
1998-07-01;IPCA Mensal;Inflação;-0.12;% ao Mês;Banco Central do Brasil (BCB)
1998-08-01;IPCA Mensal;Inflação;-0.51;% ao Mês;Banco Central do Brasil (BCB)
1998-09-01;IPCA Mensal;Inflação;-0.22;% ao Mês;Banco Central do Brasil (BCB)
1998-10-01;IPCA Mensal;Inflação;0.02;% ao Mês;Banco Central do Brasil (BCB)
1998-11-01;IPCA Mensal;Inflação;-0.12;% ao Mês;Banco Central do Brasil (BCB)
1998-12-01;IPCA Mensal;Inflação;0.33;% ao Mês;Banco Central do Brasil (BCB)
1999-01-01;IPCA Mensal;Inflação;0.70;% ao Mês;Banco Central do Brasil (BCB)
1999-02-01;IPCA Mensal;Inflação;1.05;% ao Mês;Banco Central do Brasil (BCB)
1999-03-01;IPCA Mensal;Inflação;1.10;% ao Mês;Banco Central do Brasil (BCB)
1999-04-01;IPCA Mensal;Inflação;0.56;% ao Mês;Banco Central do Brasil (BCB)
1999-05-01;IPCA Mensal;Inflação;0.30;% ao Mês;Banco Central do Brasil (BCB)
1999-06-01;IPCA Mensal;Inflação;0.19;% ao Mês;Banco Central do Brasil (BCB)
1999-07-01;IPCA Mensal;Inflação;1.09;% ao Mês;Banco Central do Brasil (BCB)
1999-08-01;IPCA Mensal;Inflação;0.56;% ao Mês;Banco Central do Brasil (BCB)
1999-09-01;IPCA Mensal;Inflação;0.31;% ao Mês;Banco Central do Brasil (BCB)
1999-10-01;IPCA Mensal;Inflação;1.19;% ao Mês;Banco Central do Brasil (BCB)
1999-11-01;IPCA Mensal;Inflação;0.95;% ao Mês;Banco Central do Brasil (BCB)
1999-12-01;IPCA Mensal;Inflação;0.60;% ao Mês;Banco Central do Brasil (BCB)
2000-01-01;IPCA Mensal;Inflação;0.62;% ao Mês;Banco Central do Brasil (BCB)
2000-02-01;IPCA Mensal;Inflação;0.13;% ao Mês;Banco Central do Brasil (BCB)
2000-03-01;IPCA Mensal;Inflação;0.22;% ao Mês;Banco Central do Brasil (BCB)
2000-04-01;IPCA Mensal;Inflação;0.42;% ao Mês;Banco Central do Brasil (BCB)
2000-05-01;IPCA Mensal;Inflação;0.01;% ao Mês;Banco Central do Brasil (BCB)
2000-06-01;IPCA Mensal;Inflação;0.23;% ao Mês;Banco Central do Brasil (BCB)
2000-07-01;IPCA Mensal;Inflação;1.61;% ao Mês;Banco Central do Brasil (BCB)
2000-08-01;IPCA Mensal;Inflação;1.31;% ao Mês;Banco Central do Brasil (BCB)
2000-09-01;IPCA Mensal;Inflação;0.23;% ao Mês;Banco Central do Brasil (BCB)
2000-10-01;IPCA Mensal;Inflação;0.14;% ao Mês;Banco Central do Brasil (BCB)
2000-11-01;IPCA Mensal;Inflação;0.32;% ao Mês;Banco Central do Brasil (BCB)
2000-12-01;IPCA Mensal;Inflação;0.59;% ao Mês;Banco Central do Brasil (BCB)
2001-01-01;IPCA Mensal;Inflação;0.57;% ao Mês;Banco Central do Brasil (BCB)
2001-02-01;IPCA Mensal;Inflação;0.46;% ao Mês;Banco Central do Brasil (BCB)
2001-03-01;IPCA Mensal;Inflação;0.38;% ao Mês;Banco Central do Brasil (BCB)
2001-04-01;IPCA Mensal;Inflação;0.58;% ao Mês;Banco Central do Brasil (BCB)
2001-05-01;IPCA Mensal;Inflação;0.41;% ao Mês;Banco Central do Brasil (BCB)
2001-06-01;IPCA Mensal;Inflação;0.52;% ao Mês;Banco Central do Brasil (BCB)
2001-07-01;IPCA Mensal;Inflação;1.33;% ao Mês;Banco Central do Brasil (BCB)
2001-08-01;IPCA Mensal;Inflação;0.70;% ao Mês;Banco Central do Brasil (BCB)
2001-09-01;IPCA Mensal;Inflação;0.28;% ao Mês;Banco Central do Brasil (BCB)
2001-10-01;IPCA Mensal;Inflação;0.83;% ao Mês;Banco Central do Brasil (BCB)
2001-11-01;IPCA Mensal;Inflação;0.71;% ao Mês;Banco Central do Brasil (BCB)
2001-12-01;IPCA Mensal;Inflação;0.65;% ao Mês;Banco Central do Brasil (BCB)
2002-01-01;IPCA Mensal;Inflação;0.52;% ao Mês;Banco Central do Brasil (BCB)
2002-02-01;IPCA Mensal;Inflação;0.36;% ao Mês;Banco Central do Brasil (BCB)
2002-03-01;IPCA Mensal;Inflação;0.60;% ao Mês;Banco Central do Brasil (BCB)
2002-04-01;IPCA Mensal;Inflação;0.80;% ao Mês;Banco Central do Brasil (BCB)
2002-05-01;IPCA Mensal;Inflação;0.21;% ao Mês;Banco Central do Brasil (BCB)
2002-06-01;IPCA Mensal;Inflação;0.42;% ao Mês;Banco Central do Brasil (BCB)
2002-07-01;IPCA Mensal;Inflação;1.19;% ao Mês;Banco Central do Brasil (BCB)
2002-08-01;IPCA Mensal;Inflação;0.65;% ao Mês;Banco Central do Brasil (BCB)
2002-09-01;IPCA Mensal;Inflação;0.72;% ao Mês;Banco Central do Brasil (BCB)
2002-10-01;IPCA Mensal;Inflação;1.31;% ao Mês;Banco Central do Brasil (BCB)
2002-11-01;IPCA Mensal;Inflação;3.02;% ao Mês;Banco Central do Brasil (BCB)
2002-12-01;IPCA Mensal;Inflação;2.10;% ao Mês;Banco Central do Brasil (BCB)
2003-01-01;IPCA Mensal;Inflação;2.25;% ao Mês;Banco Central do Brasil (BCB)
2003-02-01;IPCA Mensal;Inflação;1.57;% ao Mês;Banco Central do Brasil (BCB)
2003-03-01;IPCA Mensal;Inflação;1.23;% ao Mês;Banco Central do Brasil (BCB)
2003-04-01;IPCA Mensal;Inflação;0.97;% ao Mês;Banco Central do Brasil (BCB)
2003-05-01;IPCA Mensal;Inflação;0.61;% ao Mês;Banco Central do Brasil (BCB)
2003-06-01;IPCA Mensal;Inflação;-0.15;% ao Mês;Banco Central do Brasil (BCB)
2003-07-01;IPCA Mensal;Inflação;0.20;% ao Mês;Banco Central do Brasil (BCB)
2003-08-01;IPCA Mensal;Inflação;0.34;% ao Mês;Banco Central do Brasil (BCB)
2003-09-01;IPCA Mensal;Inflação;0.78;% ao Mês;Banco Central do Brasil (BCB)
2003-10-01;IPCA Mensal;Inflação;0.29;% ao Mês;Banco Central do Brasil (BCB)
2003-11-01;IPCA Mensal;Inflação;0.34;% ao Mês;Banco Central do Brasil (BCB)
2003-12-01;IPCA Mensal;Inflação;0.52;% ao Mês;Banco Central do Brasil (BCB)
2004-01-01;IPCA Mensal;Inflação;0.76;% ao Mês;Banco Central do Brasil (BCB)
2004-02-01;IPCA Mensal;Inflação;0.61;% ao Mês;Banco Central do Brasil (BCB)
2004-03-01;IPCA Mensal;Inflação;0.47;% ao Mês;Banco Central do Brasil (BCB)
2004-04-01;IPCA Mensal;Inflação;0.37;% ao Mês;Banco Central do Brasil (BCB)
2004-05-01;IPCA Mensal;Inflação;0.51;% ao Mês;Banco Central do Brasil (BCB)
2004-06-01;IPCA Mensal;Inflação;0.71;% ao Mês;Banco Central do Brasil (BCB)
2004-07-01;IPCA Mensal;Inflação;0.91;% ao Mês;Banco Central do Brasil (BCB)
2004-08-01;IPCA Mensal;Inflação;0.69;% ao Mês;Banco Central do Brasil (BCB)
2004-09-01;IPCA Mensal;Inflação;0.33;% ao Mês;Banco Central do Brasil (BCB)
2004-10-01;IPCA Mensal;Inflação;0.44;% ao Mês;Banco Central do Brasil (BCB)
2004-11-01;IPCA Mensal;Inflação;0.69;% ao Mês;Banco Central do Brasil (BCB)
2004-12-01;IPCA Mensal;Inflação;0.86;% ao Mês;Banco Central do Brasil (BCB)
2005-01-01;IPCA Mensal;Inflação;0.58;% ao Mês;Banco Central do Brasil (BCB)
2005-02-01;IPCA Mensal;Inflação;0.59;% ao Mês;Banco Central do Brasil (BCB)
2005-03-01;IPCA Mensal;Inflação;0.61;% ao Mês;Banco Central do Brasil (BCB)
2005-04-01;IPCA Mensal;Inflação;0.87;% ao Mês;Banco Central do Brasil (BCB)
2005-05-01;IPCA Mensal;Inflação;0.49;% ao Mês;Banco Central do Brasil (BCB)
2005-06-01;IPCA Mensal;Inflação;-0.02;% ao Mês;Banco Central do Brasil (BCB)
2005-07-01;IPCA Mensal;Inflação;0.25;% ao Mês;Banco Central do Brasil (BCB)
2005-08-01;IPCA Mensal;Inflação;0.17;% ao Mês;Banco Central do Brasil (BCB)
2005-09-01;IPCA Mensal;Inflação;0.35;% ao Mês;Banco Central do Brasil (BCB)
2005-10-01;IPCA Mensal;Inflação;0.75;% ao Mês;Banco Central do Brasil (BCB)
2005-11-01;IPCA Mensal;Inflação;0.55;% ao Mês;Banco Central do Brasil (BCB)
2005-12-01;IPCA Mensal;Inflação;0.36;% ao Mês;Banco Central do Brasil (BCB)
2006-01-01;IPCA Mensal;Inflação;0.59;% ao Mês;Banco Central do Brasil (BCB)
2006-02-01;IPCA Mensal;Inflação;0.41;% ao Mês;Banco Central do Brasil (BCB)
2006-03-01;IPCA Mensal;Inflação;0.43;% ao Mês;Banco Central do Brasil (BCB)
2006-04-01;IPCA Mensal;Inflação;0.21;% ao Mês;Banco Central do Brasil (BCB)
2006-05-01;IPCA Mensal;Inflação;0.10;% ao Mês;Banco Central do Brasil (BCB)
2006-06-01;IPCA Mensal;Inflação;-0.21;% ao Mês;Banco Central do Brasil (BCB)
2006-07-01;IPCA Mensal;Inflação;0.19;% ao Mês;Banco Central do Brasil (BCB)
2006-08-01;IPCA Mensal;Inflação;0.05;% ao Mês;Banco Central do Brasil (BCB)
2006-09-01;IPCA Mensal;Inflação;0.21;% ao Mês;Banco Central do Brasil (BCB)
2006-10-01;IPCA Mensal;Inflação;0.33;% ao Mês;Banco Central do Brasil (BCB)
2006-11-01;IPCA Mensal;Inflação;0.31;% ao Mês;Banco Central do Brasil (BCB)
2006-12-01;IPCA Mensal;Inflação;0.48;% ao Mês;Banco Central do Brasil (BCB)
2007-01-01;IPCA Mensal;Inflação;0.44;% ao Mês;Banco Central do Brasil (BCB)
2007-02-01;IPCA Mensal;Inflação;0.44;% ao Mês;Banco Central do Brasil (BCB)
2007-03-01;IPCA Mensal;Inflação;0.37;% ao Mês;Banco Central do Brasil (BCB)
2007-04-01;IPCA Mensal;Inflação;0.25;% ao Mês;Banco Central do Brasil (BCB)
2007-05-01;IPCA Mensal;Inflação;0.28;% ao Mês;Banco Central do Brasil (BCB)
2007-06-01;IPCA Mensal;Inflação;0.28;% ao Mês;Banco Central do Brasil (BCB)
2007-07-01;IPCA Mensal;Inflação;0.24;% ao Mês;Banco Central do Brasil (BCB)
2007-08-01;IPCA Mensal;Inflação;0.47;% ao Mês;Banco Central do Brasil (BCB)
2007-09-01;IPCA Mensal;Inflação;0.18;% ao Mês;Banco Central do Brasil (BCB)
2007-10-01;IPCA Mensal;Inflação;0.30;% ao Mês;Banco Central do Brasil (BCB)
2007-11-01;IPCA Mensal;Inflação;0.38;% ao Mês;Banco Central do Brasil (BCB)
2007-12-01;IPCA Mensal;Inflação;0.74;% ao Mês;Banco Central do Brasil (BCB)
2008-01-01;IPCA Mensal;Inflação;0.54;% ao Mês;Banco Central do Brasil (BCB)
2008-02-01;IPCA Mensal;Inflação;0.49;% ao Mês;Banco Central do Brasil (BCB)
2008-03-01;IPCA Mensal;Inflação;0.48;% ao Mês;Banco Central do Brasil (BCB)
2008-04-01;IPCA Mensal;Inflação;0.55;% ao Mês;Banco Central do Brasil (BCB)
2008-05-01;IPCA Mensal;Inflação;0.79;% ao Mês;Banco Central do Brasil (BCB)
2008-06-01;IPCA Mensal;Inflação;0.74;% ao Mês;Banco Central do Brasil (BCB)
2008-07-01;IPCA Mensal;Inflação;0.53;% ao Mês;Banco Central do Brasil (BCB)
2008-08-01;IPCA Mensal;Inflação;0.28;% ao Mês;Banco Central do Brasil (BCB)
2008-09-01;IPCA Mensal;Inflação;0.26;% ao Mês;Banco Central do Brasil (BCB)
2008-10-01;IPCA Mensal;Inflação;0.45;% ao Mês;Banco Central do Brasil (BCB)
2008-11-01;IPCA Mensal;Inflação;0.36;% ao Mês;Banco Central do Brasil (BCB)
2008-12-01;IPCA Mensal;Inflação;0.28;% ao Mês;Banco Central do Brasil (BCB)
2009-01-01;IPCA Mensal;Inflação;0.48;% ao Mês;Banco Central do Brasil (BCB)
2009-02-01;IPCA Mensal;Inflação;0.55;% ao Mês;Banco Central do Brasil (BCB)
2009-03-01;IPCA Mensal;Inflação;0.20;% ao Mês;Banco Central do Brasil (BCB)
2009-04-01;IPCA Mensal;Inflação;0.48;% ao Mês;Banco Central do Brasil (BCB)
2009-05-01;IPCA Mensal;Inflação;0.47;% ao Mês;Banco Central do Brasil (BCB)
2009-06-01;IPCA Mensal;Inflação;0.36;% ao Mês;Banco Central do Brasil (BCB)
2009-07-01;IPCA Mensal;Inflação;0.24;% ao Mês;Banco Central do Brasil (BCB)
2009-08-01;IPCA Mensal;Inflação;0.15;% ao Mês;Banco Central do Brasil (BCB)
2009-09-01;IPCA Mensal;Inflação;0.24;% ao Mês;Banco Central do Brasil (BCB)
2009-10-01;IPCA Mensal;Inflação;0.28;% ao Mês;Banco Central do Brasil (BCB)
2009-11-01;IPCA Mensal;Inflação;0.41;% ao Mês;Banco Central do Brasil (BCB)
2009-12-01;IPCA Mensal;Inflação;0.37;% ao Mês;Banco Central do Brasil (BCB)
2010-01-01;IPCA Mensal;Inflação;0.75;% ao Mês;Banco Central do Brasil (BCB)
2010-02-01;IPCA Mensal;Inflação;0.78;% ao Mês;Banco Central do Brasil (BCB)
2010-03-01;IPCA Mensal;Inflação;0.52;% ao Mês;Banco Central do Brasil (BCB)
2010-04-01;IPCA Mensal;Inflação;0.57;% ao Mês;Banco Central do Brasil (BCB)
2010-05-01;IPCA Mensal;Inflação;0.43;% ao Mês;Banco Central do Brasil (BCB)
2010-06-01;IPCA Mensal;Inflação;0.00;% ao Mês;Banco Central do Brasil (BCB)
2010-07-01;IPCA Mensal;Inflação;0.01;% ao Mês;Banco Central do Brasil (BCB)
2010-08-01;IPCA Mensal;Inflação;0.04;% ao Mês;Banco Central do Brasil (BCB)
2010-09-01;IPCA Mensal;Inflação;0.45;% ao Mês;Banco Central do Brasil (BCB)
2010-10-01;IPCA Mensal;Inflação;0.75;% ao Mês;Banco Central do Brasil (BCB)
2010-11-01;IPCA Mensal;Inflação;0.83;% ao Mês;Banco Central do Brasil (BCB)
2010-12-01;IPCA Mensal;Inflação;0.63;% ao Mês;Banco Central do Brasil (BCB)
2011-01-01;IPCA Mensal;Inflação;0.83;% ao Mês;Banco Central do Brasil (BCB)
2011-02-01;IPCA Mensal;Inflação;0.80;% ao Mês;Banco Central do Brasil (BCB)
2011-03-01;IPCA Mensal;Inflação;0.79;% ao Mês;Banco Central do Brasil (BCB)
2011-04-01;IPCA Mensal;Inflação;0.77;% ao Mês;Banco Central do Brasil (BCB)
2011-05-01;IPCA Mensal;Inflação;0.47;% ao Mês;Banco Central do Brasil (BCB)
2011-06-01;IPCA Mensal;Inflação;0.15;% ao Mês;Banco Central do Brasil (BCB)
2011-07-01;IPCA Mensal;Inflação;0.16;% ao Mês;Banco Central do Brasil (BCB)
2011-08-01;IPCA Mensal;Inflação;0.37;% ao Mês;Banco Central do Brasil (BCB)
2011-09-01;IPCA Mensal;Inflação;0.53;% ao Mês;Banco Central do Brasil (BCB)
2011-10-01;IPCA Mensal;Inflação;0.43;% ao Mês;Banco Central do Brasil (BCB)
2011-11-01;IPCA Mensal;Inflação;0.52;% ao Mês;Banco Central do Brasil (BCB)
2011-12-01;IPCA Mensal;Inflação;0.50;% ao Mês;Banco Central do Brasil (BCB)
2012-01-01;IPCA Mensal;Inflação;0.56;% ao Mês;Banco Central do Brasil (BCB)
2012-02-01;IPCA Mensal;Inflação;0.45;% ao Mês;Banco Central do Brasil (BCB)
2012-03-01;IPCA Mensal;Inflação;0.21;% ao Mês;Banco Central do Brasil (BCB)
2012-04-01;IPCA Mensal;Inflação;0.64;% ao Mês;Banco Central do Brasil (BCB)
2012-05-01;IPCA Mensal;Inflação;0.36;% ao Mês;Banco Central do Brasil (BCB)
2012-06-01;IPCA Mensal;Inflação;0.08;% ao Mês;Banco Central do Brasil (BCB)
2012-07-01;IPCA Mensal;Inflação;0.43;% ao Mês;Banco Central do Brasil (BCB)
2012-08-01;IPCA Mensal;Inflação;0.41;% ao Mês;Banco Central do Brasil (BCB)
2012-09-01;IPCA Mensal;Inflação;0.57;% ao Mês;Banco Central do Brasil (BCB)
2012-10-01;IPCA Mensal;Inflação;0.59;% ao Mês;Banco Central do Brasil (BCB)
2012-11-01;IPCA Mensal;Inflação;0.60;% ao Mês;Banco Central do Brasil (BCB)
2012-12-01;IPCA Mensal;Inflação;0.79;% ao Mês;Banco Central do Brasil (BCB)
2013-01-01;IPCA Mensal;Inflação;0.86;% ao Mês;Banco Central do Brasil (BCB)
2013-02-01;IPCA Mensal;Inflação;0.60;% ao Mês;Banco Central do Brasil (BCB)
2013-03-01;IPCA Mensal;Inflação;0.47;% ao Mês;Banco Central do Brasil (BCB)
2013-04-01;IPCA Mensal;Inflação;0.55;% ao Mês;Banco Central do Brasil (BCB)
2013-05-01;IPCA Mensal;Inflação;0.37;% ao Mês;Banco Central do Brasil (BCB)
2013-06-01;IPCA Mensal;Inflação;0.26;% ao Mês;Banco Central do Brasil (BCB)
2013-07-01;IPCA Mensal;Inflação;0.03;% ao Mês;Banco Central do Brasil (BCB)
2013-08-01;IPCA Mensal;Inflação;0.24;% ao Mês;Banco Central do Brasil (BCB)
2013-09-01;IPCA Mensal;Inflação;0.35;% ao Mês;Banco Central do Brasil (BCB)
2013-10-01;IPCA Mensal;Inflação;0.57;% ao Mês;Banco Central do Brasil (BCB)
2013-11-01;IPCA Mensal;Inflação;0.54;% ao Mês;Banco Central do Brasil (BCB)
2013-12-01;IPCA Mensal;Inflação;0.92;% ao Mês;Banco Central do Brasil (BCB)
2014-01-01;IPCA Mensal;Inflação;0.55;% ao Mês;Banco Central do Brasil (BCB)
2014-02-01;IPCA Mensal;Inflação;0.69;% ao Mês;Banco Central do Brasil (BCB)
2014-03-01;IPCA Mensal;Inflação;0.92;% ao Mês;Banco Central do Brasil (BCB)
2014-04-01;IPCA Mensal;Inflação;0.67;% ao Mês;Banco Central do Brasil (BCB)
2014-05-01;IPCA Mensal;Inflação;0.46;% ao Mês;Banco Central do Brasil (BCB)
2014-06-01;IPCA Mensal;Inflação;0.40;% ao Mês;Banco Central do Brasil (BCB)
2014-07-01;IPCA Mensal;Inflação;0.01;% ao Mês;Banco Central do Brasil (BCB)
2014-08-01;IPCA Mensal;Inflação;0.25;% ao Mês;Banco Central do Brasil (BCB)
2014-09-01;IPCA Mensal;Inflação;0.57;% ao Mês;Banco Central do Brasil (BCB)
2014-10-01;IPCA Mensal;Inflação;0.42;% ao Mês;Banco Central do Brasil (BCB)
2014-11-01;IPCA Mensal;Inflação;0.51;% ao Mês;Banco Central do Brasil (BCB)
2014-12-01;IPCA Mensal;Inflação;0.78;% ao Mês;Banco Central do Brasil (BCB)
2015-01-01;IPCA Mensal;Inflação;1.24;% ao Mês;Banco Central do Brasil (BCB)
2015-02-01;IPCA Mensal;Inflação;1.22;% ao Mês;Banco Central do Brasil (BCB)
2015-03-01;IPCA Mensal;Inflação;1.32;% ao Mês;Banco Central do Brasil (BCB)
2015-04-01;IPCA Mensal;Inflação;0.71;% ao Mês;Banco Central do Brasil (BCB)
2015-05-01;IPCA Mensal;Inflação;0.74;% ao Mês;Banco Central do Brasil (BCB)
2015-06-01;IPCA Mensal;Inflação;0.79;% ao Mês;Banco Central do Brasil (BCB)
2015-07-01;IPCA Mensal;Inflação;0.62;% ao Mês;Banco Central do Brasil (BCB)
2015-08-01;IPCA Mensal;Inflação;0.22;% ao Mês;Banco Central do Brasil (BCB)
2015-09-01;IPCA Mensal;Inflação;0.54;% ao Mês;Banco Central do Brasil (BCB)
2015-10-01;IPCA Mensal;Inflação;0.82;% ao Mês;Banco Central do Brasil (BCB)
2015-11-01;IPCA Mensal;Inflação;1.01;% ao Mês;Banco Central do Brasil (BCB)
2015-12-01;IPCA Mensal;Inflação;0.96;% ao Mês;Banco Central do Brasil (BCB)
2016-01-01;IPCA Mensal;Inflação;1.27;% ao Mês;Banco Central do Brasil (BCB)
2016-02-01;IPCA Mensal;Inflação;0.90;% ao Mês;Banco Central do Brasil (BCB)
2016-03-01;IPCA Mensal;Inflação;0.43;% ao Mês;Banco Central do Brasil (BCB)
2016-04-01;IPCA Mensal;Inflação;0.61;% ao Mês;Banco Central do Brasil (BCB)
2016-05-01;IPCA Mensal;Inflação;0.78;% ao Mês;Banco Central do Brasil (BCB)
2016-06-01;IPCA Mensal;Inflação;0.35;% ao Mês;Banco Central do Brasil (BCB)
2016-07-01;IPCA Mensal;Inflação;0.52;% ao Mês;Banco Central do Brasil (BCB)
2016-08-01;IPCA Mensal;Inflação;0.44;% ao Mês;Banco Central do Brasil (BCB)
2016-09-01;IPCA Mensal;Inflação;0.08;% ao Mês;Banco Central do Brasil (BCB)
2016-10-01;IPCA Mensal;Inflação;0.26;% ao Mês;Banco Central do Brasil (BCB)
2016-11-01;IPCA Mensal;Inflação;0.18;% ao Mês;Banco Central do Brasil (BCB)
2016-12-01;IPCA Mensal;Inflação;0.30;% ao Mês;Banco Central do Brasil (BCB)
2017-01-01;IPCA Mensal;Inflação;0.38;% ao Mês;Banco Central do Brasil (BCB)
2017-02-01;IPCA Mensal;Inflação;0.33;% ao Mês;Banco Central do Brasil (BCB)
2017-03-01;IPCA Mensal;Inflação;0.25;% ao Mês;Banco Central do Brasil (BCB)
2017-04-01;IPCA Mensal;Inflação;0.14;% ao Mês;Banco Central do Brasil (BCB)
2017-05-01;IPCA Mensal;Inflação;0.31;% ao Mês;Banco Central do Brasil (BCB)
2017-06-01;IPCA Mensal;Inflação;-0.23;% ao Mês;Banco Central do Brasil (BCB)
2017-07-01;IPCA Mensal;Inflação;0.24;% ao Mês;Banco Central do Brasil (BCB)
2017-08-01;IPCA Mensal;Inflação;0.19;% ao Mês;Banco Central do Brasil (BCB)
2017-09-01;IPCA Mensal;Inflação;0.16;% ao Mês;Banco Central do Brasil (BCB)
2017-10-01;IPCA Mensal;Inflação;0.42;% ao Mês;Banco Central do Brasil (BCB)
2017-11-01;IPCA Mensal;Inflação;0.28;% ao Mês;Banco Central do Brasil (BCB)
2017-12-01;IPCA Mensal;Inflação;0.44;% ao Mês;Banco Central do Brasil (BCB)
2018-01-01;IPCA Mensal;Inflação;0.29;% ao Mês;Banco Central do Brasil (BCB)
2018-02-01;IPCA Mensal;Inflação;0.32;% ao Mês;Banco Central do Brasil (BCB)
2018-03-01;IPCA Mensal;Inflação;0.09;% ao Mês;Banco Central do Brasil (BCB)
2018-04-01;IPCA Mensal;Inflação;0.22;% ao Mês;Banco Central do Brasil (BCB)
2018-05-01;IPCA Mensal;Inflação;0.40;% ao Mês;Banco Central do Brasil (BCB)
2018-06-01;IPCA Mensal;Inflação;1.26;% ao Mês;Banco Central do Brasil (BCB)
2018-07-01;IPCA Mensal;Inflação;0.33;% ao Mês;Banco Central do Brasil (BCB)
2018-08-01;IPCA Mensal;Inflação;-0.09;% ao Mês;Banco Central do Brasil (BCB)
2018-09-01;IPCA Mensal;Inflação;0.48;% ao Mês;Banco Central do Brasil (BCB)
2018-10-01;IPCA Mensal;Inflação;0.45;% ao Mês;Banco Central do Brasil (BCB)
2018-11-01;IPCA Mensal;Inflação;-0.21;% ao Mês;Banco Central do Brasil (BCB)
2018-12-01;IPCA Mensal;Inflação;0.15;% ao Mês;Banco Central do Brasil (BCB)
2019-01-01;IPCA Mensal;Inflação;0.32;% ao Mês;Banco Central do Brasil (BCB)
2019-02-01;IPCA Mensal;Inflação;0.43;% ao Mês;Banco Central do Brasil (BCB)
2019-03-01;IPCA Mensal;Inflação;0.75;% ao Mês;Banco Central do Brasil (BCB)
2019-04-01;IPCA Mensal;Inflação;0.57;% ao Mês;Banco Central do Brasil (BCB)
2019-05-01;IPCA Mensal;Inflação;0.13;% ao Mês;Banco Central do Brasil (BCB)
2019-06-01;IPCA Mensal;Inflação;0.01;% ao Mês;Banco Central do Brasil (BCB)
2019-07-01;IPCA Mensal;Inflação;0.19;% ao Mês;Banco Central do Brasil (BCB)
2019-08-01;IPCA Mensal;Inflação;0.11;% ao Mês;Banco Central do Brasil (BCB)
2019-09-01;IPCA Mensal;Inflação;-0.04;% ao Mês;Banco Central do Brasil (BCB)
2019-10-01;IPCA Mensal;Inflação;0.10;% ao Mês;Banco Central do Brasil (BCB)
2019-11-01;IPCA Mensal;Inflação;0.51;% ao Mês;Banco Central do Brasil (BCB)
2019-12-01;IPCA Mensal;Inflação;1.15;% ao Mês;Banco Central do Brasil (BCB)
2020-01-01;IPCA Mensal;Inflação;0.21;% ao Mês;Banco Central do Brasil (BCB)
2020-02-01;IPCA Mensal;Inflação;0.25;% ao Mês;Banco Central do Brasil (BCB)
2020-03-01;IPCA Mensal;Inflação;0.07;% ao Mês;Banco Central do Brasil (BCB)
2020-04-01;IPCA Mensal;Inflação;-0.31;% ao Mês;Banco Central do Brasil (BCB)
2020-05-01;IPCA Mensal;Inflação;-0.38;% ao Mês;Banco Central do Brasil (BCB)
2020-06-01;IPCA Mensal;Inflação;0.26;% ao Mês;Banco Central do Brasil (BCB)
2020-07-01;IPCA Mensal;Inflação;0.36;% ao Mês;Banco Central do Brasil (BCB)
2020-08-01;IPCA Mensal;Inflação;0.24;% ao Mês;Banco Central do Brasil (BCB)
2020-09-01;IPCA Mensal;Inflação;0.64;% ao Mês;Banco Central do Brasil (BCB)
2020-10-01;IPCA Mensal;Inflação;0.86;% ao Mês;Banco Central do Brasil (BCB)
2020-11-01;IPCA Mensal;Inflação;0.89;% ao Mês;Banco Central do Brasil (BCB)
2020-12-01;IPCA Mensal;Inflação;1.35;% ao Mês;Banco Central do Brasil (BCB)
2021-01-01;IPCA Mensal;Inflação;0.25;% ao Mês;Banco Central do Brasil (BCB)
2021-02-01;IPCA Mensal;Inflação;0.86;% ao Mês;Banco Central do Brasil (BCB)
2021-03-01;IPCA Mensal;Inflação;0.93;% ao Mês;Banco Central do Brasil (BCB)
2021-04-01;IPCA Mensal;Inflação;0.31;% ao Mês;Banco Central do Brasil (BCB)
2021-05-01;IPCA Mensal;Inflação;0.83;% ao Mês;Banco Central do Brasil (BCB)
2021-06-01;IPCA Mensal;Inflação;0.53;% ao Mês;Banco Central do Brasil (BCB)
2021-07-01;IPCA Mensal;Inflação;0.96;% ao Mês;Banco Central do Brasil (BCB)
2021-08-01;IPCA Mensal;Inflação;0.87;% ao Mês;Banco Central do Brasil (BCB)
2021-09-01;IPCA Mensal;Inflação;1.16;% ao Mês;Banco Central do Brasil (BCB)
2021-10-01;IPCA Mensal;Inflação;1.25;% ao Mês;Banco Central do Brasil (BCB)
2021-11-01;IPCA Mensal;Inflação;0.95;% ao Mês;Banco Central do Brasil (BCB)
2021-12-01;IPCA Mensal;Inflação;0.73;% ao Mês;Banco Central do Brasil (BCB)
2022-01-01;IPCA Mensal;Inflação;0.54;% ao Mês;Banco Central do Brasil (BCB)
2022-02-01;IPCA Mensal;Inflação;1.01;% ao Mês;Banco Central do Brasil (BCB)
2022-03-01;IPCA Mensal;Inflação;1.62;% ao Mês;Banco Central do Brasil (BCB)
2022-04-01;IPCA Mensal;Inflação;1.06;% ao Mês;Banco Central do Brasil (BCB)
2022-05-01;IPCA Mensal;Inflação;0.47;% ao Mês;Banco Central do Brasil (BCB)
2022-06-01;IPCA Mensal;Inflação;0.67;% ao Mês;Banco Central do Brasil (BCB)
2022-07-01;IPCA Mensal;Inflação;-0.68;% ao Mês;Banco Central do Brasil (BCB)
2022-08-01;IPCA Mensal;Inflação;-0.36;% ao Mês;Banco Central do Brasil (BCB)
2022-09-01;IPCA Mensal;Inflação;-0.29;% ao Mês;Banco Central do Brasil (BCB)
2022-10-01;IPCA Mensal;Inflação;0.59;% ao Mês;Banco Central do Brasil (BCB)
2022-11-01;IPCA Mensal;Inflação;0.41;% ao Mês;Banco Central do Brasil (BCB)
2022-12-01;IPCA Mensal;Inflação;0.62;% ao Mês;Banco Central do Brasil (BCB)
2023-01-01;IPCA Mensal;Inflação;0.53;% ao Mês;Banco Central do Brasil (BCB)
2023-02-01;IPCA Mensal;Inflação;0.84;% ao Mês;Banco Central do Brasil (BCB)
2023-03-01;IPCA Mensal;Inflação;0.71;% ao Mês;Banco Central do Brasil (BCB)
2023-04-01;IPCA Mensal;Inflação;0.61;% ao Mês;Banco Central do Brasil (BCB)
2023-05-01;IPCA Mensal;Inflação;0.23;% ao Mês;Banco Central do Brasil (BCB)
2023-06-01;IPCA Mensal;Inflação;-0.08;% ao Mês;Banco Central do Brasil (BCB)
2023-07-01;IPCA Mensal;Inflação;0.12;% ao Mês;Banco Central do Brasil (BCB)
2023-08-01;IPCA Mensal;Inflação;0.23;% ao Mês;Banco Central do Brasil (BCB)
2023-09-01;IPCA Mensal;Inflação;0.26;% ao Mês;Banco Central do Brasil (BCB)
2023-10-01;IPCA Mensal;Inflação;0.24;% ao Mês;Banco Central do Brasil (BCB)
2023-11-01;IPCA Mensal;Inflação;0.28;% ao Mês;Banco Central do Brasil (BCB)
2023-12-01;IPCA Mensal;Inflação;0.56;% ao Mês;Banco Central do Brasil (BCB)
2024-01-01;IPCA Mensal;Inflação;0.42;% ao Mês;Banco Central do Brasil (BCB)
2024-02-01;IPCA Mensal;Inflação;0.83;% ao Mês;Banco Central do Brasil (BCB)
2024-03-01;IPCA Mensal;Inflação;0.16;% ao Mês;Banco Central do Brasil (BCB)
2024-04-01;IPCA Mensal;Inflação;0.38;% ao Mês;Banco Central do Brasil (BCB)
2024-05-01;IPCA Mensal;Inflação;0.46;% ao Mês;Banco Central do Brasil (BCB)
2024-06-01;IPCA Mensal;Inflação;0.21;% ao Mês;Banco Central do Brasil (BCB)
2024-07-01;IPCA Mensal;Inflação;0.38;% ao Mês;Banco Central do Brasil (BCB)
2024-08-01;IPCA Mensal;Inflação;-0.02;% ao Mês;Banco Central do Brasil (BCB)
2024-09-01;IPCA Mensal;Inflação;0.44;% ao Mês;Banco Central do Brasil (BCB)
2024-10-01;IPCA Mensal;Inflação;0.56;% ao Mês;Banco Central do Brasil (BCB)
2024-11-01;IPCA Mensal;Inflação;0.39;% ao Mês;Banco Central do Brasil (BCB)
2024-12-01;IPCA Mensal;Inflação;0.52;% ao Mês;Banco Central do Brasil (BCB)
2025-01-01;IPCA Mensal;Inflação;0.16;% ao Mês;Banco Central do Brasil (BCB)
2025-02-01;IPCA Mensal;Inflação;1.31;% ao Mês;Banco Central do Brasil (BCB)
2025-03-01;IPCA Mensal;Inflação;0.56;% ao Mês;Banco Central do Brasil (BCB)
2025-04-01;IPCA Mensal;Inflação;0.43;% ao Mês;Banco Central do Brasil (BCB)
2025-05-01;IPCA Mensal;Inflação;0.26;% ao Mês;Banco Central do Brasil (BCB)
2025-06-01;IPCA Mensal;Inflação;0.24;% ao Mês;Banco Central do Brasil (BCB)
2025-07-01;IPCA Mensal;Inflação;0.26;% ao Mês;Banco Central do Brasil (BCB)
2025-08-01;IPCA Mensal;Inflação;-0.11;% ao Mês;Banco Central do Brasil (BCB)
2025-09-01;IPCA Mensal;Inflação;0.48;% ao Mês;Banco Central do Brasil (BCB)
2011-03-01;Juros Cartão de Crédito;Dívida;2.24;% ao Ano;Banco Central do Brasil (BCB)
2011-04-01;Juros Cartão de Crédito;Dívida;2.26;% ao Ano;Banco Central do Brasil (BCB)
2011-05-01;Juros Cartão de Crédito;Dívida;2.25;% ao Ano;Banco Central do Brasil (BCB)
2011-06-01;Juros Cartão de Crédito;Dívida;2.23;% ao Ano;Banco Central do Brasil (BCB)
2011-07-01;Juros Cartão de Crédito;Dívida;2.23;% ao Ano;Banco Central do Brasil (BCB)
2011-08-01;Juros Cartão de Crédito;Dívida;2.19;% ao Ano;Banco Central do Brasil (BCB)
2011-09-01;Juros Cartão de Crédito;Dívida;2.11;% ao Ano;Banco Central do Brasil (BCB)
2011-10-01;Juros Cartão de Crédito;Dívida;2.10;% ao Ano;Banco Central do Brasil (BCB)
2011-11-01;Juros Cartão de Crédito;Dívida;2.08;% ao Ano;Banco Central do Brasil (BCB)
2011-12-01;Juros Cartão de Crédito;Dívida;2.05;% ao Ano;Banco Central do Brasil (BCB)
2012-01-01;Juros Cartão de Crédito;Dívida;2.06;% ao Ano;Banco Central do Brasil (BCB)
2012-02-01;Juros Cartão de Crédito;Dívida;2.07;% ao Ano;Banco Central do Brasil (BCB)
2012-03-01;Juros Cartão de Crédito;Dívida;2.05;% ao Ano;Banco Central do Brasil (BCB)
2012-04-01;Juros Cartão de Crédito;Dívida;2.00;% ao Ano;Banco Central do Brasil (BCB)
2012-05-01;Juros Cartão de Crédito;Dívida;1.86;% ao Ano;Banco Central do Brasil (BCB)
2012-06-01;Juros Cartão de Crédito;Dívida;1.70;% ao Ano;Banco Central do Brasil (BCB)
2012-07-01;Juros Cartão de Crédito;Dívida;1.72;% ao Ano;Banco Central do Brasil (BCB)
2012-08-01;Juros Cartão de Crédito;Dívida;1.70;% ao Ano;Banco Central do Brasil (BCB)
2012-09-01;Juros Cartão de Crédito;Dívida;1.75;% ao Ano;Banco Central do Brasil (BCB)
2012-10-01;Juros Cartão de Crédito;Dívida;1.72;% ao Ano;Banco Central do Brasil (BCB)
2012-11-01;Juros Cartão de Crédito;Dívida;1.72;% ao Ano;Banco Central do Brasil (BCB)
2012-12-01;Juros Cartão de Crédito;Dívida;1.68;% ao Ano;Banco Central do Brasil (BCB)
2013-01-01;Juros Cartão de Crédito;Dívida;1.72;% ao Ano;Banco Central do Brasil (BCB)
2013-02-01;Juros Cartão de Crédito;Dívida;1.73;% ao Ano;Banco Central do Brasil (BCB)
2013-03-01;Juros Cartão de Crédito;Dívida;1.66;% ao Ano;Banco Central do Brasil (BCB)
2013-04-01;Juros Cartão de Crédito;Dívida;1.67;% ao Ano;Banco Central do Brasil (BCB)
2013-05-01;Juros Cartão de Crédito;Dívida;1.65;% ao Ano;Banco Central do Brasil (BCB)
2013-06-01;Juros Cartão de Crédito;Dívida;1.64;% ao Ano;Banco Central do Brasil (BCB)
2013-07-01;Juros Cartão de Crédito;Dívida;1.70;% ao Ano;Banco Central do Brasil (BCB)
2013-08-01;Juros Cartão de Crédito;Dívida;1.76;% ao Ano;Banco Central do Brasil (BCB)
2013-09-01;Juros Cartão de Crédito;Dívida;1.79;% ao Ano;Banco Central do Brasil (BCB)
2013-10-01;Juros Cartão de Crédito;Dívida;1.75;% ao Ano;Banco Central do Brasil (BCB)
2013-11-01;Juros Cartão de Crédito;Dívida;1.78;% ao Ano;Banco Central do Brasil (BCB)
2013-12-01;Juros Cartão de Crédito;Dívida;1.80;% ao Ano;Banco Central do Brasil (BCB)
2014-01-01;Juros Cartão de Crédito;Dívida;1.89;% ao Ano;Banco Central do Brasil (BCB)
2014-02-01;Juros Cartão de Crédito;Dívida;1.96;% ao Ano;Banco Central do Brasil (BCB)
2014-03-01;Juros Cartão de Crédito;Dívida;1.95;% ao Ano;Banco Central do Brasil (BCB)
2014-04-01;Juros Cartão de Crédito;Dívida;1.89;% ao Ano;Banco Central do Brasil (BCB)
2014-05-01;Juros Cartão de Crédito;Dívida;1.92;% ao Ano;Banco Central do Brasil (BCB)
2014-06-01;Juros Cartão de Crédito;Dívida;1.92;% ao Ano;Banco Central do Brasil (BCB)
2014-07-01;Juros Cartão de Crédito;Dívida;1.93;% ao Ano;Banco Central do Brasil (BCB)
2014-08-01;Juros Cartão de Crédito;Dívida;1.94;% ao Ano;Banco Central do Brasil (BCB)
2014-09-01;Juros Cartão de Crédito;Dívida;1.91;% ao Ano;Banco Central do Brasil (BCB)
2014-10-01;Juros Cartão de Crédito;Dívida;1.92;% ao Ano;Banco Central do Brasil (BCB)
2014-11-01;Juros Cartão de Crédito;Dívida;1.90;% ao Ano;Banco Central do Brasil (BCB)
2014-12-01;Juros Cartão de Crédito;Dívida;1.89;% ao Ano;Banco Central do Brasil (BCB)
2015-01-01;Juros Cartão de Crédito;Dívida;1.98;% ao Ano;Banco Central do Brasil (BCB)
2015-02-01;Juros Cartão de Crédito;Dívida;2.04;% ao Ano;Banco Central do Brasil (BCB)
2015-03-01;Juros Cartão de Crédito;Dívida;2.03;% ao Ano;Banco Central do Brasil (BCB)
2015-04-01;Juros Cartão de Crédito;Dívida;2.03;% ao Ano;Banco Central do Brasil (BCB)
2015-05-01;Juros Cartão de Crédito;Dívida;2.05;% ao Ano;Banco Central do Brasil (BCB)
2015-06-01;Juros Cartão de Crédito;Dívida;2.03;% ao Ano;Banco Central do Brasil (BCB)
2015-07-01;Juros Cartão de Crédito;Dívida;2.03;% ao Ano;Banco Central do Brasil (BCB)
2015-08-01;Juros Cartão de Crédito;Dívida;2.06;% ao Ano;Banco Central do Brasil (BCB)
2015-09-01;Juros Cartão de Crédito;Dívida;2.11;% ao Ano;Banco Central do Brasil (BCB)
2015-10-01;Juros Cartão de Crédito;Dívida;2.14;% ao Ano;Banco Central do Brasil (BCB)
2015-11-01;Juros Cartão de Crédito;Dívida;2.16;% ao Ano;Banco Central do Brasil (BCB)
2015-12-01;Juros Cartão de Crédito;Dívida;2.16;% ao Ano;Banco Central do Brasil (BCB)
2016-01-01;Juros Cartão de Crédito;Dívida;2.26;% ao Ano;Banco Central do Brasil (BCB)
2016-02-01;Juros Cartão de Crédito;Dívida;2.26;% ao Ano;Banco Central do Brasil (BCB)
2016-03-01;Juros Cartão de Crédito;Dívida;2.23;% ao Ano;Banco Central do Brasil (BCB)
2016-04-01;Juros Cartão de Crédito;Dívida;2.22;% ao Ano;Banco Central do Brasil (BCB)
2016-05-01;Juros Cartão de Crédito;Dívida;2.19;% ao Ano;Banco Central do Brasil (BCB)
2016-06-01;Juros Cartão de Crédito;Dívida;2.17;% ao Ano;Banco Central do Brasil (BCB)
2016-07-01;Juros Cartão de Crédito;Dívida;2.17;% ao Ano;Banco Central do Brasil (BCB)
2016-08-01;Juros Cartão de Crédito;Dívida;2.18;% ao Ano;Banco Central do Brasil (BCB)
2016-09-01;Juros Cartão de Crédito;Dívida;2.19;% ao Ano;Banco Central do Brasil (BCB)
2016-10-01;Juros Cartão de Crédito;Dívida;2.17;% ao Ano;Banco Central do Brasil (BCB)
2016-11-01;Juros Cartão de Crédito;Dívida;2.17;% ao Ano;Banco Central do Brasil (BCB)
2016-12-01;Juros Cartão de Crédito;Dívida;2.17;% ao Ano;Banco Central do Brasil (BCB)
2017-01-01;Juros Cartão de Crédito;Dívida;2.19;% ao Ano;Banco Central do Brasil (BCB)
2017-02-01;Juros Cartão de Crédito;Dívida;2.16;% ao Ano;Banco Central do Brasil (BCB)
2017-03-01;Juros Cartão de Crédito;Dívida;2.10;% ao Ano;Banco Central do Brasil (BCB)
2017-04-01;Juros Cartão de Crédito;Dívida;2.06;% ao Ano;Banco Central do Brasil (BCB)
2017-05-01;Juros Cartão de Crédito;Dívida;2.05;% ao Ano;Banco Central do Brasil (BCB)
2017-06-01;Juros Cartão de Crédito;Dívida;2.02;% ao Ano;Banco Central do Brasil (BCB)
2017-07-01;Juros Cartão de Crédito;Dívida;2.00;% ao Ano;Banco Central do Brasil (BCB)
2017-08-01;Juros Cartão de Crédito;Dívida;1.95;% ao Ano;Banco Central do Brasil (BCB)
2017-09-01;Juros Cartão de Crédito;Dívida;1.94;% ao Ano;Banco Central do Brasil (BCB)
2017-10-01;Juros Cartão de Crédito;Dívida;1.91;% ao Ano;Banco Central do Brasil (BCB)
2017-11-01;Juros Cartão de Crédito;Dívida;1.89;% ao Ano;Banco Central do Brasil (BCB)
2017-12-01;Juros Cartão de Crédito;Dívida;1.90;% ao Ano;Banco Central do Brasil (BCB)
2018-01-01;Juros Cartão de Crédito;Dívida;1.93;% ao Ano;Banco Central do Brasil (BCB)
2018-02-01;Juros Cartão de Crédito;Dívida;1.90;% ao Ano;Banco Central do Brasil (BCB)
2018-03-01;Juros Cartão de Crédito;Dívida;1.85;% ao Ano;Banco Central do Brasil (BCB)
2018-04-01;Juros Cartão de Crédito;Dívida;1.82;% ao Ano;Banco Central do Brasil (BCB)
2018-05-01;Juros Cartão de Crédito;Dívida;1.83;% ao Ano;Banco Central do Brasil (BCB)
2018-06-01;Juros Cartão de Crédito;Dívida;1.86;% ao Ano;Banco Central do Brasil (BCB)
2018-07-01;Juros Cartão de Crédito;Dívida;1.87;% ao Ano;Banco Central do Brasil (BCB)
2018-08-01;Juros Cartão de Crédito;Dívida;1.85;% ao Ano;Banco Central do Brasil (BCB)
2018-09-01;Juros Cartão de Crédito;Dívida;1.85;% ao Ano;Banco Central do Brasil (BCB)
2018-10-01;Juros Cartão de Crédito;Dívida;1.86;% ao Ano;Banco Central do Brasil (BCB)
2018-11-01;Juros Cartão de Crédito;Dívida;1.81;% ao Ano;Banco Central do Brasil (BCB)
2018-12-01;Juros Cartão de Crédito;Dívida;1.82;% ao Ano;Banco Central do Brasil (BCB)
2019-01-01;Juros Cartão de Crédito;Dívida;1.86;% ao Ano;Banco Central do Brasil (BCB)
2019-02-01;Juros Cartão de Crédito;Dívida;1.83;% ao Ano;Banco Central do Brasil (BCB)
2019-03-01;Juros Cartão de Crédito;Dívida;1.78;% ao Ano;Banco Central do Brasil (BCB)
2019-04-01;Juros Cartão de Crédito;Dívida;1.77;% ao Ano;Banco Central do Brasil (BCB)
2019-05-01;Juros Cartão de Crédito;Dívida;1.75;% ao Ano;Banco Central do Brasil (BCB)
2019-06-01;Juros Cartão de Crédito;Dívida;1.73;% ao Ano;Banco Central do Brasil (BCB)
2019-07-01;Juros Cartão de Crédito;Dívida;1.69;% ao Ano;Banco Central do Brasil (BCB)
2019-08-01;Juros Cartão de Crédito;Dívida;1.68;% ao Ano;Banco Central do Brasil (BCB)
2019-09-01;Juros Cartão de Crédito;Dívida;1.66;% ao Ano;Banco Central do Brasil (BCB)
2019-10-01;Juros Cartão de Crédito;Dívida;1.64;% ao Ano;Banco Central do Brasil (BCB)
2019-11-01;Juros Cartão de Crédito;Dívida;1.62;% ao Ano;Banco Central do Brasil (BCB)
2019-12-01;Juros Cartão de Crédito;Dívida;1.61;% ao Ano;Banco Central do Brasil (BCB)
2020-01-01;Juros Cartão de Crédito;Dívida;1.65;% ao Ano;Banco Central do Brasil (BCB)
2020-02-01;Juros Cartão de Crédito;Dívida;1.62;% ao Ano;Banco Central do Brasil (BCB)
2020-03-01;Juros Cartão de Crédito;Dívida;1.64;% ao Ano;Banco Central do Brasil (BCB)
2020-04-01;Juros Cartão de Crédito;Dívida;1.65;% ao Ano;Banco Central do Brasil (BCB)
2020-05-01;Juros Cartão de Crédito;Dívida;1.60;% ao Ano;Banco Central do Brasil (BCB)
2020-06-01;Juros Cartão de Crédito;Dívida;1.56;% ao Ano;Banco Central do Brasil (BCB)
2020-07-01;Juros Cartão de Crédito;Dívida;1.54;% ao Ano;Banco Central do Brasil (BCB)
2020-08-01;Juros Cartão de Crédito;Dívida;1.57;% ao Ano;Banco Central do Brasil (BCB)
2020-09-01;Juros Cartão de Crédito;Dívida;1.55;% ao Ano;Banco Central do Brasil (BCB)
2020-10-01;Juros Cartão de Crédito;Dívida;1.56;% ao Ano;Banco Central do Brasil (BCB)
2020-11-01;Juros Cartão de Crédito;Dívida;1.57;% ao Ano;Banco Central do Brasil (BCB)
2020-12-01;Juros Cartão de Crédito;Dívida;1.59;% ao Ano;Banco Central do Brasil (BCB)
2021-01-01;Juros Cartão de Crédito;Dívida;1.66;% ao Ano;Banco Central do Brasil (BCB)
2021-02-01;Juros Cartão de Crédito;Dívida;1.63;% ao Ano;Banco Central do Brasil (BCB)
2021-03-01;Juros Cartão de Crédito;Dívida;1.66;% ao Ano;Banco Central do Brasil (BCB)
2021-04-01;Juros Cartão de Crédito;Dívida;1.71;% ao Ano;Banco Central do Brasil (BCB)
2021-05-01;Juros Cartão de Crédito;Dívida;1.72;% ao Ano;Banco Central do Brasil (BCB)
2021-06-01;Juros Cartão de Crédito;Dívida;1.73;% ao Ano;Banco Central do Brasil (BCB)
2021-07-01;Juros Cartão de Crédito;Dívida;1.74;% ao Ano;Banco Central do Brasil (BCB)
2021-08-01;Juros Cartão de Crédito;Dívida;1.80;% ao Ano;Banco Central do Brasil (BCB)
2021-09-01;Juros Cartão de Crédito;Dívida;1.88;% ao Ano;Banco Central do Brasil (BCB)
2021-10-01;Juros Cartão de Crédito;Dívida;1.96;% ao Ano;Banco Central do Brasil (BCB)
2021-11-01;Juros Cartão de Crédito;Dívida;2.21;% ao Ano;Banco Central do Brasil (BCB)
2021-12-01;Juros Cartão de Crédito;Dívida;2.19;% ao Ano;Banco Central do Brasil (BCB)
2022-01-01;Juros Cartão de Crédito;Dívida;2.19;% ao Ano;Banco Central do Brasil (BCB)
2022-02-01;Juros Cartão de Crédito;Dívida;2.15;% ao Ano;Banco Central do Brasil (BCB)
2022-03-01;Juros Cartão de Crédito;Dívida;2.20;% ao Ano;Banco Central do Brasil (BCB)
2022-04-01;Juros Cartão de Crédito;Dívida;2.19;% ao Ano;Banco Central do Brasil (BCB)
2022-05-01;Juros Cartão de Crédito;Dívida;2.21;% ao Ano;Banco Central do Brasil (BCB)
2022-06-01;Juros Cartão de Crédito;Dívida;2.26;% ao Ano;Banco Central do Brasil (BCB)
2022-07-01;Juros Cartão de Crédito;Dívida;2.25;% ao Ano;Banco Central do Brasil (BCB)
2022-08-01;Juros Cartão de Crédito;Dívida;2.27;% ao Ano;Banco Central do Brasil (BCB)
2022-09-01;Juros Cartão de Crédito;Dívida;2.23;% ao Ano;Banco Central do Brasil (BCB)
2022-10-01;Juros Cartão de Crédito;Dívida;2.24;% ao Ano;Banco Central do Brasil (BCB)
2022-11-01;Juros Cartão de Crédito;Dívida;2.23;% ao Ano;Banco Central do Brasil (BCB)
2022-12-01;Juros Cartão de Crédito;Dívida;2.32;% ao Ano;Banco Central do Brasil (BCB)
2023-01-01;Juros Cartão de Crédito;Dívida;2.37;% ao Ano;Banco Central do Brasil (BCB)
2023-02-01;Juros Cartão de Crédito;Dívida;2.35;% ao Ano;Banco Central do Brasil (BCB)
2023-03-01;Juros Cartão de Crédito;Dívida;2.32;% ao Ano;Banco Central do Brasil (BCB)
2023-04-01;Juros Cartão de Crédito;Dívida;2.34;% ao Ano;Banco Central do Brasil (BCB)
2023-05-01;Juros Cartão de Crédito;Dívida;2.28;% ao Ano;Banco Central do Brasil (BCB)
2023-06-01;Juros Cartão de Crédito;Dívida;2.23;% ao Ano;Banco Central do Brasil (BCB)
2023-07-01;Juros Cartão de Crédito;Dívida;2.17;% ao Ano;Banco Central do Brasil (BCB)
2023-08-01;Juros Cartão de Crédito;Dívida;2.16;% ao Ano;Banco Central do Brasil (BCB)
2023-09-01;Juros Cartão de Crédito;Dívida;2.14;% ao Ano;Banco Central do Brasil (BCB)
2023-10-01;Juros Cartão de Crédito;Dívida;2.14;% ao Ano;Banco Central do Brasil (BCB)
2023-11-01;Juros Cartão de Crédito;Dívida;2.13;% ao Ano;Banco Central do Brasil (BCB)
2023-12-01;Juros Cartão de Crédito;Dívida;2.08;% ao Ano;Banco Central do Brasil (BCB)
2024-01-01;Juros Cartão de Crédito;Dívida;2.14;% ao Ano;Banco Central do Brasil (BCB)
2024-02-01;Juros Cartão de Crédito;Dívida;2.12;% ao Ano;Banco Central do Brasil (BCB)
2024-03-01;Juros Cartão de Crédito;Dívida;2.11;% ao Ano;Banco Central do Brasil (BCB)
2024-04-01;Juros Cartão de Crédito;Dívida;2.11;% ao Ano;Banco Central do Brasil (BCB)
2024-05-01;Juros Cartão de Crédito;Dívida;2.11;% ao Ano;Banco Central do Brasil (BCB)
2024-06-01;Juros Cartão de Crédito;Dívida;2.11;% ao Ano;Banco Central do Brasil (BCB)
2024-07-01;Juros Cartão de Crédito;Dívida;2.12;% ao Ano;Banco Central do Brasil (BCB)
2024-08-01;Juros Cartão de Crédito;Dívida;2.14;% ao Ano;Banco Central do Brasil (BCB)
2024-09-01;Juros Cartão de Crédito;Dívida;2.12;% ao Ano;Banco Central do Brasil (BCB)
2024-10-01;Juros Cartão de Crédito;Dívida;2.14;% ao Ano;Banco Central do Brasil (BCB)
2024-11-01;Juros Cartão de Crédito;Dívida;2.18;% ao Ano;Banco Central do Brasil (BCB)
2024-12-01;Juros Cartão de Crédito;Dívida;2.26;% ao Ano;Banco Central do Brasil (BCB)
2025-01-01;Juros Cartão de Crédito;Dívida;2.38;% ao Ano;Banco Central do Brasil (BCB)
2025-02-01;Juros Cartão de Crédito;Dívida;2.34;% ao Ano;Banco Central do Brasil (BCB)
2025-03-01;Juros Cartão de Crédito;Dívida;2.31;% ao Ano;Banco Central do Brasil (BCB)
2025-04-01;Juros Cartão de Crédito;Dívida;2.28;% ao Ano;Banco Central do Brasil (BCB)
2025-05-01;Juros Cartão de Crédito;Dívida;2.26;% ao Ano;Banco Central do Brasil (BCB)
2025-06-01;Juros Cartão de Crédito;Dívida;2.25;% ao Ano;Banco Central do Brasil (BCB)
2025-07-01;Juros Cartão de Crédito;Dívida;2.20;% ao Ano;Banco Central do Brasil (BCB)
2025-08-01;Juros Cartão de Crédito;Dívida;2.20;% ao Ano;Banco Central do Brasil (BCB)
2025-09-01;Juros Cartão de Crédito;Dívida;2.20;% ao Ano;Banco Central do Brasil (BCB)
2011-03-01;Juros Empréstimo Consignado;Dívida;11.47;% ao Mês;Banco Central do Brasil (BCB)
2011-04-01;Juros Empréstimo Consignado;Dívida;11.70;% ao Mês;Banco Central do Brasil (BCB)
2011-05-01;Juros Empréstimo Consignado;Dívida;11.74;% ao Mês;Banco Central do Brasil (BCB)
2011-06-01;Juros Empréstimo Consignado;Dívida;11.67;% ao Mês;Banco Central do Brasil (BCB)
2011-07-01;Juros Empréstimo Consignado;Dívida;11.68;% ao Mês;Banco Central do Brasil (BCB)
2011-08-01;Juros Empréstimo Consignado;Dívida;11.88;% ao Mês;Banco Central do Brasil (BCB)
2011-09-01;Juros Empréstimo Consignado;Dívida;12.42;% ao Mês;Banco Central do Brasil (BCB)
2011-10-01;Juros Empréstimo Consignado;Dívida;12.53;% ao Mês;Banco Central do Brasil (BCB)
2011-11-01;Juros Empréstimo Consignado;Dívida;12.32;% ao Mês;Banco Central do Brasil (BCB)
2011-12-01;Juros Empréstimo Consignado;Dívida;12.09;% ao Mês;Banco Central do Brasil (BCB)
2012-01-01;Juros Empréstimo Consignado;Dívida;12.29;% ao Mês;Banco Central do Brasil (BCB)
2012-02-01;Juros Empréstimo Consignado;Dívida;12.08;% ao Mês;Banco Central do Brasil (BCB)
2012-03-01;Juros Empréstimo Consignado;Dívida;12.40;% ao Mês;Banco Central do Brasil (BCB)
2012-04-01;Juros Empréstimo Consignado;Dívida;12.68;% ao Mês;Banco Central do Brasil (BCB)
2012-05-01;Juros Empréstimo Consignado;Dívida;12.40;% ao Mês;Banco Central do Brasil (BCB)
2012-06-01;Juros Empréstimo Consignado;Dívida;12.51;% ao Mês;Banco Central do Brasil (BCB)
2012-07-01;Juros Empréstimo Consignado;Dívida;12.13;% ao Mês;Banco Central do Brasil (BCB)
2012-08-01;Juros Empréstimo Consignado;Dívida;11.93;% ao Mês;Banco Central do Brasil (BCB)
2012-09-01;Juros Empréstimo Consignado;Dívida;11.67;% ao Mês;Banco Central do Brasil (BCB)
2012-10-01;Juros Empréstimo Consignado;Dívida;11.45;% ao Mês;Banco Central do Brasil (BCB)
2012-11-01;Juros Empréstimo Consignado;Dívida;11.34;% ao Mês;Banco Central do Brasil (BCB)
2012-12-01;Juros Empréstimo Consignado;Dívida;11.21;% ao Mês;Banco Central do Brasil (BCB)
2013-01-01;Juros Empréstimo Consignado;Dívida;11.01;% ao Mês;Banco Central do Brasil (BCB)
2013-02-01;Juros Empréstimo Consignado;Dívida;11.12;% ao Mês;Banco Central do Brasil (BCB)
2013-03-01;Juros Empréstimo Consignado;Dívida;11.07;% ao Mês;Banco Central do Brasil (BCB)
2013-04-01;Juros Empréstimo Consignado;Dívida;11.13;% ao Mês;Banco Central do Brasil (BCB)
2013-05-01;Juros Empréstimo Consignado;Dívida;11.12;% ao Mês;Banco Central do Brasil (BCB)
2013-06-01;Juros Empréstimo Consignado;Dívida;11.14;% ao Mês;Banco Central do Brasil (BCB)
2013-07-01;Juros Empréstimo Consignado;Dívida;11.28;% ao Mês;Banco Central do Brasil (BCB)
2013-08-01;Juros Empréstimo Consignado;Dívida;11.28;% ao Mês;Banco Central do Brasil (BCB)
2013-09-01;Juros Empréstimo Consignado;Dívida;11.35;% ao Mês;Banco Central do Brasil (BCB)
2013-10-01;Juros Empréstimo Consignado;Dívida;11.45;% ao Mês;Banco Central do Brasil (BCB)
2013-11-01;Juros Empréstimo Consignado;Dívida;11.59;% ao Mês;Banco Central do Brasil (BCB)
2013-12-01;Juros Empréstimo Consignado;Dívida;11.91;% ao Mês;Banco Central do Brasil (BCB)
2014-01-01;Juros Empréstimo Consignado;Dívida;11.82;% ao Mês;Banco Central do Brasil (BCB)
2014-02-01;Juros Empréstimo Consignado;Dívida;12.08;% ao Mês;Banco Central do Brasil (BCB)
2014-03-01;Juros Empréstimo Consignado;Dívida;12.02;% ao Mês;Banco Central do Brasil (BCB)
2014-04-01;Juros Empréstimo Consignado;Dívida;11.70;% ao Mês;Banco Central do Brasil (BCB)
2014-05-01;Juros Empréstimo Consignado;Dívida;11.77;% ao Mês;Banco Central do Brasil (BCB)
2014-06-01;Juros Empréstimo Consignado;Dívida;11.92;% ao Mês;Banco Central do Brasil (BCB)
2014-07-01;Juros Empréstimo Consignado;Dívida;11.91;% ao Mês;Banco Central do Brasil (BCB)
2014-08-01;Juros Empréstimo Consignado;Dívida;12.09;% ao Mês;Banco Central do Brasil (BCB)
2014-09-01;Juros Empréstimo Consignado;Dívida;11.88;% ao Mês;Banco Central do Brasil (BCB)
2014-10-01;Juros Empréstimo Consignado;Dívida;12.26;% ao Mês;Banco Central do Brasil (BCB)
2014-11-01;Juros Empréstimo Consignado;Dívida;12.54;% ao Mês;Banco Central do Brasil (BCB)
2014-12-01;Juros Empréstimo Consignado;Dívida;12.72;% ao Mês;Banco Central do Brasil (BCB)
2015-01-01;Juros Empréstimo Consignado;Dívida;12.85;% ao Mês;Banco Central do Brasil (BCB)
2015-02-01;Juros Empréstimo Consignado;Dívida;13.01;% ao Mês;Banco Central do Brasil (BCB)
2015-03-01;Juros Empréstimo Consignado;Dívida;13.05;% ao Mês;Banco Central do Brasil (BCB)
2015-04-01;Juros Empréstimo Consignado;Dívida;13.05;% ao Mês;Banco Central do Brasil (BCB)
2015-05-01;Juros Empréstimo Consignado;Dívida;13.46;% ao Mês;Banco Central do Brasil (BCB)
2015-06-01;Juros Empréstimo Consignado;Dívida;13.89;% ao Mês;Banco Central do Brasil (BCB)
2015-07-01;Juros Empréstimo Consignado;Dívida;14.32;% ao Mês;Banco Central do Brasil (BCB)
2015-08-01;Juros Empréstimo Consignado;Dívida;14.38;% ao Mês;Banco Central do Brasil (BCB)
2015-09-01;Juros Empréstimo Consignado;Dívida;14.63;% ao Mês;Banco Central do Brasil (BCB)
2015-10-01;Juros Empréstimo Consignado;Dívida;14.35;% ao Mês;Banco Central do Brasil (BCB)
2015-11-01;Juros Empréstimo Consignado;Dívida;14.77;% ao Mês;Banco Central do Brasil (BCB)
2015-12-01;Juros Empréstimo Consignado;Dívida;14.92;% ao Mês;Banco Central do Brasil (BCB)
2016-01-01;Juros Empréstimo Consignado;Dívida;15.23;% ao Mês;Banco Central do Brasil (BCB)
2016-02-01;Juros Empréstimo Consignado;Dívida;15.34;% ao Mês;Banco Central do Brasil (BCB)
2016-03-01;Juros Empréstimo Consignado;Dívida;15.40;% ao Mês;Banco Central do Brasil (BCB)
2016-04-01;Juros Empréstimo Consignado;Dívida;15.49;% ao Mês;Banco Central do Brasil (BCB)
2016-05-01;Juros Empréstimo Consignado;Dívida;15.69;% ao Mês;Banco Central do Brasil (BCB)
2016-06-01;Juros Empréstimo Consignado;Dívida;15.62;% ao Mês;Banco Central do Brasil (BCB)
2016-07-01;Juros Empréstimo Consignado;Dívida;15.60;% ao Mês;Banco Central do Brasil (BCB)
2016-08-01;Juros Empréstimo Consignado;Dívida;15.82;% ao Mês;Banco Central do Brasil (BCB)
2016-09-01;Juros Empréstimo Consignado;Dívida;15.96;% ao Mês;Banco Central do Brasil (BCB)
2016-10-01;Juros Empréstimo Consignado;Dívida;15.84;% ao Mês;Banco Central do Brasil (BCB)
2016-11-01;Juros Empréstimo Consignado;Dívida;16.02;% ao Mês;Banco Central do Brasil (BCB)
2016-12-01;Juros Empréstimo Consignado;Dívida;16.07;% ao Mês;Banco Central do Brasil (BCB)
2017-01-01;Juros Empréstimo Consignado;Dívida;16.06;% ao Mês;Banco Central do Brasil (BCB)
2017-02-01;Juros Empréstimo Consignado;Dívida;15.90;% ao Mês;Banco Central do Brasil (BCB)
2017-03-01;Juros Empréstimo Consignado;Dívida;15.95;% ao Mês;Banco Central do Brasil (BCB)
2017-04-01;Juros Empréstimo Consignado;Dívida;14.81;% ao Mês;Banco Central do Brasil (BCB)
2017-05-01;Juros Empréstimo Consignado;Dívida;13.54;% ao Mês;Banco Central do Brasil (BCB)
2017-06-01;Juros Empréstimo Consignado;Dívida;14.03;% ao Mês;Banco Central do Brasil (BCB)
2017-07-01;Juros Empréstimo Consignado;Dívida;14.82;% ao Mês;Banco Central do Brasil (BCB)
2017-08-01;Juros Empréstimo Consignado;Dívida;14.87;% ao Mês;Banco Central do Brasil (BCB)
2017-09-01;Juros Empréstimo Consignado;Dívida;13.33;% ao Mês;Banco Central do Brasil (BCB)
2017-10-01;Juros Empréstimo Consignado;Dívida;13.46;% ao Mês;Banco Central do Brasil (BCB)
2017-11-01;Juros Empréstimo Consignado;Dívida;13.54;% ao Mês;Banco Central do Brasil (BCB)
2017-12-01;Juros Empréstimo Consignado;Dívida;13.41;% ao Mês;Banco Central do Brasil (BCB)
2018-01-01;Juros Empréstimo Consignado;Dívida;13.18;% ao Mês;Banco Central do Brasil (BCB)
2018-02-01;Juros Empréstimo Consignado;Dívida;13.29;% ao Mês;Banco Central do Brasil (BCB)
2018-03-01;Juros Empréstimo Consignado;Dívida;13.32;% ao Mês;Banco Central do Brasil (BCB)
2018-04-01;Juros Empréstimo Consignado;Dívida;13.35;% ao Mês;Banco Central do Brasil (BCB)
2018-05-01;Juros Empréstimo Consignado;Dívida;12.60;% ao Mês;Banco Central do Brasil (BCB)
2018-06-01;Juros Empréstimo Consignado;Dívida;12.20;% ao Mês;Banco Central do Brasil (BCB)
2018-07-01;Juros Empréstimo Consignado;Dívida;11.77;% ao Mês;Banco Central do Brasil (BCB)
2018-08-01;Juros Empréstimo Consignado;Dívida;11.85;% ao Mês;Banco Central do Brasil (BCB)
2018-09-01;Juros Empréstimo Consignado;Dívida;11.87;% ao Mês;Banco Central do Brasil (BCB)
2018-10-01;Juros Empréstimo Consignado;Dívida;11.83;% ao Mês;Banco Central do Brasil (BCB)
2018-11-01;Juros Empréstimo Consignado;Dívida;11.97;% ao Mês;Banco Central do Brasil (BCB)
2018-12-01;Juros Empréstimo Consignado;Dívida;12.08;% ao Mês;Banco Central do Brasil (BCB)
2019-01-01;Juros Empréstimo Consignado;Dívida;11.98;% ao Mês;Banco Central do Brasil (BCB)
2019-02-01;Juros Empréstimo Consignado;Dívida;12.18;% ao Mês;Banco Central do Brasil (BCB)
2019-03-01;Juros Empréstimo Consignado;Dívida;12.27;% ao Mês;Banco Central do Brasil (BCB)
2019-04-01;Juros Empréstimo Consignado;Dívida;12.20;% ao Mês;Banco Central do Brasil (BCB)
2019-05-01;Juros Empréstimo Consignado;Dívida;12.24;% ao Mês;Banco Central do Brasil (BCB)
2019-06-01;Juros Empréstimo Consignado;Dívida;12.26;% ao Mês;Banco Central do Brasil (BCB)
2019-07-01;Juros Empréstimo Consignado;Dívida;12.26;% ao Mês;Banco Central do Brasil (BCB)
2019-08-01;Juros Empréstimo Consignado;Dívida;12.39;% ao Mês;Banco Central do Brasil (BCB)
2019-09-01;Juros Empréstimo Consignado;Dívida;12.41;% ao Mês;Banco Central do Brasil (BCB)
2019-10-01;Juros Empréstimo Consignado;Dívida;12.60;% ao Mês;Banco Central do Brasil (BCB)
2019-11-01;Juros Empréstimo Consignado;Dívida;12.61;% ao Mês;Banco Central do Brasil (BCB)
2019-12-01;Juros Empréstimo Consignado;Dívida;12.63;% ao Mês;Banco Central do Brasil (BCB)
2020-01-01;Juros Empréstimo Consignado;Dívida;12.58;% ao Mês;Banco Central do Brasil (BCB)
2020-02-01;Juros Empréstimo Consignado;Dívida;12.74;% ao Mês;Banco Central do Brasil (BCB)
2020-03-01;Juros Empréstimo Consignado;Dívida;12.86;% ao Mês;Banco Central do Brasil (BCB)
2020-04-01;Juros Empréstimo Consignado;Dívida;12.56;% ao Mês;Banco Central do Brasil (BCB)
2020-05-01;Juros Empréstimo Consignado;Dívida;12.30;% ao Mês;Banco Central do Brasil (BCB)
2020-06-01;Juros Empréstimo Consignado;Dívida;11.97;% ao Mês;Banco Central do Brasil (BCB)
2020-07-01;Juros Empréstimo Consignado;Dívida;12.43;% ao Mês;Banco Central do Brasil (BCB)
2020-08-01;Juros Empréstimo Consignado;Dívida;12.38;% ao Mês;Banco Central do Brasil (BCB)
2020-09-01;Juros Empréstimo Consignado;Dívida;12.41;% ao Mês;Banco Central do Brasil (BCB)
2020-10-01;Juros Empréstimo Consignado;Dívida;12.59;% ao Mês;Banco Central do Brasil (BCB)
2020-11-01;Juros Empréstimo Consignado;Dívida;12.72;% ao Mês;Banco Central do Brasil (BCB)
2020-12-01;Juros Empréstimo Consignado;Dívida;12.88;% ao Mês;Banco Central do Brasil (BCB)
2021-01-01;Juros Empréstimo Consignado;Dívida;12.92;% ao Mês;Banco Central do Brasil (BCB)
2021-02-01;Juros Empréstimo Consignado;Dívida;12.86;% ao Mês;Banco Central do Brasil (BCB)
2021-03-01;Juros Empréstimo Consignado;Dívida;13.05;% ao Mês;Banco Central do Brasil (BCB)
2021-04-01;Juros Empréstimo Consignado;Dívida;13.06;% ao Mês;Banco Central do Brasil (BCB)
2021-05-01;Juros Empréstimo Consignado;Dívida;12.92;% ao Mês;Banco Central do Brasil (BCB)
2021-06-01;Juros Empréstimo Consignado;Dívida;12.91;% ao Mês;Banco Central do Brasil (BCB)
2021-07-01;Juros Empréstimo Consignado;Dívida;12.95;% ao Mês;Banco Central do Brasil (BCB)
2021-08-01;Juros Empréstimo Consignado;Dívida;13.04;% ao Mês;Banco Central do Brasil (BCB)
2021-09-01;Juros Empréstimo Consignado;Dívida;13.11;% ao Mês;Banco Central do Brasil (BCB)
2021-10-01;Juros Empréstimo Consignado;Dívida;13.19;% ao Mês;Banco Central do Brasil (BCB)
2021-11-01;Juros Empréstimo Consignado;Dívida;13.22;% ao Mês;Banco Central do Brasil (BCB)
2021-12-01;Juros Empréstimo Consignado;Dívida;13.30;% ao Mês;Banco Central do Brasil (BCB)
2022-01-01;Juros Empréstimo Consignado;Dívida;13.27;% ao Mês;Banco Central do Brasil (BCB)
2022-02-01;Juros Empréstimo Consignado;Dívida;13.46;% ao Mês;Banco Central do Brasil (BCB)
2022-03-01;Juros Empréstimo Consignado;Dívida;13.54;% ao Mês;Banco Central do Brasil (BCB)
2022-04-01;Juros Empréstimo Consignado;Dívida;13.64;% ao Mês;Banco Central do Brasil (BCB)
2022-05-01;Juros Empréstimo Consignado;Dívida;13.74;% ao Mês;Banco Central do Brasil (BCB)
2022-06-01;Juros Empréstimo Consignado;Dívida;13.77;% ao Mês;Banco Central do Brasil (BCB)
2022-07-01;Juros Empréstimo Consignado;Dívida;14.26;% ao Mês;Banco Central do Brasil (BCB)
2022-08-01;Juros Empréstimo Consignado;Dívida;14.35;% ao Mês;Banco Central do Brasil (BCB)
2022-09-01;Juros Empréstimo Consignado;Dívida;14.18;% ao Mês;Banco Central do Brasil (BCB)
2022-10-01;Juros Empréstimo Consignado;Dívida;14.53;% ao Mês;Banco Central do Brasil (BCB)
2022-11-01;Juros Empréstimo Consignado;Dívida;14.28;% ao Mês;Banco Central do Brasil (BCB)
2022-12-01;Juros Empréstimo Consignado;Dívida;14.58;% ao Mês;Banco Central do Brasil (BCB)
2023-01-01;Juros Empréstimo Consignado;Dívida;14.65;% ao Mês;Banco Central do Brasil (BCB)
2023-02-01;Juros Empréstimo Consignado;Dívida;14.74;% ao Mês;Banco Central do Brasil (BCB)
2023-03-01;Juros Empréstimo Consignado;Dívida;14.97;% ao Mês;Banco Central do Brasil (BCB)
2023-04-01;Juros Empréstimo Consignado;Dívida;15.22;% ao Mês;Banco Central do Brasil (BCB)
2023-05-01;Juros Empréstimo Consignado;Dívida;15.33;% ao Mês;Banco Central do Brasil (BCB)
2023-06-01;Juros Empréstimo Consignado;Dívida;15.01;% ao Mês;Banco Central do Brasil (BCB)
2023-07-01;Juros Empréstimo Consignado;Dívida;15.11;% ao Mês;Banco Central do Brasil (BCB)
2023-08-01;Juros Empréstimo Consignado;Dívida;15.19;% ao Mês;Banco Central do Brasil (BCB)
2023-09-01;Juros Empréstimo Consignado;Dívida;15.11;% ao Mês;Banco Central do Brasil (BCB)
2023-10-01;Juros Empréstimo Consignado;Dívida;15.18;% ao Mês;Banco Central do Brasil (BCB)
2023-11-01;Juros Empréstimo Consignado;Dívida;15.00;% ao Mês;Banco Central do Brasil (BCB)
2023-12-01;Juros Empréstimo Consignado;Dívida;15.13;% ao Mês;Banco Central do Brasil (BCB)
2024-01-01;Juros Empréstimo Consignado;Dívida;14.71;% ao Mês;Banco Central do Brasil (BCB)
2024-02-01;Juros Empréstimo Consignado;Dívida;14.58;% ao Mês;Banco Central do Brasil (BCB)
2024-03-01;Juros Empréstimo Consignado;Dívida;14.75;% ao Mês;Banco Central do Brasil (BCB)
2024-04-01;Juros Empréstimo Consignado;Dívida;14.79;% ao Mês;Banco Central do Brasil (BCB)
2024-05-01;Juros Empréstimo Consignado;Dívida;14.77;% ao Mês;Banco Central do Brasil (BCB)
2024-06-01;Juros Empréstimo Consignado;Dívida;14.89;% ao Mês;Banco Central do Brasil (BCB)
2024-07-01;Juros Empréstimo Consignado;Dívida;14.95;% ao Mês;Banco Central do Brasil (BCB)
2024-08-01;Juros Empréstimo Consignado;Dívida;14.85;% ao Mês;Banco Central do Brasil (BCB)
2024-09-01;Juros Empréstimo Consignado;Dívida;15.06;% ao Mês;Banco Central do Brasil (BCB)
2024-10-01;Juros Empréstimo Consignado;Dívida;15.07;% ao Mês;Banco Central do Brasil (BCB)
2024-11-01;Juros Empréstimo Consignado;Dívida;15.19;% ao Mês;Banco Central do Brasil (BCB)
2024-12-01;Juros Empréstimo Consignado;Dívida;15.29;% ao Mês;Banco Central do Brasil (BCB)
2025-01-01;Juros Empréstimo Consignado;Dívida;15.28;% ao Mês;Banco Central do Brasil (BCB)
2025-02-01;Juros Empréstimo Consignado;Dívida;15.31;% ao Mês;Banco Central do Brasil (BCB)
2025-03-01;Juros Empréstimo Consignado;Dívida;15.32;% ao Mês;Banco Central do Brasil (BCB)
2025-04-01;Juros Empréstimo Consignado;Dívida;15.31;% ao Mês;Banco Central do Brasil (BCB)
2025-05-01;Juros Empréstimo Consignado;Dívida;15.38;% ao Mês;Banco Central do Brasil (BCB)
2025-06-01;Juros Empréstimo Consignado;Dívida;15.26;% ao Mês;Banco Central do Brasil (BCB)
2025-07-01;Juros Empréstimo Consignado;Dívida;15.20;% ao Mês;Banco Central do Brasil (BCB)
2025-08-01;Juros Empréstimo Consignado;Dívida;15.23;% ao Mês;Banco Central do Brasil (BCB)
2025-09-01;Juros Empréstimo Consignado;Dívida;15.15;% ao Mês;Banco Central do Brasil (BCB)
