Data,1178 - % a.a.,11 - % a.d.,Tx. %acum.
04/01/1994,"6.389,83","1,669667","3,369922"
05/01/1994,"6.384,46","1,669333","5,095511"
06/01/1994,"6.384,46","1,669333","6,849905"
07/01/1994,"6.384,46","1,669333","8,633585"
10/01/1994,"6.379,11","1,669","10,44668"
11/01/1994,"6.384,46","1,669333","12,290403"
12/01/1994,"6.384,46","1,669333","14,164904"
13/01/1994,"6.389,83","1,669667","16,071077"
14/01/1994,"6.395,19","1,67","18,009464"
17/01/1994,"6.395,19","1,67","19,980222"
18/01/1994,"6.400,55","1,670333","21,984292"
19/01/1994,"7.492,53","1,733","24,098279"
20/01/1994,"7.492,53","1,733","26,248903"
21/01/1994,"7.492,53","1,733","28,436796"
24/01/1994,"7.492,53","1,733","30,662606"
25/01/1994,"7.492,53","1,733","32,926989"
26/01/1994,"8.855,34","1,799667","35,319232"
27/01/1994,"8.855,34","1,799667","37,754527"
28/01/1994,"8.862,72","1,8","40,234109"
31/01/1994,"8.862,72","1,8","42,758323"
01/02/1994,"14.853,88","2,007","45,623482"
02/02/1994,"14.866,18","2,007333","48,546631"
03/02/1994,"14.841,58","2,006667","51,527467"
04/02/1994,"14.841,58","2,006667","54,568118"
07/02/1994,"14.238,81","1,99","57,644024"
08/02/1994,"14.215,20","1,989333","60,780089"
09/02/1994,"14.203,43","1,989","63,978005"
10/02/1994,"14.179,87","1,988333","67,238433"
11/02/1994,"13.424,27","1,966333","70,526898"
16/02/1994,"13.424,27","1,966333","73,880024"
17/02/1994,"13.424,27","1,966333","77,299085"
18/02/1994,"13.402,03","1,965667","80,784194"
21/02/1994,"13.402,03","1,965667","84,33781"
22/02/1994,"13.435,44","1,966667","87,96312"
23/02/1994,"11.550,33","1,906","91,545698"
24/02/1994,"11.550,33","1,906","95,196559"
25/02/1994,"11.531,13","1,905333","98,915703"
28/02/1994,"11.521,56","1,905","102,705047"
01/03/1994,"5.791,74","1,630667","106,010491"
02/03/1994,"5.786,86","1,630333","109,369148"
03/03/1994,"5.786,86","1,630333","112,782563"
04/03/1994,"5.791,74","1,630667","116,252338"
07/03/1994,"5.791,74","1,630667","119,778693"
08/03/1994,"6.416,68","1,671333","123,451927"
09/03/1994,"6.596,79","1,682333","127,211133"
10/03/1994,"6.613,40","1,683333","131,035853"
11/03/1994,"6.618,96","1,683667","134,925727"
14/03/1994,"6.770,50","1,692667","138,902237"
15/03/1994,"6.781,85","1,693333","142,947648"
16/03/1994,"6.781,85","1,693333","147,06156"
17/03/1994,"6.776,18","1,693","151,244313"
18/03/1994,"7.233,73","1,719","155,563202"
21/03/1994,"8.855,34","1,799667","160,162489"
22/03/1994,"10.906,13","1,883","165,061349"
23/03/1994,"10.915,20","1,883333","170,053337"
24/03/1994,"10.897,07","1,882667","175,137542"
25/03/1994,"10.906,13","1,883","180,318381"
28/03/1994,"10.969,82","1,885333","185,603316"
29/03/1994,"10.960,71","1,885","190,986939"
30/03/1994,"14.440,99","1,995667","196,794069"
04/04/1994,"17.371,29","2,07","202,937707"
05/04/1994,"17.142,75","2,064667","209,192361"
06/04/1994,"17.142,75","2,064667","215,576154"
07/04/1994,"17.256,62","2,067333","222,100164"
08/04/1994,"17.270,94","2,067667","228,760123"
11/04/1994,"17.270,94","2,067667","235,557787"
12/04/1994,"17.256,62","2,067333","242,494884"
13/04/1994,"17.242,36","2,067","249,574253"
14/04/1994,"17.228,11","2,066667","256,798789"
15/04/1994,"17.228,11","2,066667","264,172632"
18/04/1994,"17.213,82","2,066333","271,697651"
19/04/1994,"17.199,59","2,066","279,376925"
20/04/1994,"16.987,34","2,061","287,195883"
22/04/1994,"16.017,32","2,037333","295,084353"
25/04/1994,"14.369,32","1,993667","302,961019"
26/04/1994,"13.115,88","1,957","310,846966"
27/04/1994,"12.375,19","1,933667","318,791378"
28/04/1994,"11.340,97","1,898667","326,742832"
29/04/1994,"10.788,80","1,878667","334,759909"
02/05/1994,"8.186,87","1,768333","342,447912"
03/05/1994,"7.970,86","1,757667","350,224673"
04/05/1994,"8.037,75","1,761","358,153129"
05/05/1994,"8.051,20","1,761667","366,224262"
06/05/1994,"8.118,76","1,765","374,45312"
09/05/1994,"8.139,13","1,766","382,831962"
10/05/1994,"8.500,43","1,783333","391,442464"
11/05/1994,"8.951,91","1,804","400,308086"
12/05/1994,"8.966,87","1,804667","409,336981"
13/05/1994,"9.110,12","1,811","418,561073"
16/05/1994,"9.125,34","1,811667","427,955673"
17/05/1994,"9.125,34","1,811667","437,520472"
18/05/1994,"9.132,94","1,812","447,260343"
19/05/1994,"9.125,34","1,811667","457,174878"
20/05/1994,"9.117,71","1,811333","467,26717"
23/05/1994,"9.125,34","1,811667","477,544163"
24/05/1994,"9.125,34","1,811667","488,00734"
25/05/1994,"9.125,34","1,811667","498,660075"
26/05/1994,"9.125,34","1,811667","509,505802"
27/05/1994,"9.102,53","1,810667","520,541922"
30/05/1994,"9.125,34","1,811667","531,784075"
31/05/1994,"9.125,34","1,811667","543,229899"
01/06/1994,"11.089,12","1,889667","555,384802"
03/06/1994,"10.887,99","1,882333","567,721326"
06/06/1994,"10.887,99","1,882333","580,290065"
07/06/1994,"10.906,13","1,883","593,099927"
08/06/1994,"11.378,74","1,9","606,268826"
09/06/1994,"11.502,40","1,904333","619,718536"
10/06/1994,"11.832,18","1,915667","633,505947"
13/06/1994,"12.050,49","1,923","647,611266"
14/06/1994,"12.211,76","1,928333","662,027701"
15/06/1994,"12.252,43","1,929667","676,732298"
16/06/1994,"13.050,71","1,955","691,917414"
17/06/1994,"13.280,22","1,962","707,454834"
20/06/1994,"14.016,18","1,983667","723,472049"
21/06/1994,"15.278,44","2,018333","740,092457"
22/06/1994,"16.474,82","2,048667","757,303154"
23/06/1994,"16.763,81","2,055667","774,926452"
24/06/1994,"16.598,06","2,051667","792,877029"
27/06/1994,"17.371,29","2,07","811,359584"
28/06/1994,"17.778,52","2,079333","830,309784"
29/06/1994,"17.675,84","2,077","849,632319"
30/06/1994,"15.405,60","2,021667","868,830722"
04/07/1994,"170,96","0,396333","872,670518"
05/07/1994,"173,23","0,399667","876,557961"
06/07/1994,"172,32","0,398333","880,447913"
07/07/1994,"173,23","0,399667","884,36644"
08/07/1994,"169,15","0,393667","888,241566"
11/07/1994,"163,58","0,385333","892,049587"
12/07/1994,"159,85","0,379667","895,816072"
13/07/1994,"159,85","0,379667","899,596857"
14/07/1994,"159,85","0,379667","903,391996"
15/07/1994,"138,19","0,345","906,853698"
18/07/1994,"137,2","0,343333","910,310559"
19/07/1994,"136,4","0,342","913,765822"
20/07/1994,"136,21","0,341667","917,229525"
21/07/1994,"99,61","0,274667","920,023519"
22/07/1994,"98,61","0,272667","922,804786"
25/07/1994,"98,11","0,271667","925,583409"
26/07/1994,"88,4","0,251667","928,164464"
27/07/1994,"85,43","0,245333","930,686891"
28/07/1994,"85,12","0,244667","933,208642"
29/07/1994,"70,8","0,212667","935,405936"
01/08/1994,"59,32","0,185","937,321436"
02/08/1994,"58,92","0,184","939,230108"
03/08/1994,"58,79","0,183667","941,138831"
04/08/1994,"58,79","0,183667","943,051059"
05/08/1994,"59,59","0,185667","944,987661"
08/08/1994,"56,02","0,176667","946,833809"
09/08/1994,"56,28","0,177333","948,690191"
10/08/1994,"56,67","0,178333","950,560352"
11/08/1994,"56,02","0,176667","952,416345"
12/08/1994,"55,89","0,176333","954,272102"
15/08/1994,"56,28","0,177333","956,141675"
16/08/1994,"55,63","0,175667","957,996967"
17/08/1994,"55,76","0,176","959,859042"
18/08/1994,"55,89","0,176333","961,727923"
19/08/1994,"55,37","0,175","963,585947"
22/08/1994,"55,63","0,175667","965,454316"
23/08/1994,"55,37","0,175","967,318861"
24/08/1994,"55,11","0,174333","969,17955"
25/08/1994,"55,37","0,175","971,050615"
26/08/1994,"55,76","0,176","972,935664"
29/08/1994,"55,37","0,175","974,813301"
30/08/1994,"55,5","0,175333","976,697804"
31/08/1994,"55,5","0,175333","978,58561"
01/09/1994,"55,63","0,175667","980,480329"
02/09/1994,"56,41","0,177667","982,399986"
05/09/1994,"56,41","0,177667","984,323054"
06/09/1994,"56,67","0,178333","986,256759"
08/09/1994,"56,81","0,178667","988,197542"
09/09/1994,"56,54","0,178","990,134533"
12/09/1994,"56,81","0,178667","992,082244"
13/09/1994,"59,73","0,186","994,113517"
14/09/1994,"57,2","0,179667","996,079278"
15/09/1994,"56,81","0,178667","998,03761"
16/09/1994,"57,2","0,179667","1.000,01"
19/09/1994,"57,2","0,179667","1.001,99"
20/09/1994,"57,33","0,18","1.003,97"
21/09/1994,"57,2","0,179667","1.005,95"
22/09/1994,"57,2","0,179667","1.007,94"
23/09/1994,"57,07","0,179333","1.009,93"
26/09/1994,"57,07","0,179333","1.011,92"
27/09/1994,"57,2","0,179667","1.013,92"
28/09/1994,"57,2","0,179667","1.015,92"
29/09/1994,"57,33","0,18","1.017,93"
30/09/1994,"57,33","0,18","1.019,94"
04/10/1994,"59,99","0,186667","1.022,03"
05/10/1994,"59,99","0,186667","1.024,12"
06/10/1994,"59,99","0,186667","1.026,22"
07/10/1994,"59,86","0,186333","1.028,32"
10/10/1994,"59,86","0,186333","1.030,42"
11/10/1994,"59,99","0,186667","1.032,53"
13/10/1994,"60,13","0,187","1.034,65"
14/10/1994,"60,13","0,187","1.036,77"
17/10/1994,"59,99","0,186667","1.038,89"
18/10/1994,"59,99","0,186667","1.041,02"
19/10/1994,"59,99","0,186667","1.043,15"
20/10/1994,"59,99","0,186667","1.045,28"
21/10/1994,"59,99","0,186667","1.047,42"
24/10/1994,"60,13","0,187","1.049,57"
25/10/1994,"60,13","0,187","1.051,72"
26/10/1994,"60,26","0,187333","1.053,87"
27/10/1994,"60,4","0,187667","1.056,04"
28/10/1994,"60,26","0,187333","1.058,21"
31/10/1994,"64,76","0,198333","1.060,50"
01/11/1994,"64,62","0,198","1.062,80"
03/11/1994,"65,17","0,199333","1.065,12"
04/11/1994,"65,31","0,199667","1.067,45"
07/11/1994,"65,31","0,199667","1.069,78"
08/11/1994,"65,31","0,199667","1.072,11"
09/11/1994,"65,31","0,199667","1.074,45"
10/11/1994,"65,31","0,199667","1.076,80"
11/11/1994,"65,45","0,2","1.079,15"
14/11/1994,"65,45","0,2","1.081,51"
16/11/1994,"65,45","0,2","1.083,87"
17/11/1994,"65,45","0,2","1.086,24"
18/11/1994,"65,45","0,2","1.088,61"
21/11/1994,"65,45","0,2","1.090,99"
22/11/1994,"65,45","0,2","1.093,37"
23/11/1994,"65,45","0,2","1.095,76"
24/11/1994,"65,45","0,2","1.098,15"
25/11/1994,"65,45","0,2","1.100,55"
28/11/1994,"65,45","0,2","1.102,95"
29/11/1994,"65,45","0,2","1.105,35"
30/11/1994,"65,45","0,2","1.107,76"
01/12/1994,"59,19","0,184667","1.109,99"
02/12/1994,"58,26","0,182333","1.112,20"
05/12/1994,"58,26","0,182333","1.114,41"
06/12/1994,"57,99","0,181667","1.116,62"
07/12/1994,"54,85","0,173667","1.118,73"
08/12/1994,"54,98","0,174","1.120,85"
09/12/1994,"54,98","0,174","1.122,97"
12/12/1994,"55,11","0,174333","1.125,11"
13/12/1994,"54,85","0,173667","1.127,23"
14/12/1994,"54,46","0,172667","1.129,35"
15/12/1994,"53,17","0,169333","1.131,43"
16/12/1994,"51,63","0,165333","1.133,47"
19/12/1994,"52,02","0,166333","1.135,52"
20/12/1994,"51,25","0,164333","1.137,55"
21/12/1994,"50,62","0,162667","1.139,57"
22/12/1994,"50,75","0,163","1.141,59"
23/12/1994,"50,24","0,161667","1.143,59"
26/12/1994,"50,24","0,161667","1.145,60"
27/12/1994,"49,86","0,160667","1.147,61"
28/12/1994,"49,86","0,160667","1.149,61"
29/12/1994,"49,86","0,160667","1.151,62"
30/12/1994,"49,86","0,160667","1.153,63"
03/01/1994,"47,37","0,154","1.155,56"
03/01/1995,"47,12","0,153333","1.157,48"
04/01/1995,"47,12","0,153333","1.159,41"
05/01/1995,"47,12","0,153333","1.161,34"
06/01/1995,"47,12","0,153333","1.163,28"
09/01/1995,"47,12","0,153333","1.165,21"
10/01/1995,47,"0,153","1.167,15"
11/01/1995,"45,89","0,15","1.169,05"
12/01/1995,"45,77","0,149667","1.170,95"
13/01/1995,"45,89","0,15","1.172,86"
16/01/1995,"45,77","0,149667","1.174,76"
17/01/1995,"45,77","0,149667","1.176,67"
18/01/1995,"46,02","0,150333","1.178,59"
19/01/1995,"45,89","0,15","1.180,51"
20/01/1995,"45,89","0,15","1.182,43"
23/01/1995,"45,77","0,149667","1.184,35"
24/01/1995,"45,89","0,15","1.186,27"
25/01/1995,"45,77","0,149667","1.188,20"
26/01/1995,"45,65","0,149333","1.190,12"
27/01/1995,"45,53","0,149","1.192,04"
30/01/1995,"45,89","0,15","1.193,98"
31/01/1995,"46,14","0,150667","1.195,93"
01/02/1995,"56,28","0,177333","1.198,23"
02/02/1995,"56,67","0,178333","1.200,55"
03/02/1995,"56,94","0,179","1.202,87"
06/02/1995,"56,94","0,179","1.205,21"
07/02/1995,"56,81","0,178667","1.207,54"
08/02/1995,"56,81","0,178667","1.209,87"
09/02/1995,"56,67","0,178333","1.212,21"
10/02/1995,"56,67","0,178333","1.214,55"
13/02/1995,"56,67","0,178333","1.216,89"
14/02/1995,"56,54","0,178","1.219,24"
15/02/1995,"56,54","0,178","1.221,59"
16/02/1995,"56,41","0,177667","1.223,93"
17/02/1995,"56,41","0,177667","1.226,29"
20/02/1995,"56,28","0,177333","1.228,64"
21/02/1995,"56,28","0,177333","1.230,99"
22/02/1995,"56,28","0,177333","1.233,35"
23/02/1995,"56,28","0,177333","1.235,72"
24/02/1995,"56,28","0,177333","1.238,09"
01/03/1995,"41,67","0,138333","1.239,94"
02/03/1995,"41,56","0,138","1.241,79"
03/03/1995,"41,67","0,138333","1.243,64"
06/03/1995,"41,67","0,138333","1.245,50"
07/03/1995,"41,67","0,138333","1.247,36"
08/03/1995,"41,67","0,138333","1.249,23"
09/03/1995,"41,67","0,138333","1.251,09"
10/03/1995,"65,87","0,201","1.253,81"
13/03/1995,"65,73","0,200667","1.256,53"
14/03/1995,"65,59","0,200333","1.259,24"
15/03/1995,"65,73","0,200667","1.261,97"
16/03/1995,"65,73","0,200667","1.264,71"
17/03/1995,"65,73","0,200667","1.267,44"
20/03/1995,"65,73","0,200667","1.270,19"
21/03/1995,"65,73","0,200667","1.272,94"
22/03/1995,"65,73","0,200667","1.275,69"
23/03/1995,"65,73","0,200667","1.278,45"
24/03/1995,"65,73","0,200667","1.281,22"
27/03/1995,"65,73","0,200667","1.283,99"
28/03/1995,"65,59","0,200333","1.286,76"
29/03/1995,"65,59","0,200333","1.289,54"
30/03/1995,"65,59","0,200333","1.292,32"
31/03/1995,"65,73","0,200667","1.295,12"
03/04/1995,"85,74","0,246","1.298,55"
04/04/1995,"85,58","0,245667","1.301,99"
05/04/1995,"85,43","0,245333","1.305,43"
06/04/1995,"85,43","0,245333","1.308,87"
07/04/1995,"85,43","0,245333","1.312,33"
10/04/1995,"85,43","0,245333","1.315,80"
11/04/1995,"85,43","0,245333","1.319,27"
12/04/1995,"85,43","0,245333","1.322,75"
17/04/1995,"85,58","0,245667","1.326,25"
18/04/1995,"85,43","0,245333","1.329,75"
19/04/1995,"85,43","0,245333","1.333,25"
20/04/1995,"85,43","0,245333","1.336,77"
24/04/1995,"85,58","0,245667","1.340,30"
25/04/1995,"85,43","0,245333","1.343,83"
26/04/1995,"85,43","0,245333","1.347,37"
27/04/1995,"85,43","0,245333","1.350,93"
28/04/1995,"85,43","0,245333","1.354,48"
02/05/1995,"61,34","0,19","1.357,25"
03/05/1995,"61,21","0,189667","1.360,01"
04/05/1995,"61,21","0,189667","1.362,78"
05/05/1995,"61,21","0,189667","1.365,56"
08/05/1995,"61,21","0,189667","1.368,34"
09/05/1995,"61,21","0,189667","1.371,12"
10/05/1995,"61,21","0,189667","1.373,91"
11/05/1995,"61,07","0,189333","1.376,70"
12/05/1995,"61,07","0,189333","1.379,50"
15/05/1995,"61,07","0,189333","1.382,30"
16/05/1995,"60,94","0,189","1.385,10"
17/05/1995,"60,94","0,189","1.387,91"
18/05/1995,"60,94","0,189","1.390,72"
19/05/1995,"60,94","0,189","1.393,54"
22/05/1995,"60,94","0,189","1.396,36"
23/05/1995,"60,94","0,189","1.399,19"
24/05/1995,"60,94","0,189","1.402,02"
25/05/1995,"60,94","0,189","1.404,86"
26/05/1995,"60,94","0,189","1.407,70"
29/05/1995,"60,94","0,189","1.410,55"
30/05/1995,"60,94","0,189","1.413,41"
31/05/1995,"60,94","0,189","1.416,27"
01/06/1995,"61,34","0,19","1.419,15"
02/06/1995,"60,94","0,189","1.422,02"
05/06/1995,"60,94","0,189","1.424,90"
06/06/1995,"60,8","0,188667","1.427,77"
07/06/1995,"60,8","0,188667","1.430,66"
08/06/1995,"60,8","0,188667","1.433,54"
09/06/1995,"60,8","0,188667","1.436,44"
12/06/1995,"60,8","0,188667","1.439,34"
13/06/1995,"60,8","0,188667","1.442,24"
14/06/1995,"60,8","0,188667","1.445,15"
16/06/1995,"60,8","0,188667","1.448,07"
19/06/1995,"60,8","0,188667","1.450,99"
20/06/1995,"60,8","0,188667","1.453,91"
21/06/1995,"60,8","0,188667","1.456,84"
22/06/1995,"60,8","0,188667","1.459,78"
23/06/1995,"60,8","0,188667","1.462,72"
26/06/1995,"60,8","0,188667","1.465,67"
27/06/1995,"60,8","0,188667","1.468,63"
28/06/1995,"60,8","0,188667","1.471,59"
29/06/1995,"60,8","0,188667","1.474,55"
30/06/1995,"60,8","0,188667","1.477,52"
03/07/1995,"60,53","0,188","1.480,49"
04/07/1995,"60,8","0,188667","1.483,47"
05/07/1995,"60,8","0,188667","1.486,46"
06/07/1995,"60,8","0,188667","1.489,45"
07/07/1995,"60,8","0,188667","1.492,45"
10/07/1995,"60,67","0,188333","1.495,45"
11/07/1995,"60,67","0,188333","1.498,45"
12/07/1995,"60,67","0,188333","1.501,46"
13/07/1995,"60,53","0,188","1.504,47"
14/07/1995,"60,53","0,188","1.507,49"
17/07/1995,"60,4","0,187667","1.510,51"
18/07/1995,"60,4","0,187667","1.513,53"
19/07/1995,"60,4","0,187667","1.516,56"
20/07/1995,"60,4","0,187667","1.519,59"
21/07/1995,"60,4","0,187667","1.522,63"
24/07/1995,"60,4","0,187667","1.525,68"
25/07/1995,"60,4","0,187667","1.528,73"
26/07/1995,"60,4","0,187667","1.531,78"
27/07/1995,"60,4","0,187667","1.534,85"
28/07/1995,"60,4","0,187667","1.537,91"
31/07/1995,"60,4","0,187667","1.540,99"
01/08/1995,"52,4","0,167333","1.543,73"
02/08/1995,"52,27","0,167","1.546,48"
03/08/1995,"52,27","0,167","1.549,23"
04/08/1995,"51,76","0,165667","1.551,96"
07/08/1995,51,"0,163667","1.554,66"
08/08/1995,51,"0,163667","1.557,37"
09/08/1995,"50,87","0,163333","1.560,08"
10/08/1995,"50,87","0,163333","1.562,79"
11/08/1995,"50,87","0,163333","1.565,51"
14/08/1995,"50,87","0,163333","1.568,23"
15/08/1995,"50,87","0,163333","1.570,95"
16/08/1995,"50,87","0,163333","1.573,68"
17/08/1995,"50,87","0,163333","1.576,41"
18/08/1995,"50,87","0,163333","1.579,15"
21/08/1995,"50,87","0,163333","1.581,90"
22/08/1995,"50,87","0,163333","1.584,64"
23/08/1995,"50,87","0,163333","1.587,39"
24/08/1995,"50,87","0,163333","1.590,15"
25/08/1995,"50,87","0,163333","1.592,91"
28/08/1995,"50,87","0,163333","1.595,68"
29/08/1995,"50,87","0,163333","1.598,45"
30/08/1995,"50,87","0,163333","1.601,22"
31/08/1995,"50,87","0,163333","1.604,00"
01/09/1995,"52,27","0,167","1.606,84"
04/09/1995,51,"0,163667","1.609,64"
05/09/1995,51,"0,163667","1.612,44"
06/09/1995,51,"0,163667","1.615,24"
08/09/1995,51,"0,163667","1.618,05"
11/09/1995,51,"0,163667","1.620,86"
12/09/1995,51,"0,163667","1.623,67"
13/09/1995,51,"0,163667","1.626,49"
14/09/1995,"50,75","0,163","1.629,31"
15/09/1995,51,"0,163667","1.632,14"
18/09/1995,51,"0,163667","1.634,97"
19/09/1995,51,"0,163667","1.637,81"
20/09/1995,51,"0,163667","1.640,66"
21/09/1995,51,"0,163667","1.643,51"
22/09/1995,51,"0,163667","1.646,36"
25/09/1995,51,"0,163667","1.649,22"
26/09/1995,51,"0,163667","1.652,08"
27/09/1995,51,"0,163667","1.654,95"
28/09/1995,"50,62","0,162667","1.657,80"
29/09/1995,"50,37","0,162","1.660,65"
02/10/1995,"44,19","0,145333","1.663,21"
03/10/1995,"44,8","0,147","1.665,80"
04/10/1995,"44,55","0,146333","1.668,39"
05/10/1995,"44,19","0,145333","1.670,96"
06/10/1995,"43,59","0,143667","1.673,50"
09/10/1995,"43,59","0,143667","1.676,05"
10/10/1995,"43,59","0,143667","1.678,60"
11/10/1995,"43,71","0,144","1.681,16"
13/10/1995,"43,59","0,143667","1.683,72"
16/10/1995,"45,41","0,148667","1.686,37"
17/10/1995,"44,43","0,146","1.688,98"
18/10/1995,"44,55","0,146333","1.691,60"
19/10/1995,"44,68","0,146667","1.694,23"
20/10/1995,"44,8","0,147","1.696,86"
23/10/1995,"44,8","0,147","1.699,50"
24/10/1995,"43,71","0,144","1.702,10"
25/10/1995,"44,19","0,145333","1.704,71"
26/10/1995,"44,07","0,145","1.707,33"
27/10/1995,"43,47","0,143333","1.709,92"
30/10/1995,"43,47","0,143333","1.712,52"
31/10/1995,"42,99","0,142","1.715,09"
01/11/1995,"42,63","0,141","1.717,65"
03/11/1995,"42,03","0,139333","1.720,18"
06/11/1995,"42,63","0,141","1.722,75"
07/11/1995,"42,87","0,141667","1.725,33"
08/11/1995,"43,71","0,144","1.727,96"
09/11/1995,"43,71","0,144","1.730,59"
10/11/1995,"43,71","0,144","1.733,23"
13/11/1995,"44,19","0,145333","1.735,89"
14/11/1995,"44,07","0,145","1.738,55"
16/11/1995,"44,31","0,145667","1.741,23"
17/11/1995,"44,19","0,145333","1.743,91"
20/11/1995,"44,19","0,145333","1.746,59"
21/11/1995,"42,39","0,140333","1.749,18"
22/11/1995,"42,15","0,139667","1.751,76"
23/11/1995,"42,03","0,139333","1.754,34"
24/11/1995,"41,91","0,139","1.756,92"
27/11/1995,"42,03","0,139333","1.759,51"
28/11/1995,"42,15","0,139667","1.762,10"
29/11/1995,"41,91","0,139","1.764,69"
30/11/1995,"41,91","0,139","1.767,28"
01/12/1995,"40,02","0,133667","1.769,78"
04/12/1995,"40,61","0,135333","1.772,31"
05/12/1995,"40,25","0,134333","1.774,83"
06/12/1995,"40,25","0,134333","1.777,34"
07/12/1995,"40,49","0,135","1.779,88"
08/12/1995,"40,14","0,134","1.782,40"
11/12/1995,"41,79","0,138667","1.785,01"
12/12/1995,"40,73","0,135667","1.787,57"
13/12/1995,"40,84","0,136","1.790,13"
14/12/1995,"42,03","0,139333","1.792,77"
15/12/1995,"42,51","0,140667","1.795,43"
18/12/1995,"42,51","0,140667","1.798,09"
19/12/1995,"42,39","0,140333","1.800,76"
20/12/1995,"42,39","0,140333","1.803,43"
21/12/1995,"42,27","0,14","1.806,09"
22/12/1995,"42,15","0,139667","1.808,75"
26/12/1995,"41,67","0,138333","1.811,39"
27/12/1995,"40,96","0,136333","1.814,00"
28/12/1995,"40,25","0,134333","1.816,57"
29/12/1995,"40,25","0,134333","1.819,14"
02/01/1995,"35,29","0,12","1.821,45"
03/01/1996,"35,17","0,119667","1.823,75"
04/01/1996,"33,48","0,114667","1.825,95"
05/01/1996,"33,15","0,113667","1.828,14"
08/01/1996,"33,15","0,113667","1.830,33"
09/01/1996,"33,15","0,113667","1.832,53"
10/01/1996,"33,15","0,113667","1.834,72"
11/01/1996,"33,26","0,114","1.836,93"
12/01/1996,"33,26","0,114","1.839,14"
15/01/1996,"33,15","0,113667","1.841,34"
16/01/1996,"33,26","0,114","1.843,56"
17/01/1996,"33,48","0,114667","1.845,78"
18/01/1996,"33,15","0,113667","1.848,00"
19/01/1996,"34,72","0,118333","1.850,30"
22/01/1996,"34,72","0,118333","1.852,61"
23/01/1996,"34,61","0,118","1.854,91"
24/01/1996,"34,72","0,118333","1.857,23"
25/01/1996,"34,16","0,116667","1.859,51"
26/01/1996,"33,59","0,115","1.861,76"
29/01/1996,"33,48","0,114667","1.864,01"
30/01/1996,"34,27","0,117","1.866,31"
31/01/1996,"33,93","0,116","1.868,59"
01/02/1996,"36,08","0,122333","1.871,00"
02/02/1996,"35,85","0,121667","1.873,40"
05/02/1996,"35,51","0,120667","1.875,78"
06/02/1996,"35,85","0,121667","1.878,18"
07/02/1996,"35,51","0,120667","1.880,57"
08/02/1996,"35,51","0,120667","1.882,96"
09/02/1996,"35,4","0,120333","1.885,35"
12/02/1996,"35,97","0,122","1.887,77"
13/02/1996,"35,74","0,121333","1.890,18"
14/02/1996,"36,65","0,124","1.892,65"
15/02/1996,"37,23","0,125667","1.895,15"
16/02/1996,"37,23","0,125667","1.897,66"
21/02/1996,"37,46","0,126333","1.900,18"
22/02/1996,"37,46","0,126333","1.902,71"
23/02/1996,"37,46","0,126333","1.905,24"
26/02/1996,"36,2","0,122667","1.907,70"
27/02/1996,"35,4","0,120333","1.910,12"
28/02/1996,"35,17","0,119667","1.912,52"
29/02/1996,"34,38","0,117333","1.914,88"
01/03/1996,"31,15","0,107667","1.917,05"
04/03/1996,"31,59","0,109","1.919,25"
05/03/1996,"29,95","0,104","1.921,35"
06/03/1996,"30,16","0,104667","1.923,47"
07/03/1996,"30,16","0,104667","1.925,58"
08/03/1996,"29,95","0,104","1.927,69"
11/03/1996,"30,49","0,105667","1.929,83"
12/03/1996,"30,49","0,105667","1.931,98"
13/03/1996,"29,95","0,104","1.934,09"
14/03/1996,"29,95","0,104","1.936,21"
15/03/1996,"29,95","0,104","1.938,32"
18/03/1996,"30,27","0,105","1.940,46"
19/03/1996,"30,16","0,104667","1.942,60"
20/03/1996,"29,95","0,104","1.944,72"
21/03/1996,"29,95","0,104","1.946,85"
22/03/1996,"29,84","0,103667","1.948,97"
25/03/1996,"29,84","0,103667","1.951,10"
26/03/1996,"29,95","0,104","1.953,23"
27/03/1996,"29,95","0,104","1.955,37"
28/03/1996,"29,84","0,103667","1.957,50"
29/03/1996,"29,84","0,103667","1.959,63"
01/04/1996,"29,18","0,101667","1.961,72"
02/04/1996,"28,86","0,100667","1.963,80"
03/04/1996,"29,18","0,101667","1.965,90"
08/04/1996,"29,08","0,101333","1.967,99"
09/04/1996,"28,97","0,101","1.970,08"
10/04/1996,"30,16","0,104667","1.972,25"
11/04/1996,"30,27","0,105","1.974,42"
12/04/1996,"30,27","0,105","1.976,60"
15/04/1996,"30,82","0,106667","1.978,81"
16/04/1996,"30,93","0,107","1.981,04"
17/04/1996,"30,93","0,107","1.983,27"
18/04/1996,"30,82","0,106667","1.985,49"
19/04/1996,"30,6","0,106","1.987,70"
22/04/1996,"30,38","0,105333","1.989,90"
23/04/1996,"29,29","0,102","1.992,03"
24/04/1996,"28,97","0,101","1.994,14"
25/04/1996,"28,86","0,100667","1.996,25"
26/04/1996,"28,1","0,098333","1.998,31"
29/04/1996,"26,93","0,094667","2.000,30"
30/04/1996,"25,97","0,091667","2.002,22"
02/05/1996,"25,34","0,089667","2.004,11"
03/05/1996,"25,13","0,089","2.005,98"
06/05/1996,"25,02","0,088667","2.007,85"
07/05/1996,"25,02","0,088667","2.009,72"
08/05/1996,"25,02","0,088667","2.011,59"
09/05/1996,"25,02","0,088667","2.013,46"
10/05/1996,"25,02","0,088667","2.015,33"
13/05/1996,"25,02","0,088667","2.017,21"
14/05/1996,"25,13","0,089","2.019,09"
15/05/1996,"25,34","0,089667","2.020,99"
16/05/1996,"25,13","0,089","2.022,88"
17/05/1996,"25,23","0,089333","2.024,78"
20/05/1996,"25,13","0,089","2.026,67"
21/05/1996,"25,13","0,089","2.028,56"
22/05/1996,"25,13","0,089","2.030,46"
23/05/1996,"25,02","0,088667","2.032,35"
24/05/1996,"25,34","0,089667","2.034,26"
27/05/1996,"26,08","0,092","2.036,22"
28/05/1996,"26,82","0,094333","2.038,24"
29/05/1996,"27,35","0,096","2.040,29"
30/05/1996,28,"0,098","2.042,39"
31/05/1996,"28,75","0,100333","2.044,54"
03/06/1996,"29,18","0,101667","2.046,72"
04/06/1996,"29,73","0,103333","2.048,93"
05/06/1996,"29,73","0,103333","2.051,15"
07/06/1996,"30,27","0,105","2.053,41"
10/06/1996,"30,93","0,107","2.055,72"
11/06/1996,"31,26","0,108","2.058,05"
12/06/1996,"31,37","0,108333","2.060,38"
13/06/1996,"31,37","0,108333","2.062,72"
14/06/1996,"31,37","0,108333","2.065,07"
17/06/1996,"31,37","0,108333","2.067,41"
18/06/1996,"31,26","0,108","2.069,75"
19/06/1996,"31,04","0,107333","2.072,08"
20/06/1996,"31,26","0,108","2.074,43"
21/06/1996,"29,95","0,104","2.076,69"
24/06/1996,"29,84","0,103667","2.078,95"
25/06/1996,"27,46","0,096333","2.081,04"
26/06/1996,"26,18","0,092333","2.083,06"
27/06/1996,"25,76","0,091","2.085,05"
28/06/1996,"24,4","0,086667","2.086,94"
01/07/1996,"24,08","0,085667","2.088,81"
02/07/1996,"23,46","0,083667","2.090,64"
03/07/1996,"23,67","0,084333","2.092,49"
04/07/1996,"23,25","0,083","2.094,31"
05/07/1996,"23,25","0,083","2.096,13"
08/07/1996,"23,25","0,083","2.097,96"
09/07/1996,"23,15","0,082667","2.099,77"
10/07/1996,"23,05","0,082333","2.101,58"
11/07/1996,"23,25","0,083","2.103,41"
12/07/1996,"23,56","0,084","2.105,26"
15/07/1996,"23,46","0,083667","2.107,11"
16/07/1996,"23,15","0,082667","2.108,93"
17/07/1996,"23,15","0,082667","2.110,76"
18/07/1996,"23,15","0,082667","2.112,58"
19/07/1996,"23,25","0,083","2.114,42"
22/07/1996,"23,15","0,082667","2.116,25"
23/07/1996,"23,15","0,082667","2.118,08"
24/07/1996,"23,25","0,083","2.119,92"
25/07/1996,"23,15","0,082667","2.121,76"
26/07/1996,"23,05","0,082333","2.123,59"
29/07/1996,"23,05","0,082333","2.125,42"
30/07/1996,"23,15","0,082667","2.127,26"
31/07/1996,"23,36","0,083333","2.129,12"
01/08/1996,"24,5","0,087","2.131,05"
02/08/1996,"24,71","0,087667","2.133,01"
05/08/1996,"25,23","0,089333","2.135,01"
06/08/1996,"25,55","0,090333","2.137,02"
07/08/1996,"25,55","0,090333","2.139,05"
08/08/1996,"25,55","0,090333","2.141,07"
09/08/1996,"25,45","0,09","2.143,08"
12/08/1996,"25,55","0,090333","2.145,11"
13/08/1996,"25,55","0,090333","2.147,14"
14/08/1996,"25,45","0,09","2.149,16"
15/08/1996,"25,55","0,090333","2.151,19"
16/08/1996,"25,55","0,090333","2.153,23"
19/08/1996,"25,55","0,090333","2.155,26"
20/08/1996,"25,34","0,089667","2.157,28"
21/08/1996,"24,92","0,088333","2.159,28"
22/08/1996,"24,61","0,087333","2.161,25"
23/08/1996,"24,4","0,086667","2.163,21"
26/08/1996,"24,29","0,086333","2.165,17"
27/08/1996,"24,4","0,086667","2.167,13"
28/08/1996,"24,4","0,086667","2.169,09"
29/08/1996,"24,08","0,085667","2.171,04"
30/08/1996,"24,08","0,085667","2.172,98"
02/09/1996,"24,71","0,087667","2.174,98"
03/09/1996,"24,92","0,088333","2.176,98"
04/09/1996,"25,13","0,089","2.179,01"
05/09/1996,"25,02","0,088667","2.181,03"
06/09/1996,"25,23","0,089333","2.183,07"
09/09/1996,"25,13","0,089","2.185,10"
10/09/1996,"25,23","0,089333","2.187,14"
11/09/1996,"25,45","0,09","2.189,20"
12/09/1996,"26,4","0,093","2.191,33"
13/09/1996,"26,4","0,093","2.193,46"
16/09/1996,"26,29","0,092667","2.195,59"
17/09/1996,"25,97","0,091667","2.197,69"
18/09/1996,"25,97","0,091667","2.199,80"
19/09/1996,"26,18","0,092333","2.201,92"
20/09/1996,"25,87","0,091333","2.204,02"
23/09/1996,"25,34","0,089667","2.206,09"
24/09/1996,"24,92","0,088333","2.208,13"
25/09/1996,"24,82","0,088","2.210,16"
26/09/1996,"24,71","0,087667","2.212,18"
27/09/1996,"24,61","0,087333","2.214,20"
30/09/1996,"25,13","0,089","2.216,26"
01/10/1996,"23,15","0,082667","2.218,18"
02/10/1996,"23,36","0,083333","2.220,11"
04/10/1996,"23,25","0,083","2.222,03"
07/10/1996,"23,05","0,082333","2.223,95"
08/10/1996,"23,15","0,082667","2.225,87"
09/10/1996,"22,94","0,082","2.227,77"
10/10/1996,"23,05","0,082333","2.229,69"
11/10/1996,"23,46","0,083667","2.231,64"
14/10/1996,"23,67","0,084333","2.233,61"
15/10/1996,"24,08","0,085667","2.235,61"
16/10/1996,"23,98","0,085333","2.237,60"
17/10/1996,"23,77","0,084667","2.239,58"
18/10/1996,"23,98","0,085333","2.241,57"
21/10/1996,"23,25","0,083","2.243,52"
22/10/1996,"23,67","0,084333","2.245,49"
23/10/1996,"23,25","0,083","2.247,44"
24/10/1996,"23,46","0,083667","2.249,40"
25/10/1996,"23,67","0,084333","2.251,39"
28/10/1996,"23,36","0,083333","2.253,35"
29/10/1996,"23,67","0,084333","2.255,33"
30/10/1996,"23,67","0,084333","2.257,32"
31/10/1996,"23,77","0,084667","2.259,31"
01/11/1996,"25,23","0,089333","2.261,42"
04/11/1996,"25,23","0,089333","2.263,53"
05/11/1996,"25,55","0,090333","2.265,66"
06/11/1996,"25,45","0,09","2.267,79"
07/11/1996,"25,45","0,09","2.269,92"
08/11/1996,"25,66","0,090667","2.272,07"
11/11/1996,"25,76","0,091","2.274,23"
12/11/1996,"25,66","0,090667","2.276,38"
13/11/1996,"25,13","0,089","2.278,50"
14/11/1996,"25,23","0,089333","2.280,62"
18/11/1996,"25,34","0,089667","2.282,76"
19/11/1996,"25,13","0,089","2.284,88"
20/11/1996,"25,23","0,089333","2.287,01"
21/11/1996,"25,02","0,088667","2.289,13"
22/11/1996,"25,23","0,089333","2.291,26"
25/11/1996,"25,13","0,089","2.293,39"
26/11/1996,"25,02","0,088667","2.295,51"
27/11/1996,"24,82","0,088","2.297,62"
28/11/1996,"25,02","0,088667","2.299,74"
29/11/1996,"25,13","0,089","2.301,88"
02/12/1996,"23,56","0,084","2.303,90"
03/12/1996,"23,15","0,082667","2.305,89"
04/12/1996,"23,25","0,083","2.307,88"
05/12/1996,"23,46","0,083667","2.309,90"
06/12/1996,"23,56","0,084","2.311,92"
09/12/1996,"23,46","0,083667","2.313,94"
10/12/1996,"23,67","0,084333","2.315,98"
11/12/1996,"23,67","0,084333","2.318,01"
12/12/1996,"23,77","0,084667","2.320,06"
13/12/1996,"23,77","0,084667","2.322,11"
16/12/1996,"23,88","0,085","2.324,17"
17/12/1996,"24,08","0,085667","2.326,24"
18/12/1996,"24,4","0,086667","2.328,35"
19/12/1996,"24,19","0,086","2.330,44"
20/12/1996,"24,19","0,086","2.332,53"
23/12/1996,"24,29","0,086333","2.334,63"
24/12/1996,"24,29","0,086333","2.336,73"
26/12/1996,"24,19","0,086","2.338,82"
27/12/1996,"23,98","0,085333","2.340,90"
30/12/1996,"24,92","0,088333","2.343,06"
31/12/1996,"24,92","0,088333","2.345,22"
02/01/1996,"21,71","0,078","2.347,13"
03/01/1997,"21,41","0,077","2.349,01"
06/01/1997,"21,41","0,077","2.350,90"
07/01/1997,"21,51","0,077333","2.352,79"
08/01/1997,"21,51","0,077333","2.354,69"
09/01/1997,"21,51","0,077333","2.356,59"
10/01/1997,"21,71","0,078","2.358,50"
13/01/1997,"21,71","0,078","2.360,42"
14/01/1997,"21,71","0,078","2.362,34"
15/01/1997,"21,71","0,078","2.364,26"
16/01/1997,"21,81","0,078333","2.366,19"
17/01/1997,"21,81","0,078333","2.368,12"
20/01/1997,"21,71","0,078","2.370,05"
21/01/1997,"21,61","0,077667","2.371,97"
22/01/1997,"21,61","0,077667","2.373,89"
23/01/1997,"21,71","0,078","2.375,81"
24/01/1997,"21,92","0,078667","2.377,76"
27/01/1997,"21,81","0,078333","2.379,70"
28/01/1997,"22,02","0,079","2.381,66"
29/01/1997,"21,92","0,078667","2.383,61"
30/01/1997,"21,71","0,078","2.385,55"
31/01/1997,"22,63","0,081","2.387,57"
03/02/1997,"25,97","0,091667","2.389,85"
04/02/1997,"26,5","0,093333","2.392,17"
05/02/1997,"25,97","0,091667","2.394,45"
06/02/1997,"26,08","0,092","2.396,75"
07/02/1997,"26,4","0,093","2.399,07"
12/02/1997,"26,4","0,093","2.401,39"
13/02/1997,"26,61","0,093667","2.403,74"
14/02/1997,"26,5","0,093333","2.406,07"
17/02/1997,"26,4","0,093","2.408,41"
18/02/1997,"26,5","0,093333","2.410,75"
19/02/1997,"26,18","0,092333","2.413,06"
20/02/1997,"26,08","0,092","2.415,38"
21/02/1997,"26,08","0,092","2.417,69"
24/02/1997,"25,97","0,091667","2.420,00"
25/02/1997,"25,87","0,091333","2.422,30"
26/02/1997,"25,87","0,091333","2.424,60"
27/02/1997,"25,76","0,091","2.426,90"
28/02/1997,"25,34","0,089667","2.429,17"
03/03/1997,"24,4","0,086667","2.431,36"
04/03/1997,"24,08","0,085667","2.433,53"
05/03/1997,"23,98","0,085333","2.435,69"
06/03/1997,"24,08","0,085667","2.437,86"
07/03/1997,"24,19","0,086","2.440,04"
10/03/1997,"24,08","0,085667","2.442,22"
11/03/1997,"24,19","0,086","2.444,41"
12/03/1997,"24,19","0,086","2.446,59"
13/03/1997,"24,08","0,085667","2.448,78"
14/03/1997,"24,19","0,086","2.450,97"
17/03/1997,"24,19","0,086","2.453,16"
18/03/1997,"24,08","0,085667","2.455,35"
19/03/1997,"24,08","0,085667","2.457,54"
20/03/1997,"24,08","0,085667","2.459,73"
21/03/1997,"23,98","0,085333","2.461,91"
24/03/1997,"23,98","0,085333","2.464,10"
25/03/1997,"24,08","0,085667","2.466,30"
26/03/1997,"24,19","0,086","2.468,50"
31/03/1997,"23,88","0,085","2.470,69"
01/04/1997,21,"0,075667","2.472,63"
02/04/1997,"21,1","0,076","2.474,59"
03/04/1997,"21,1","0,076","2.476,54"
04/04/1997,"21,2","0,076333","2.478,51"
07/04/1997,"21,41","0,077","2.480,50"
08/04/1997,"22,43","0,080333","2.482,57"
09/04/1997,"21,81","0,078333","2.484,59"
10/04/1997,"22,74","0,081333","2.486,69"
11/04/1997,"23,15","0,082667","2.488,83"
14/04/1997,"23,15","0,082667","2.490,97"
15/04/1997,"22,74","0,081333","2.493,08"
16/04/1997,"22,33","0,08","2.495,15"
17/04/1997,"23,25","0,083","2.497,31"
18/04/1997,"22,43","0,080333","2.499,39"
22/04/1997,"21,92","0,078667","2.501,44"
23/04/1997,"21,1","0,076","2.503,42"
24/04/1997,21,"0,075667","2.505,39"
25/04/1997,"21,1","0,076","2.507,37"
28/04/1997,"21,2","0,076333","2.509,36"
29/04/1997,"21,41","0,077","2.511,37"
30/04/1997,"21,1","0,076","2.513,35"
02/05/1997,"21,81","0,078333","2.515,40"
05/05/1997,"21,71","0,078","2.517,44"
06/05/1997,"21,81","0,078333","2.519,49"
07/05/1997,"21,81","0,078333","2.521,54"
08/05/1997,"21,92","0,078667","2.523,60"
09/05/1997,"22,12","0,079333","2.525,68"
12/05/1997,"22,02","0,079","2.527,76"
13/05/1997,"22,02","0,079","2.529,83"
14/05/1997,"22,12","0,079333","2.531,92"
15/05/1997,"22,02","0,079","2.534,00"
16/05/1997,"22,12","0,079333","2.536,09"
19/05/1997,"22,22","0,079667","2.538,19"
20/05/1997,"22,22","0,079667","2.540,29"
21/05/1997,"22,12","0,079333","2.542,39"
22/05/1997,"22,12","0,079333","2.544,48"
23/05/1997,"22,12","0,079333","2.546,58"
26/05/1997,"22,02","0,079","2.548,67"
27/05/1997,"21,81","0,078333","2.550,75"
28/05/1997,21,"0,075667","2.552,75"
30/05/1997,21,"0,075667","2.554,76"
02/06/1997,"20,9","0,075333","2.556,76"
03/06/1997,"20,9","0,075333","2.558,76"
04/06/1997,21,"0,075667","2.560,77"
05/06/1997,"21,1","0,076","2.562,79"
06/06/1997,"21,3","0,076667","2.564,84"
09/06/1997,"21,51","0,077333","2.566,90"
10/06/1997,"21,2","0,076333","2.568,93"
11/06/1997,"21,2","0,076333","2.570,97"
12/06/1997,"21,1","0,076","2.573,00"
13/06/1997,"21,3","0,076667","2.575,05"
16/06/1997,"21,2","0,076333","2.577,09"
17/06/1997,"21,3","0,076667","2.579,14"
18/06/1997,"21,2","0,076333","2.581,19"
19/06/1997,"21,2","0,076333","2.583,23"
20/06/1997,"21,1","0,076","2.585,27"
23/06/1997,"21,1","0,076","2.587,31"
24/06/1997,"21,1","0,076","2.589,36"
25/06/1997,"20,8","0,075","2.591,37"
26/06/1997,"20,8","0,075","2.593,39"
27/06/1997,"20,49","0,074","2.595,39"
30/06/1997,"20,9","0,075333","2.597,42"
01/07/1997,"19,18","0,069667","2.599,30"
02/07/1997,"18,88","0,068667","2.601,15"
03/07/1997,"18,98","0,069","2.603,01"
04/07/1997,"18,98","0,069","2.604,88"
07/07/1997,"19,18","0,069667","2.606,76"
08/07/1997,"19,18","0,069667","2.608,65"
09/07/1997,"19,08","0,069333","2.610,53"
10/07/1997,"19,18","0,069667","2.612,41"
11/07/1997,"19,28","0,07","2.614,31"
14/07/1997,"19,28","0,07","2.616,21"
15/07/1997,"19,38","0,070333","2.618,12"
16/07/1997,"19,18","0,069667","2.620,02"
17/07/1997,"19,08","0,069333","2.621,90"
18/07/1997,"19,08","0,069333","2.623,79"
21/07/1997,"18,98","0,069","2.625,67"
22/07/1997,"18,88","0,068667","2.627,54"
23/07/1997,"18,88","0,068667","2.629,41"
24/07/1997,"18,88","0,068667","2.631,29"
25/07/1997,"18,98","0,069","2.633,17"
28/07/1997,"18,88","0,068667","2.635,05"
29/07/1997,"18,88","0,068667","2.636,93"
30/07/1997,"18,88","0,068667","2.638,81"
31/07/1997,"18,78","0,068333","2.640,68"
01/08/1997,"20,69","0,074667","2.642,73"
04/08/1997,"20,59","0,074333","2.644,76"
05/08/1997,"20,59","0,074333","2.646,80"
06/08/1997,"20,49","0,074","2.648,84"
07/08/1997,"20,69","0,074667","2.650,89"
08/08/1997,"20,69","0,074667","2.652,94"
11/08/1997,"20,9","0,075333","2.655,02"
12/08/1997,21,"0,075667","2.657,10"
13/08/1997,21,"0,075667","2.659,19"
14/08/1997,21,"0,075667","2.661,28"
15/08/1997,"20,9","0,075333","2.663,36"
18/08/1997,"20,8","0,075","2.665,43"
19/08/1997,"20,8","0,075","2.667,50"
20/08/1997,"20,8","0,075","2.669,58"
21/08/1997,"20,8","0,075","2.671,66"
22/08/1997,"20,8","0,075","2.673,73"
25/08/1997,"20,8","0,075","2.675,81"
26/08/1997,"20,8","0,075","2.677,90"
27/08/1997,"20,8","0,075","2.679,98"
28/08/1997,"20,8","0,075","2.682,06"
29/08/1997,"20,69","0,074667","2.684,14"
01/09/1997,"20,09","0,072667","2.686,17"
02/09/1997,"19,99","0,072333","2.688,18"
03/09/1997,"19,89","0,072","2.690,19"
04/09/1997,"19,89","0,072","2.692,20"
05/09/1997,"19,89","0,072","2.694,21"
08/09/1997,"19,89","0,072","2.696,22"
09/09/1997,"19,89","0,072","2.698,23"
10/09/1997,"19,89","0,072","2.700,25"
11/09/1997,"19,89","0,072","2.702,26"
12/09/1997,"19,99","0,072333","2.704,29"
15/09/1997,"19,99","0,072333","2.706,32"
16/09/1997,"19,89","0,072","2.708,34"
17/09/1997,"19,89","0,072","2.710,36"
18/09/1997,"19,89","0,072","2.712,38"
19/09/1997,"19,89","0,072","2.714,41"
22/09/1997,"19,79","0,071667","2.716,43"
23/09/1997,"19,89","0,072","2.718,45"
24/09/1997,"19,79","0,071667","2.720,47"
25/09/1997,"19,69","0,071333","2.722,49"
26/09/1997,"19,48","0,070667","2.724,48"
29/09/1997,"19,18","0,069667","2.726,45"
30/09/1997,"19,18","0,069667","2.728,42"
01/10/1997,"18,98","0,069","2.730,37"
02/10/1997,"18,88","0,068667","2.732,31"
03/10/1997,"18,88","0,068667","2.734,26"
06/10/1997,"18,88","0,068667","2.736,20"
07/10/1997,"18,98","0,069","2.738,16"
08/10/1997,"18,88","0,068667","2.740,11"
09/10/1997,"18,88","0,068667","2.742,06"
10/10/1997,"18,88","0,068667","2.744,01"
13/10/1997,"18,88","0,068667","2.745,96"
14/10/1997,"19,08","0,069333","2.747,94"
15/10/1997,"19,08","0,069333","2.749,91"
16/10/1997,"19,08","0,069333","2.751,89"
17/10/1997,"18,98","0,069","2.753,86"
20/10/1997,"18,98","0,069","2.755,82"
21/10/1997,"18,98","0,069","2.757,80"
22/10/1997,"18,98","0,069","2.759,77"
23/10/1997,"18,88","0,068667","2.761,73"
24/10/1997,"18,88","0,068667","2.763,70"
27/10/1997,"18,88","0,068667","2.765,66"
28/10/1997,"19,18","0,069667","2.767,66"
29/10/1997,"19,18","0,069667","2.769,66"
30/10/1997,"20,69","0,074667","2.771,80"
31/10/1997,"41,2","0,137","2.775,73"
03/11/1997,"44,92","0,147333","2.779,97"
04/11/1997,"44,92","0,147333","2.784,21"
05/11/1997,"45,04","0,147667","2.788,47"
06/11/1997,"45,65","0,149333","2.792,79"
07/11/1997,"46,02","0,150333","2.797,14"
10/11/1997,"46,14","0,150667","2.801,50"
11/11/1997,"46,26","0,151","2.805,88"
12/11/1997,"46,26","0,151","2.810,27"
13/11/1997,"46,26","0,151","2.814,66"
14/11/1997,"46,39","0,151333","2.819,07"
17/11/1997,"46,26","0,151","2.823,48"
18/11/1997,"46,26","0,151","2.827,90"
19/11/1997,"46,14","0,150667","2.832,31"
20/11/1997,"46,02","0,150333","2.836,72"
21/11/1997,"46,14","0,150667","2.841,14"
24/11/1997,"46,14","0,150667","2.845,57"
25/11/1997,"46,14","0,150667","2.850,01"
26/11/1997,"46,14","0,150667","2.854,46"
27/11/1997,"46,02","0,150333","2.858,90"
28/11/1997,"44,92","0,147333","2.863,26"
01/12/1997,"38,73","0,13","2.867,11"
02/12/1997,"38,62","0,129667","2.870,96"
03/12/1997,"38,97","0,130667","2.874,84"
04/12/1997,"39,2","0,131333","2.878,74"
05/12/1997,"39,32","0,131667","2.882,67"
08/12/1997,"38,85","0,130333","2.886,55"
09/12/1997,"38,62","0,129667","2.890,43"
10/12/1997,"38,85","0,130333","2.894,32"
11/12/1997,"38,85","0,130333","2.898,23"
12/12/1997,"38,73","0,13","2.902,12"
15/12/1997,"38,73","0,13","2.906,03"
16/12/1997,"39,08","0,131","2.909,97"
17/12/1997,"39,32","0,131667","2.913,93"
18/12/1997,"41,08","0,136667","2.918,05"
19/12/1997,"41,32","0,137333","2.922,19"
22/12/1997,"41,56","0,138","2.926,36"
23/12/1997,"41,91","0,139","2.930,57"
24/12/1997,"41,91","0,139","2.934,78"
26/12/1997,"40,96","0,136333","2.938,92"
29/12/1997,"40,84","0,136","2.943,05"
30/12/1997,"40,84","0,136","2.947,19"
31/12/1997,"40,84","0,136","2.951,34"
02/01/1997,"35,76","0,12139","2.955,04"
05/01/1998,"37,49","0,126422","2.958,90"
06/01/1998,"37,94","0,12772","2.962,81"
07/01/1998,"38,07","0,128094","2.966,73"
08/01/1998,"38,04","0,128008","2.970,66"
09/01/1998,"38,02","0,12795","2.974,59"
12/01/1998,"37,98","0,127835","2.978,52"
13/01/1998,"38,01","0,127921","2.982,45"
14/01/1998,"37,84","0,127432","2.986,38"
15/01/1998,"37,85","0,127461","2.990,32"
16/01/1998,"37,83","0,127403","2.994,25"
19/01/1998,"37,72","0,127086","2.998,19"
20/01/1998,"37,57","0,126653","3.002,11"
21/01/1998,"37,44","0,126277","3.006,03"
22/01/1998,"37,41","0,12619","3.009,95"
23/01/1998,"37,41","0,12619","3.013,87"
26/01/1998,"36,82","0,124481","3.017,75"
27/01/1998,"36,52","0,123608","3.021,60"
28/01/1998,"36,32","0,123026","3.025,44"
29/01/1998,"34,24","0,116917","3.029,10"
30/01/1998,"34,79","0,118542","3.032,80"
02/02/1998,"34,45","0,117538","3.036,49"
03/02/1998,"34,46","0,117568","3.040,17"
04/02/1998,"34,68","0,118217","3.043,89"
05/02/1998,"34,46","0,117568","3.047,58"
06/02/1998,"34,65","0,118129","3.051,30"
09/02/1998,"34,48","0,117627","3.055,01"
10/02/1998,"34,48","0,117627","3.058,72"
11/02/1998,"34,45","0,117538","3.062,43"
12/02/1998,"34,41","0,11742","3.066,15"
13/02/1998,"34,67","0,118188","3.069,89"
16/02/1998,"34,41","0,11742","3.073,61"
17/02/1998,"34,39","0,117361","3.077,33"
18/02/1998,"34,37","0,117302","3.081,06"
19/02/1998,"34,07","0,116414","3.084,76"
20/02/1998,"33,97","0,116117","3.088,46"
25/02/1998,"33,97","0,116117","3.092,16"
26/02/1998,"33,67","0,115227","3.095,84"
27/02/1998,"33,69","0,115286","3.099,53"
02/03/1998,"33,68","0,115256","3.103,21"
03/03/1998,"33,58","0,114959","3.106,90"
04/03/1998,"32,55","0,111884","3.110,49"
05/03/1998,"27,9","0,097698","3.113,62"
06/03/1998,"28,04","0,098132","3.116,78"
09/03/1998,"27,96","0,097884","3.119,92"
10/03/1998,"27,9","0,097698","3.123,07"
11/03/1998,"27,75","0,097232","3.126,20"
12/03/1998,"27,42","0,096204","3.129,31"
13/03/1998,"27,89","0,097667","3.132,46"
16/03/1998,"27,63","0,096858","3.135,59"
17/03/1998,"27,5","0,096454","3.138,71"
18/03/1998,"27,51","0,096485","3.141,84"
19/03/1998,"27,32","0,095893","3.144,95"
20/03/1998,"27,45","0,096298","3.148,07"
23/03/1998,"27,35","0,095986","3.151,19"
24/03/1998,"27,33","0,095924","3.154,31"
25/03/1998,"27,34","0,095955","3.157,43"
26/03/1998,"27,34","0,095955","3.160,56"
27/03/1998,"27,33","0,095924","3.163,68"
30/03/1998,"27,31","0,095861","3.166,81"
31/03/1998,"27,27","0,095737","3.169,94"
01/04/1998,"27,25","0,095674","3.173,07"
02/04/1998,"27,24","0,095643","3.176,20"
03/04/1998,"27,26","0,095705","3.179,33"
06/04/1998,"27,6","0,096765","3.182,51"
07/04/1998,"27,92","0,09776","3.185,72"
08/04/1998,"27,96","0,097884","3.188,93"
13/04/1998,"27,83","0,09748","3.192,14"
14/04/1998,"27,67","0,096983","3.195,33"
15/04/1998,"25,9","0,091438","3.198,34"
16/04/1998,"23,57","0,084018","3.201,12"
17/04/1998,"23,35","0,083311","3.203,87"
20/04/1998,"23,2","0,082827","3.206,60"
22/04/1998,"23,16","0,082699","3.209,34"
23/04/1998,"23,16","0,082699","3.212,07"
24/04/1998,"23,16","0,082699","3.214,81"
27/04/1998,"23,13","0,082602","3.217,55"
28/04/1998,"23,17","0,082731","3.220,30"
29/04/1998,"23,08","0,08244","3.223,03"
30/04/1998,"22,85","0,081698","3.225,75"
04/05/1998,"23,02","0,082247","3.228,48"
05/05/1998,"23,37","0,083375","3.231,26"
06/05/1998,"23,33","0,083246","3.234,03"
07/05/1998,"23,19","0,082795","3.236,79"
08/05/1998,"23,19","0,082795","3.239,55"
11/05/1998,"23,23","0,082924","3.242,32"
12/05/1998,"23,44","0,0836","3.245,12"
13/05/1998,"23,23","0,082924","3.247,89"
14/05/1998,"23,23","0,082924","3.250,67"
15/05/1998,"23,16","0,082699","3.253,44"
18/05/1998,"23,12","0,08257","3.256,21"
19/05/1998,"23,1","0,082505","3.258,98"
20/05/1998,"22,29","0,079883","3.261,66"
21/05/1998,"21,69","0,07793","3.264,28"
22/05/1998,"21,59","0,077603","3.266,89"
25/05/1998,"21,58","0,077571","3.269,50"
26/05/1998,"21,58","0,077571","3.272,12"
27/05/1998,"21,57","0,077538","3.274,73"
28/05/1998,"21,57","0,077538","3.277,35"
29/05/1998,"21,5","0,077309","3.279,96"
01/06/1998,"21,2","0,076327","3.282,54"
02/06/1998,"21,06","0,075868","3.285,10"
03/06/1998,"21,06","0,075868","3.287,67"
04/06/1998,"21,07","0,075901","3.290,24"
05/06/1998,"21,07","0,075901","3.292,82"
08/06/1998,"21,08","0,075934","3.295,39"
09/06/1998,"21,09","0,075967","3.297,97"
10/06/1998,"21,09","0,075967","3.300,55"
12/06/1998,"21,09","0,075967","3.303,14"
15/06/1998,"21,09","0,075967","3.305,72"
16/06/1998,"21,09","0,075967","3.308,31"
17/06/1998,"21,09","0,075967","3.310,90"
18/06/1998,"21,1","0,076","3.313,49"
19/06/1998,"21,09","0,075967","3.316,09"
22/06/1998,"21,09","0,075967","3.318,68"
23/06/1998,"21,09","0,075967","3.321,28"
24/06/1998,"21,05","0,075836","3.323,87"
25/06/1998,"20,76","0,074883","3.326,44"
26/06/1998,"20,76","0,074883","3.329,00"
29/06/1998,"20,7","0,074686","3.331,56"
30/06/1998,"20,65","0,074521","3.334,12"
01/07/1998,"20,59","0,074324","3.336,67"
02/07/1998,"20,55","0,074192","3.339,22"
03/07/1998,"20,5","0,074027","3.341,77"
06/07/1998,"20,46","0,073895","3.344,31"
07/07/1998,"20,49","0,073994","3.346,86"
08/07/1998,"20,49","0,073994","3.349,41"
09/07/1998,"20,49","0,073994","3.351,96"
10/07/1998,"20,49","0,073994","3.354,52"
13/07/1998,"20,49","0,073994","3.357,07"
14/07/1998,"20,49","0,073994","3.359,63"
15/07/1998,"20,49","0,073994","3.362,19"
16/07/1998,"20,49","0,073994","3.364,75"
17/07/1998,"20,49","0,073994","3.367,32"
20/07/1998,"20,49","0,073994","3.369,88"
21/07/1998,"20,49","0,073994","3.372,45"
22/07/1998,"20,39","0,073665","3.375,01"
23/07/1998,"20,25","0,073202","3.377,55"
24/07/1998,"20,19","0,073004","3.380,09"
27/07/1998,"20,09","0,072674","3.382,62"
28/07/1998,"19,99","0,072343","3.385,14"
29/07/1998,"19,98","0,07231","3.387,66"
30/07/1998,"19,67","0,071282","3.390,14"
31/07/1998,"19,63","0,07115","3.392,63"
03/08/1998,"19,59","0,071017","3.395,11"
04/08/1998,"19,55","0,070884","3.397,59"
05/08/1998,"19,49","0,070685","3.400,06"
06/08/1998,"19,45","0,070552","3.402,53"
07/08/1998,"19,39","0,070352","3.404,99"
10/08/1998,"19,35","0,070219","3.407,45"
11/08/1998,"19,29","0,070019","3.409,91"
12/08/1998,"19,25","0,069886","3.412,36"
13/08/1998,"19,24","0,069853","3.414,82"
14/08/1998,"19,2","0,06972","3.417,27"
17/08/1998,"19,18","0,069653","3.419,72"
18/08/1998,"19,17","0,06962","3.422,17"
19/08/1998,"19,15","0,069553","3.424,62"
20/08/1998,"19,14","0,06952","3.427,07"
21/08/1998,"19,1","0,069386","3.429,51"
24/08/1998,"19,09","0,069353","3.431,96"
25/08/1998,"19,07","0,069286","3.434,41"
26/08/1998,"19,05","0,06922","3.436,85"
27/08/1998,"19,02","0,06912","3.439,30"
28/08/1998,"19,01","0,069086","3.441,74"
31/08/1998,19,"0,069053","3.444,19"
01/09/1998,"19,08","0,06932","3.446,65"
02/09/1998,"19,11","0,06942","3.449,11"
03/09/1998,"19,14","0,06952","3.451,58"
04/09/1998,"19,2","0,06972","3.454,05"
08/09/1998,"29,87","0,10377","3.457,74"
09/09/1998,"30,05","0,10432","3.461,45"
10/09/1998,"29,73","0,103341","3.465,13"
11/09/1998,"39,78","0,132985","3.469,87"
14/09/1998,"39,76","0,132928","3.474,62"
15/09/1998,"39,75","0,1329","3.479,37"
16/09/1998,"39,75","0,1329","3.484,13"
17/09/1998,"39,75","0,1329","3.488,89"
18/09/1998,"39,73","0,132843","3.493,66"
21/09/1998,"39,79","0,133013","3.498,44"
22/09/1998,"39,89","0,133298","3.503,23"
23/09/1998,"40,08","0,133837","3.508,06"
24/09/1998,"39,96","0,133496","3.512,87"
25/09/1998,"40,13","0,133979","3.517,71"
28/09/1998,"40,26","0,134347","3.522,57"
29/09/1998,"40,39","0,134715","3.527,45"
30/09/1998,"40,5","0,135027","3.532,35"
01/10/1998,"40,6","0,135309","3.537,27"
02/10/1998,"40,7","0,135592","3.542,20"
05/10/1998,"40,8","0,135874","3.547,15"
06/10/1998,"40,9","0,136156","3.552,11"
07/10/1998,"40,99","0,13641","3.557,10"
08/10/1998,"41,1","0,13672","3.562,10"
09/10/1998,"41,19","0,136973","3.567,11"
13/10/1998,"41,3","0,137283","3.572,15"
14/10/1998,"41,4","0,137564","3.577,20"
15/10/1998,"41,5","0,137845","3.582,27"
16/10/1998,"41,59","0,138097","3.587,35"
19/10/1998,"41,7","0,138406","3.592,45"
20/10/1998,"41,8","0,138686","3.597,58"
21/10/1998,"41,9","0,138966","3.602,71"
22/10/1998,42,"0,139246","3.607,87"
23/10/1998,"42,11","0,139554","3.613,04"
26/10/1998,"42,2","0,139806","3.618,24"
27/10/1998,"42,3","0,140085","3.623,44"
28/10/1998,"42,39","0,140336","3.628,67"
29/10/1998,"42,5","0,140643","3.633,91"
30/10/1998,"42,6","0,140922","3.639,18"
03/11/1998,"42,7","0,141201","3.644,46"
04/11/1998,"42,74","0,141312","3.649,75"
05/11/1998,"42,73","0,141284","3.655,04"
06/11/1998,"42,72","0,141256","3.660,35"
09/11/1998,"42,74","0,141312","3.665,66"
10/11/1998,"42,75","0,14134","3.670,98"
11/11/1998,"42,74","0,141312","3.676,31"
12/11/1998,"39,56","0,132359","3.681,31"
13/11/1998,"38,99","0,130733","3.686,26"
16/11/1998,"38,5","0,12933","3.691,15"
17/11/1998,38,"0,127893","3.696,00"
18/11/1998,"37,5","0,12645","3.700,80"
19/11/1998,37,"0,125003","3.705,55"
20/11/1998,"36,51","0,123579","3.710,25"
23/11/1998,36,"0,122092","3.714,91"
24/11/1998,"35,5","0,120629","3.719,51"
25/11/1998,35,"0,11916","3.724,06"
26/11/1998,"34,68","0,118217","3.728,58"
27/11/1998,"34,59","0,117952","3.733,10"
30/11/1998,"34,4","0,11739","3.737,60"
01/12/1998,"34,2","0,116799","3.742,08"
02/12/1998,34,"0,116206","3.746,54"
03/12/1998,"33,8","0,115613","3.750,99"
04/12/1998,"33,6","0,115019","3.755,42"
07/12/1998,"33,4","0,114423","3.759,83"
08/12/1998,"33,2","0,113827","3.764,22"
09/12/1998,33,"0,11323","3.768,60"
10/12/1998,"32,98","0,113171","3.772,98"
11/12/1998,"32,63","0,112124","3.777,32"
14/12/1998,"32,4","0,111434","3.781,64"
15/12/1998,"32,21","0,110864","3.785,95"
16/12/1998,"32,01","0,110262","3.790,23"
17/12/1998,"29,37","0,102237","3.794,21"
18/12/1998,"29,34","0,102145","3.798,18"
21/12/1998,"29,02","0,101161","3.802,13"
22/12/1998,"28,96","0,100976","3.806,07"
23/12/1998,"28,96","0,100976","3.810,01"
24/12/1998,"28,96","0,100976","3.813,96"
28/12/1998,"28,84","0,100607","3.817,90"
29/12/1998,"28,79","0,100452","3.821,83"
30/12/1998,"28,96","0,100976","3.825,79"
31/12/1998,"28,96","0,100976","3.829,76"
02/01/1998,"29,04","0,101223","3.833,74"
05/01/1999,"28,93","0,100884","3.837,70"
06/01/1999,"28,94","0,100915","3.841,68"
07/01/1999,"29,01","0,10113","3.845,66"
08/01/1999,"29,13","0,1015","3.849,67"
11/01/1999,"29,34","0,102145","3.853,70"
12/01/1999,"29,33","0,102114","3.857,74"
13/01/1999,"29,81","0,103586","3.861,84"
14/01/1999,"29,83","0,103647","3.865,95"
15/01/1999,"30,09","0,104442","3.870,09"
18/01/1999,"29,85","0,103708","3.874,21"
19/01/1999,"32,03","0,110322","3.878,59"
20/01/1999,"32,17","0,110743","3.883,00"
21/01/1999,"32,99","0,1132","3.887,51"
22/01/1999,"32,48","0,111674","3.891,96"
25/01/1999,"32,47","0,111644","3.896,42"
26/01/1999,"32,48","0,111674","3.900,88"
27/01/1999,"33,86","0,115791","3.905,51"
28/01/1999,"35,48","0,12057","3.910,34"
29/01/1999,"36,94","0,124829","3.915,35"
01/02/1999,"38,79","0,130161","3.920,57"
02/02/1999,"38,97","0,130676","3.925,83"
03/02/1999,"38,99","0,130733","3.931,09"
04/02/1999,"38,99","0,130733","3.936,36"
05/02/1999,"38,99","0,130733","3.941,64"
08/02/1999,"38,99","0,130733","3.946,92"
09/02/1999,"38,99","0,130733","3.952,21"
10/02/1999,"38,99","0,130733","3.957,51"
11/02/1999,"38,99","0,130733","3.962,81"
12/02/1999,39,"0,130762","3.968,13"
17/02/1999,"38,99","0,130733","3.973,44"
18/02/1999,"38,99","0,130733","3.978,77"
19/02/1999,"38,99","0,130733","3.984,10"
22/02/1999,"38,93","0,130561","3.989,43"
23/02/1999,"38,98","0,130704","3.994,78"
24/02/1999,39,"0,130762","4.000,13"
25/02/1999,"38,97","0,130676","4.005,49"
26/02/1999,39,"0,130762","4.010,86"
01/03/1999,"38,98","0,130704","4.016,23"
02/03/1999,"38,98","0,130704","4.021,61"
03/03/1999,39,"0,130762","4.027,00"
04/03/1999,"38,97","0,130676","4.032,40"
05/03/1999,"44,92","0,147335","4.038,48"
08/03/1999,"44,97","0,147472","4.044,59"
09/03/1999,"44,84","0,147116","4.050,68"
10/03/1999,"44,91","0,147308","4.056,80"
11/03/1999,"44,97","0,147472","4.062,93"
12/03/1999,"44,96","0,147445","4.069,07"
15/03/1999,"44,96","0,147445","4.075,21"
16/03/1999,"44,96","0,147445","4.081,37"
17/03/1999,"44,96","0,147445","4.087,54"
18/03/1999,"44,96","0,147445","4.093,71"
19/03/1999,"44,99","0,147527","4.099,90"
22/03/1999,"44,98","0,1475","4.106,09"
23/03/1999,"44,95","0,147418","4.112,29"
24/03/1999,"44,94","0,14739","4.118,50"
25/03/1999,"41,96","0,139134","4.124,37"
26/03/1999,"42,02","0,139302","4.130,25"
29/03/1999,"41,99","0,139218","4.136,14"
30/03/1999,"41,97","0,139162","4.142,04"
31/03/1999,"41,93","0,13905","4.147,94"
05/04/1999,"41,91","0,138994","4.153,84"
06/04/1999,"39,47","0,132103","4.159,46"
07/04/1999,"39,44","0,132017","4.165,08"
08/04/1999,"39,44","0,132017","4.170,72"
09/04/1999,"39,42","0,13196","4.176,35"
12/04/1999,"39,41","0,131932","4.181,99"
13/04/1999,"39,4","0,131903","4.187,64"
14/04/1999,"39,39","0,131875","4.193,30"
15/04/1999,"33,9","0,11591","4.198,27"
16/04/1999,"33,96","0,116088","4.203,26"
19/04/1999,"33,94","0,116028","4.208,25"
20/04/1999,"33,94","0,116028","4.213,25"
22/04/1999,"33,93","0,115999","4.218,26"
23/04/1999,"33,92","0,115969","4.223,26"
26/04/1999,"33,89","0,11588","4.228,27"
27/04/1999,"33,89","0,11588","4.233,29"
28/04/1999,"33,89","0,11588","4.238,31"
29/04/1999,"31,97","0,110142","4.243,09"
30/04/1999,"31,93","0,110021","4.247,87"
03/05/1999,"31,9","0,109931","4.252,65"
04/05/1999,"31,92","0,109991","4.257,43"
05/05/1999,"31,9","0,109931","4.262,22"
06/05/1999,"31,88","0,109871","4.267,02"
07/05/1999,"31,87","0,109841","4.271,81"
10/05/1999,"29,67","0,103157","4.276,32"
11/05/1999,"29,46","0,102514","4.280,81"
12/05/1999,"29,45","0,102483","4.285,30"
13/05/1999,"27,04","0,095018","4.289,47"
14/05/1999,"27,03","0,094987","4.293,64"
17/05/1999,"26,94","0,094705","4.297,80"
18/05/1999,"26,91","0,094611","4.301,96"
19/05/1999,"26,89","0,094549","4.306,12"
20/05/1999,"23,53","0,08389","4.309,82"
21/05/1999,"23,46","0,083665","4.313,51"
24/05/1999,"23,43","0,083568","4.317,19"
25/05/1999,"23,42","0,083536","4.320,88"
26/05/1999,"23,39","0,08344","4.324,57"
27/05/1999,"23,38","0,083407","4.328,26"
28/05/1999,"23,35","0,083311","4.331,95"
31/05/1999,"23,34","0,083279","4.335,64"
01/06/1999,"23,28","0,083085","4.339,33"
02/06/1999,"23,29","0,083118","4.343,02"
04/06/1999,"23,28","0,083085","4.346,71"
07/06/1999,"23,28","0,083085","4.350,40"
08/06/1999,"23,27","0,083053","4.354,10"
09/06/1999,"21,99","0,078908","4.357,62"
10/06/1999,"21,98","0,078875","4.361,13"
11/06/1999,"21,97","0,078843","4.364,65"
14/06/1999,"21,95","0,078777","4.368,17"
15/06/1999,"21,92","0,07868","4.371,68"
16/06/1999,"21,92","0,07868","4.375,20"
17/06/1999,"21,9","0,078615","4.378,72"
18/06/1999,"21,89","0,078582","4.382,24"
21/06/1999,"21,88","0,078549","4.385,76"
22/06/1999,"21,87","0,078517","4.389,28"
23/06/1999,"21,84","0,078419","4.392,80"
24/06/1999,"20,98","0,075606","4.396,20"
25/06/1999,"20,97","0,075573","4.399,60"
28/06/1999,"20,97","0,075573","4.403,00"
29/06/1999,"20,96","0,07554","4.406,40"
30/06/1999,"20,96","0,07554","4.409,80"
01/07/1999,"20,94","0,075475","4.413,21"
02/07/1999,"20,93","0,075442","4.416,61"
05/07/1999,"21,05","0,075836","4.420,04"
06/07/1999,"20,93","0,075442","4.423,45"
07/07/1999,"20,9","0,075343","4.426,85"
08/07/1999,"20,9","0,075343","4.430,26"
09/07/1999,"20,88","0,075278","4.433,67"
12/07/1999,"20,89","0,07531","4.437,09"
13/07/1999,"20,87","0,075245","4.440,50"
14/07/1999,"20,86","0,075212","4.443,92"
15/07/1999,"20,86","0,075212","4.447,34"
16/07/1999,"20,84","0,075146","4.450,75"
19/07/1999,"20,83","0,075113","4.454,17"
20/07/1999,"20,82","0,07508","4.457,59"
21/07/1999,"20,81","0,075048","4.461,01"
22/07/1999,"20,79","0,074982","4.464,43"
23/07/1999,"20,79","0,074982","4.467,85"
26/07/1999,"20,78","0,074949","4.471,28"
27/07/1999,"20,77","0,074916","4.474,70"
28/07/1999,"20,76","0,074883","4.478,13"
29/07/1999,"19,52","0,070784","4.481,37"
30/07/1999,"19,51","0,070751","4.484,61"
02/08/1999,"19,51","0,070751","4.487,85"
03/08/1999,"19,51","0,070751","4.491,10"
04/08/1999,"19,51","0,070751","4.494,35"
05/08/1999,"19,51","0,070751","4.497,60"
06/08/1999,"19,51","0,070751","4.500,85"
09/08/1999,"19,51","0,070751","4.504,11"
10/08/1999,"19,51","0,070751","4.507,36"
11/08/1999,"19,51","0,070751","4.510,62"
12/08/1999,"19,51","0,070751","4.513,88"
13/08/1999,"19,51","0,070751","4.517,15"
16/08/1999,"19,52","0,070784","4.520,42"
17/08/1999,"19,52","0,070784","4.523,69"
18/08/1999,"19,52","0,070784","4.526,96"
19/08/1999,"19,52","0,070784","4.530,24"
20/08/1999,"19,52","0,070784","4.533,51"
23/08/1999,"19,52","0,070784","4.536,79"
24/08/1999,"19,52","0,070784","4.540,07"
25/08/1999,"19,52","0,070784","4.543,36"
26/08/1999,"19,52","0,070784","4.546,65"
27/08/1999,"19,51","0,070751","4.549,93"
30/08/1999,"19,51","0,070751","4.553,22"
31/08/1999,"19,52","0,070784","4.556,52"
01/09/1999,"19,51","0,070751","4.559,81"
02/09/1999,"19,52","0,070784","4.563,11"
03/09/1999,"19,53","0,070818","4.566,41"
06/09/1999,"19,53","0,070818","4.569,72"
08/09/1999,"19,52","0,070784","4.573,02"
09/09/1999,"19,52","0,070784","4.576,33"
10/09/1999,"19,52","0,070784","4.579,64"
13/09/1999,"19,52","0,070784","4.582,95"
14/09/1999,"19,52","0,070784","4.586,27"
15/09/1999,"19,52","0,070784","4.589,58"
16/09/1999,"19,53","0,070818","4.592,91"
17/09/1999,"19,52","0,070784","4.596,23"
20/09/1999,"19,52","0,070784","4.599,55"
21/09/1999,"19,51","0,070751","4.602,88"
22/09/1999,"19,5","0,070718","4.606,20"
23/09/1999,"19,11","0,06942","4.609,47"
24/09/1999,"19,02","0,06912","4.612,72"
27/09/1999,"19,04","0,069186","4.615,99"
28/09/1999,"19,02","0,06912","4.619,25"
29/09/1999,"19,01","0,069086","4.622,51"
30/09/1999,19,"0,069053","4.625,77"
01/10/1999,19,"0,069053","4.629,03"
04/10/1999,"18,99","0,06902","4.632,29"
05/10/1999,"18,97","0,068953","4.635,56"
06/10/1999,"18,96","0,068919","4.638,82"
07/10/1999,"18,96","0,068919","4.642,09"
08/10/1999,"18,95","0,068886","4.645,35"
11/10/1999,"18,94","0,068853","4.648,62"
13/10/1999,"18,93","0,068819","4.651,89"
14/10/1999,"18,91","0,068752","4.655,16"
15/10/1999,"18,91","0,068752","4.658,42"
18/10/1999,"18,9","0,068719","4.661,69"
19/10/1999,"18,89","0,068686","4.664,97"
20/10/1999,"18,88","0,068652","4.668,24"
21/10/1999,"18,88","0,068652","4.671,51"
22/10/1999,"18,87","0,068619","4.674,78"
25/10/1999,"18,86","0,068585","4.678,06"
26/10/1999,"18,85","0,068552","4.681,33"
27/10/1999,"18,84","0,068519","4.684,61"
28/10/1999,"18,83","0,068485","4.687,89"
29/10/1999,"18,83","0,068485","4.691,17"
01/11/1999,"18,82","0,068452","4.694,45"
03/11/1999,"18,81","0,068418","4.697,73"
04/11/1999,"18,81","0,068418","4.701,01"
05/11/1999,"18,81","0,068418","4.704,29"
08/11/1999,"18,81","0,068418","4.707,58"
09/11/1999,"18,81","0,068418","4.710,87"
10/11/1999,"18,81","0,068418","4.714,16"
11/11/1999,"18,99","0,06902","4.717,48"
12/11/1999,"19,01","0,069086","4.720,81"
16/11/1999,"19,01","0,069086","4.724,14"
17/11/1999,"19,01","0,069086","4.727,48"
18/11/1999,"19,01","0,069086","4.730,81"
19/11/1999,"19,02","0,06912","4.734,15"
22/11/1999,"19,02","0,06912","4.737,49"
23/11/1999,"19,02","0,06912","4.740,83"
24/11/1999,"19,02","0,06912","4.744,18"
25/11/1999,"19,03","0,069153","4.747,53"
26/11/1999,"19,03","0,069153","4.750,88"
29/11/1999,"19,04","0,069186","4.754,24"
30/11/1999,"19,03","0,069153","4.757,60"
01/12/1999,"19,02","0,06912","4.760,95"
02/12/1999,"18,98","0,068986","4.764,31"
03/12/1999,"18,97","0,068953","4.767,66"
06/12/1999,"18,97","0,068953","4.771,02"
07/12/1999,"18,96","0,068919","4.774,37"
08/12/1999,"18,95","0,068886","4.777,73"
09/12/1999,"18,95","0,068886","4.781,09"
10/12/1999,"18,95","0,068886","4.784,45"
13/12/1999,"18,95","0,068886","4.787,82"
14/12/1999,"18,95","0,068886","4.791,19"
15/12/1999,"18,95","0,068886","4.794,56"
16/12/1999,"18,98","0,068986","4.797,93"
17/12/1999,"18,99","0,06902","4.801,31"
20/12/1999,"18,99","0,06902","4.804,70"
21/12/1999,"19,03","0,069153","4.808,09"
22/12/1999,"18,97","0,068953","4.811,47"
23/12/1999,"19,02","0,06912","4.814,87"
24/12/1999,"19,02","0,06912","4.818,26"
27/12/1999,"19,05","0,06922","4.821,67"
28/12/1999,"19,04","0,069186","4.825,07"
29/12/1999,"19,02","0,06912","4.828,48"
30/12/1999,"19,04","0,069186","4.831,89"
31/12/1999,"19,04","0,069186","4.835,30"
04/01/1999,"19,04","0,069186","4.838,71"
04/01/2000,"19,04","0,069186","4.842,13"
05/01/2000,"19,05","0,06922","4.845,55"
06/01/2000,"19,07","0,069286","4.848,98"
07/01/2000,"19,07","0,069286","4.852,41"
10/01/2000,"19,02","0,06912","4.855,83"
11/01/2000,"18,98","0,068986","4.859,25"
12/01/2000,"18,93","0,068819","4.862,66"
13/01/2000,"18,92","0,068786","4.866,08"
14/01/2000,"18,9","0,068719","4.869,49"
17/01/2000,"18,91","0,068752","4.872,90"
18/01/2000,"18,89","0,068686","4.876,32"
19/01/2000,"18,87","0,068619","4.879,74"
20/01/2000,"18,87","0,068619","4.883,15"
21/01/2000,"18,87","0,068619","4.886,57"
24/01/2000,"18,87","0,068619","4.889,99"
25/01/2000,"18,87","0,068619","4.893,42"
26/01/2000,"18,87","0,068619","4.896,84"
27/01/2000,"18,87","0,068619","4.900,27"
28/01/2000,"18,88","0,068652","4.903,71"
31/01/2000,"18,9","0,068719","4.907,14"
01/02/2000,"18,87","0,068619","4.910,58"
02/02/2000,"18,86","0,068585","4.914,02"
03/02/2000,"18,87","0,068619","4.917,46"
04/02/2000,"18,88","0,068652","4.920,90"
07/02/2000,"18,87","0,068619","4.924,35"
08/02/2000,"18,87","0,068619","4.927,79"
09/02/2000,"18,87","0,068619","4.931,24"
10/02/2000,"18,87","0,068619","4.934,70"
11/02/2000,"18,86","0,068585","4.938,15"
14/02/2000,"18,87","0,068619","4.941,61"
15/02/2000,"18,87","0,068619","4.945,07"
16/02/2000,"18,87","0,068619","4.948,53"
17/02/2000,"18,87","0,068619","4.951,99"
18/02/2000,"18,87","0,068619","4.955,46"
21/02/2000,"18,87","0,068619","4.958,93"
22/02/2000,"18,87","0,068619","4.962,40"
23/02/2000,"18,87","0,068619","4.965,87"
24/02/2000,"18,87","0,068619","4.969,35"
25/02/2000,"18,87","0,068619","4.972,83"
28/02/2000,"18,87","0,068619","4.976,31"
29/02/2000,"18,87","0,068619","4.979,79"
01/03/2000,"18,88","0,068652","4.983,28"
02/03/2000,"18,89","0,068686","4.986,77"
03/03/2000,"18,88","0,068652","4.990,26"
08/03/2000,"18,87","0,068619","4.993,76"
09/03/2000,"18,87","0,068619","4.997,25"
10/03/2000,"18,89","0,068686","5.000,75"
13/03/2000,"18,88","0,068652","5.004,25"
14/03/2000,"18,88","0,068652","5.007,76"
15/03/2000,"18,88","0,068652","5.011,27"
16/03/2000,"18,88","0,068652","5.014,77"
17/03/2000,"18,88","0,068652","5.018,29"
20/03/2000,"18,88","0,068652","5.021,80"
21/03/2000,"18,87","0,068619","5.025,31"
22/03/2000,"18,88","0,068652","5.028,83"
23/03/2000,"18,91","0,068752","5.032,36"
24/03/2000,"18,94","0,068853","5.035,89"
27/03/2000,"19,03","0,069153","5.039,44"
28/03/2000,"18,87","0,068619","5.042,97"
29/03/2000,"18,6","0,067716","5.046,45"
30/03/2000,"18,6","0,067716","5.049,94"
31/03/2000,"18,52","0,067448","5.053,41"
03/04/2000,"18,49","0,067347","5.056,88"
04/04/2000,"18,53","0,067481","5.060,36"
05/04/2000,"18,65","0,067883","5.063,87"
06/04/2000,"18,66","0,067917","5.067,37"
07/04/2000,"18,64","0,06785","5.070,88"
10/04/2000,"18,59","0,067682","5.074,38"
11/04/2000,"18,65","0,067883","5.077,89"
12/04/2000,"18,64","0,06785","5.081,40"
13/04/2000,"18,65","0,067883","5.084,92"
14/04/2000,"18,64","0,06785","5.088,44"
17/04/2000,"18,65","0,067883","5.091,96"
18/04/2000,"18,63","0,067816","5.095,48"
19/04/2000,"18,54","0,067515","5.098,99"
20/04/2000,"18,65","0,067883","5.102,52"
24/04/2000,"18,62","0,067783","5.106,05"
25/04/2000,"18,61","0,067749","5.109,57"
26/04/2000,"18,64","0,06785","5.113,11"
27/04/2000,"18,65","0,067883","5.116,65"
28/04/2000,"18,62","0,067783","5.120,18"
02/05/2000,"18,6","0,067716","5.123,72"
03/05/2000,"18,64","0,06785","5.127,26"
04/05/2000,"18,64","0,06785","5.130,81"
05/05/2000,"18,64","0,06785","5.134,36"
08/05/2000,"18,59","0,067682","5.137,90"
09/05/2000,"18,47","0,06728","5.141,42"
10/05/2000,"18,47","0,06728","5.144,95"
11/05/2000,"18,49","0,067347","5.148,48"
12/05/2000,"18,46","0,067247","5.152,01"
15/05/2000,"18,47","0,06728","5.155,55"
16/05/2000,"18,5","0,067381","5.159,09"
17/05/2000,"18,49","0,067347","5.162,63"
18/05/2000,"18,48","0,067314","5.166,17"
19/05/2000,"18,48","0,067314","5.169,72"
22/05/2000,"18,49","0,067347","5.173,27"
23/05/2000,"18,49","0,067347","5.176,82"
24/05/2000,"18,49","0,067347","5.180,37"
25/05/2000,"18,5","0,067381","5.183,93"
26/05/2000,"18,5","0,067381","5.187,49"
29/05/2000,"18,49","0,067347","5.191,05"
30/05/2000,"18,46","0,067247","5.194,61"
31/05/2000,"18,44","0,06718","5.198,16"
01/06/2000,"18,44","0,06718","5.201,72"
02/06/2000,"18,43","0,067146","5.205,28"
05/06/2000,"18,41","0,067079","5.208,84"
06/06/2000,"18,39","0,067012","5.212,40"
07/06/2000,"18,37","0,066945","5.215,96"
08/06/2000,"18,35","0,066878","5.219,51"
09/06/2000,"18,33","0,066811","5.223,07"
12/06/2000,"18,32","0,066777","5.226,62"
13/06/2000,"18,32","0,066777","5.230,18"
14/06/2000,"18,32","0,066777","5.233,74"
15/06/2000,"18,32","0,066777","5.237,30"
16/06/2000,"18,33","0,066811","5.240,86"
19/06/2000,"18,33","0,066811","5.244,43"
20/06/2000,"18,32","0,066777","5.248,00"
21/06/2000,"17,51","0,06405","5.251,43"
23/06/2000,"17,5","0,064016","5.254,85"
26/06/2000,"17,46","0,063881","5.258,27"
27/06/2000,"17,4","0,063678","5.261,69"
28/06/2000,"17,39","0,063644","5.265,10"
29/06/2000,"17,34","0,063475","5.268,50"
30/06/2000,"17,29","0,063305","5.271,90"
03/07/2000,"17,26","0,063204","5.275,30"
04/07/2000,"17,22","0,063068","5.278,69"
05/07/2000,"17,23","0,063102","5.282,08"
06/07/2000,"17,28","0,063272","5.285,49"
07/07/2000,"17,28","0,063272","5.288,89"
10/07/2000,"17,01","0,062356","5.292,25"
11/07/2000,"16,96","0,062187","5.295,61"
12/07/2000,"16,98","0,062255","5.298,97"
13/07/2000,"16,94","0,062119","5.302,32"
14/07/2000,"16,95","0,062153","5.305,68"
17/07/2000,"16,95","0,062153","5.309,04"
18/07/2000,"16,94","0,062119","5.312,40"
19/07/2000,"16,91","0,062017","5.315,75"
20/07/2000,"16,58","0,060895","5.319,05"
21/07/2000,"16,52","0,06069","5.322,34"
24/07/2000,"16,53","0,060724","5.325,63"
25/07/2000,"16,49","0,060588","5.328,92"
26/07/2000,"16,49","0,060588","5.332,21"
27/07/2000,"16,47","0,06052","5.335,50"
28/07/2000,"16,44","0,060417","5.338,78"
31/07/2000,"16,39","0,060247","5.342,06"
01/08/2000,"16,4","0,060281","5.345,34"
02/08/2000,"16,44","0,060417","5.348,63"
03/08/2000,"16,43","0,060383","5.351,92"
04/08/2000,"16,44","0,060417","5.355,21"
07/08/2000,"16,48","0,060554","5.358,52"
08/08/2000,"16,49","0,060588","5.361,82"
09/08/2000,"16,54","0,060758","5.365,14"
10/08/2000,"16,56","0,060826","5.368,47"
11/08/2000,"16,6","0,060963","5.371,80"
14/08/2000,"16,6","0,060963","5.375,14"
15/08/2000,"16,47","0,06052","5.378,45"
16/08/2000,"16,44","0,060417","5.381,76"
17/08/2000,"16,53","0,060724","5.385,09"
18/08/2000,"16,6","0,060963","5.388,43"
21/08/2000,"16,57","0,06086","5.391,77"
22/08/2000,"16,59","0,060929","5.395,12"
23/08/2000,"16,56","0,060826","5.398,46"
24/08/2000,"16,6","0,060963","5.401,81"
25/08/2000,"16,6","0,060963","5.405,17"
28/08/2000,"16,6","0,060963","5.408,52"
29/08/2000,"16,6","0,060963","5.411,88"
30/08/2000,"16,47","0,06052","5.415,22"
31/08/2000,"16,41","0,060315","5.418,54"
01/09/2000,"16,4","0,060281","5.421,87"
04/09/2000,"16,4","0,060281","5.425,20"
05/09/2000,"16,39","0,060247","5.428,53"
06/09/2000,"16,53","0,060724","5.431,88"
08/09/2000,"16,55","0,060792","5.435,25"
11/09/2000,"16,58","0,060895","5.438,62"
12/09/2000,"16,59","0,060929","5.441,99"
13/09/2000,"16,6","0,060963","5.445,37"
14/09/2000,"16,6","0,060963","5.448,75"
15/09/2000,"16,6","0,060963","5.452,13"
18/09/2000,"16,6","0,060963","5.455,52"
19/09/2000,"16,59","0,060929","5.458,90"
20/09/2000,"16,6","0,060963","5.462,29"
21/09/2000,"16,6","0,060963","5.465,68"
22/09/2000,"16,6","0,060963","5.469,08"
25/09/2000,"16,6","0,060963","5.472,47"
26/09/2000,"16,6","0,060963","5.475,87"
27/09/2000,"16,59","0,060929","5.479,27"
28/09/2000,"16,59","0,060929","5.482,67"
29/09/2000,"16,6","0,060963","5.486,07"
02/10/2000,"16,59","0,060929","5.489,47"
03/10/2000,"16,57","0,06086","5.492,87"
04/10/2000,"16,6","0,060963","5.496,28"
05/10/2000,"16,59","0,060929","5.499,69"
06/10/2000,"16,6","0,060963","5.503,11"
09/10/2000,"16,59","0,060929","5.506,52"
10/10/2000,"16,59","0,060929","5.509,94"
11/10/2000,"16,6","0,060963","5.513,36"
13/10/2000,"16,6","0,060963","5.516,78"
16/10/2000,"16,6","0,060963","5.520,20"
17/10/2000,"16,6","0,060963","5.523,63"
18/10/2000,"16,6","0,060963","5.527,06"
19/10/2000,"16,6","0,060963","5.530,49"
20/10/2000,"16,6","0,060963","5.533,92"
23/10/2000,"16,6","0,060963","5.537,36"
24/10/2000,"16,6","0,060963","5.540,79"
25/10/2000,"16,6","0,060963","5.544,23"
26/10/2000,"16,6","0,060963","5.547,67"
27/10/2000,"16,6","0,060963","5.551,12"
30/10/2000,"16,6","0,060963","5.554,56"
31/10/2000,"16,59","0,060929","5.558,01"
01/11/2000,"16,53","0,060724","5.561,44"
03/11/2000,"16,45","0,060452","5.564,86"
06/11/2000,"16,4","0,060281","5.568,28"
07/11/2000,"16,44","0,060417","5.571,70"
08/11/2000,"16,5","0,060622","5.575,14"
09/11/2000,"16,54","0,060758","5.578,59"
10/11/2000,"16,6","0,060963","5.582,05"
13/11/2000,"16,6","0,060963","5.585,52"
14/11/2000,"16,6","0,060963","5.588,98"
16/11/2000,"16,6","0,060963","5.592,45"
17/11/2000,"16,6","0,060963","5.595,92"
20/11/2000,"16,6","0,060963","5.599,39"
21/11/2000,"16,59","0,060929","5.602,87"
22/11/2000,"16,45","0,060452","5.606,31"
23/11/2000,"16,46","0,060486","5.609,76"
24/11/2000,"16,43","0,060383","5.613,21"
27/11/2000,"16,45","0,060452","5.616,67"
28/11/2000,"16,47","0,06052","5.620,13"
29/11/2000,"16,42","0,060349","5.623,58"
30/11/2000,"16,4","0,060281","5.627,03"
01/12/2000,"16,4","0,060281","5.630,48"
04/12/2000,"16,38","0,060213","5.633,93"
05/12/2000,"16,37","0,060179","5.637,38"
06/12/2000,"16,37","0,060179","5.640,83"
07/12/2000,"16,36","0,060145","5.644,29"
08/12/2000,"16,36","0,060145","5.647,74"
11/12/2000,"16,35","0,06011","5.651,20"
12/12/2000,"16,34","0,060076","5.654,65"
13/12/2000,"16,35","0,06011","5.658,11"
14/12/2000,"16,34","0,060076","5.661,57"
15/12/2000,"16,33","0,060042","5.665,03"
18/12/2000,"16,32","0,060008","5.668,49"
19/12/2000,"16,31","0,059974","5.671,95"
20/12/2000,"16,31","0,059974","5.675,41"
21/12/2000,"15,82","0,058298","5.678,78"
22/12/2000,"15,82","0,058298","5.682,15"
26/12/2000,"15,83","0,058332","5.685,52"
27/12/2000,"15,8","0,058229","5.688,89"
28/12/2000,"15,84","0,058366","5.692,27"
29/12/2000,"15,84","0,058366","5.695,65"
03/01/2000,"15,85","0,0584","5.699,03"
03/01/2001,"15,79","0,058195","5.702,41"
04/01/2001,"15,83","0,058332","5.705,79"
05/01/2001,"15,8","0,058229","5.709,17"
08/01/2001,"15,8","0,058229","5.712,55"
09/01/2001,"15,8","0,058229","5.715,94"
10/01/2001,"15,66","0,057749","5.719,30"
11/01/2001,"15,65","0,057714","5.722,66"
12/01/2001,"15,65","0,057714","5.726,02"
15/01/2001,"15,65","0,057714","5.729,38"
16/01/2001,"15,65","0,057714","5.732,74"
17/01/2001,"15,59","0,057508","5.736,10"
18/01/2001,"15,31","0,056545","5.739,40"
19/01/2001,"15,3","0,056511","5.742,70"
22/01/2001,"15,29","0,056476","5.746,00"
23/01/2001,"15,24","0,056304","5.749,29"
24/01/2001,"15,17","0,056063","5.752,57"
25/01/2001,"15,16","0,056028","5.755,85"
26/01/2001,"15,15","0,055994","5.759,13"
29/01/2001,"15,15","0,055994","5.762,41"
30/01/2001,"15,14","0,05596","5.765,69"
31/01/2001,"15,12","0,055891","5.768,97"
01/02/2001,"15,12","0,055891","5.772,25"
02/02/2001,"15,1","0,055822","5.775,52"
05/02/2001,"15,1","0,055822","5.778,80"
06/02/2001,"15,15","0,055994","5.782,10"
07/02/2001,"15,21","0,056201","5.785,40"
08/02/2001,"15,26","0,056373","5.788,72"
09/02/2001,"15,28","0,056442","5.792,04"
12/02/2001,"15,24","0,056304","5.795,36"
13/02/2001,"15,15","0,055994","5.798,66"
14/02/2001,"15,07","0,055718","5.801,95"
15/02/2001,"15,26","0,056373","5.805,28"
16/02/2001,"15,23","0,05627","5.808,60"
19/02/2001,"15,17","0,056063","5.811,91"
20/02/2001,"15,31","0,056545","5.815,25"
21/02/2001,"15,26","0,056373","5.818,59"
22/02/2001,"15,26","0,056373","5.821,92"
23/02/2001,"15,29","0,056476","5.825,27"
28/02/2001,"15,14","0,05596","5.828,59"
01/03/2001,"15,12","0,055891","5.831,90"
02/03/2001,"15,11","0,055856","5.835,21"
05/03/2001,"15,17","0,056063","5.838,54"
06/03/2001,"15,12","0,055891","5.841,86"
07/03/2001,"15,19","0,056132","5.845,19"
08/03/2001,"15,21","0,056201","5.848,54"
09/03/2001,"15,11","0,055856","5.851,86"
12/03/2001,"15,09","0,055787","5.855,18"
13/03/2001,"15,13","0,055925","5.858,51"
14/03/2001,"15,13","0,055925","5.861,84"
15/03/2001,"15,11","0,055856","5.865,17"
16/03/2001,"15,24","0,056304","5.868,53"
19/03/2001,"15,32","0,05658","5.871,91"
20/03/2001,"15,35","0,056683","5.875,29"
21/03/2001,"15,35","0,056683","5.878,68"
22/03/2001,"15,85","0,0584","5.882,17"
23/03/2001,"15,85","0,0584","5.885,66"
26/03/2001,"15,85","0,0584","5.889,16"
27/03/2001,"15,85","0,0584","5.892,66"
28/03/2001,"15,85","0,0584","5.896,16"
29/03/2001,"15,84","0,058366","5.899,66"
30/03/2001,"15,84","0,058366","5.903,16"
02/04/2001,"15,83","0,058332","5.906,66"
03/04/2001,"15,81","0,058263","5.910,16"
04/04/2001,"15,81","0,058263","5.913,66"
05/04/2001,"15,82","0,058298","5.917,17"
06/04/2001,"15,83","0,058332","5.920,68"
09/04/2001,"15,81","0,058263","5.924,18"
10/04/2001,"15,84","0,058366","5.927,70"
11/04/2001,"15,82","0,058298","5.931,21"
12/04/2001,"15,85","0,0584","5.934,74"
16/04/2001,"15,85","0,0584","5.938,26"
17/04/2001,"15,85","0,0584","5.941,79"
18/04/2001,"15,87","0,058469","5.945,32"
19/04/2001,"16,35","0,06011","5.948,95"
20/04/2001,"16,3","0,05994","5.952,58"
23/04/2001,"16,3","0,05994","5.956,21"
24/04/2001,"16,31","0,059974","5.959,84"
25/04/2001,"16,3","0,05994","5.963,47"
26/04/2001,"16,31","0,059974","5.967,11"
27/04/2001,"16,29","0,059906","5.970,74"
30/04/2001,"16,28","0,059871","5.974,38"
02/05/2001,"16,25","0,059769","5.978,01"
03/05/2001,"16,26","0,059803","5.981,64"
04/05/2001,"16,29","0,059906","5.985,29"
07/05/2001,"16,28","0,059871","5.988,93"
08/05/2001,"16,3","0,05994","5.992,58"
09/05/2001,"16,28","0,059871","5.996,23"
10/05/2001,"16,3","0,05994","5.999,88"
11/05/2001,"16,28","0,059871","6.003,53"
14/05/2001,"16,3","0,05994","6.007,19"
15/05/2001,"16,3","0,05994","6.010,85"
16/05/2001,"16,3","0,05994","6.014,52"
17/05/2001,"16,29","0,059906","6.018,18"
18/05/2001,"16,3","0,05994","6.021,85"
21/05/2001,"16,3","0,05994","6.025,52"
22/05/2001,"16,3","0,05994","6.029,19"
23/05/2001,"16,33","0,060042","6.032,87"
24/05/2001,"16,77","0,061541","6.036,64"
25/05/2001,"16,8","0,061643","6.040,42"
28/05/2001,"16,8","0,061643","6.044,21"
29/05/2001,"16,8","0,061643","6.048,00"
30/05/2001,"16,8","0,061643","6.051,79"
31/05/2001,"16,8","0,061643","6.055,58"
01/06/2001,"16,81","0,061677","6.059,37"
04/06/2001,"16,8","0,061643","6.063,17"
05/06/2001,"16,78","0,061575","6.066,97"
06/06/2001,"16,75","0,061473","6.070,76"
07/06/2001,"16,73","0,061405","6.074,55"
08/06/2001,"16,69","0,061269","6.078,33"
11/06/2001,"16,65","0,061133","6.082,11"
12/06/2001,"16,63","0,061065","6.085,88"
13/06/2001,"16,67","0,061201","6.089,67"
15/06/2001,"16,65","0,061133","6.093,45"
18/06/2001,"16,79","0,061609","6.097,27"
19/06/2001,"16,8","0,061643","6.101,09"
20/06/2001,"16,87","0,061881","6.104,93"
21/06/2001,"18,29","0,066677","6.109,06"
22/06/2001,"18,27","0,066609","6.113,20"
25/06/2001,"18,3","0,06671","6.117,34"
26/06/2001,"18,3","0,06671","6.121,49"
27/06/2001,"18,31","0,066744","6.125,64"
28/06/2001,"18,31","0,066744","6.129,80"
29/06/2001,"18,32","0,066777","6.133,96"
02/07/2001,"18,32","0,066777","6.138,12"
03/07/2001,"18,31","0,066744","6.142,28"
04/07/2001,"18,32","0,066777","6.146,45"
05/07/2001,"18,31","0,066744","6.150,62"
06/07/2001,"18,32","0,066777","6.154,80"
09/07/2001,"18,3","0,06671","6.158,97"
10/07/2001,"18,32","0,066777","6.163,15"
11/07/2001,"18,33","0,066811","6.167,33"
12/07/2001,"18,32","0,066777","6.171,52"
13/07/2001,"18,32","0,066777","6.175,71"
16/07/2001,"18,33","0,066811","6.179,90"
17/07/2001,"18,3","0,06671","6.184,09"
18/07/2001,"18,37","0,066945","6.188,30"
19/07/2001,19,"0,069053","6.192,64"
20/07/2001,19,"0,069053","6.196,98"
23/07/2001,"18,95","0,068886","6.201,32"
24/07/2001,"18,9","0,068719","6.205,65"
25/07/2001,"18,93","0,068819","6.209,99"
26/07/2001,"18,89","0,068686","6.214,32"
27/07/2001,"18,88","0,068652","6.218,66"
30/07/2001,"18,9","0,068719","6.223,00"
31/07/2001,"18,88","0,068652","6.227,34"
01/08/2001,"18,88","0,068652","6.231,69"
02/08/2001,"18,88","0,068652","6.236,03"
03/08/2001,"18,89","0,068686","6.240,38"
06/08/2001,"18,92","0,068786","6.244,75"
07/08/2001,"19,02","0,06912","6.249,13"
08/08/2001,19,"0,069053","6.253,52"
09/08/2001,19,"0,069053","6.257,90"
10/08/2001,19,"0,069053","6.262,29"
13/08/2001,"18,99","0,06902","6.266,68"
14/08/2001,"18,99","0,06902","6.271,08"
15/08/2001,"18,97","0,068953","6.275,47"
16/08/2001,"19,03","0,069153","6.279,88"
17/08/2001,"19,04","0,069186","6.284,29"
20/08/2001,"19,05","0,06922","6.288,71"
21/08/2001,"19,06","0,069253","6.293,14"
22/08/2001,"19,03","0,069153","6.297,56"
23/08/2001,"19,03","0,069153","6.301,98"
24/08/2001,"19,03","0,069153","6.306,41"
27/08/2001,"19,03","0,069153","6.310,84"
28/08/2001,"19,01","0,069086","6.315,27"
29/08/2001,"18,99","0,06902","6.319,70"
30/08/2001,"19,01","0,069086","6.324,13"
31/08/2001,"19,05","0,06922","6.328,58"
03/09/2001,"19,05","0,06922","6.333,03"
04/09/2001,"19,05","0,06922","6.337,48"
05/09/2001,"19,06","0,069253","6.341,94"
06/09/2001,"19,06","0,069253","6.346,40"
10/09/2001,"19,07","0,069286","6.350,87"
11/09/2001,"19,05","0,06922","6.355,33"
12/09/2001,"19,05","0,06922","6.359,80"
13/09/2001,"19,06","0,069253","6.364,28"
14/09/2001,"19,06","0,069253","6.368,75"
17/09/2001,"19,06","0,069253","6.373,23"
18/09/2001,"19,06","0,069253","6.377,71"
19/09/2001,"19,06","0,069253","6.382,20"
20/09/2001,"19,06","0,069253","6.386,69"
21/09/2001,"19,06","0,069253","6.391,18"
24/09/2001,"19,07","0,069286","6.395,68"
25/09/2001,"19,07","0,069286","6.400,18"
26/09/2001,"19,08","0,06932","6.404,69"
27/09/2001,"19,09","0,069353","6.409,20"
28/09/2001,"19,1","0,069386","6.413,71"
01/10/2001,"19,1","0,069386","6.418,23"
02/10/2001,"19,11","0,06942","6.422,76"
03/10/2001,"19,11","0,06942","6.427,29"
04/10/2001,"19,1","0,069386","6.431,82"
05/10/2001,"19,09","0,069353","6.436,35"
08/10/2001,"19,07","0,069286","6.440,87"
09/10/2001,"19,06","0,069253","6.445,40"
10/10/2001,"19,05","0,06922","6.449,93"
11/10/2001,"19,05","0,06922","6.454,47"
15/10/2001,"19,05","0,06922","6.459,01"
16/10/2001,"19,05","0,06922","6.463,55"
17/10/2001,"19,05","0,06922","6.468,09"
18/10/2001,"19,05","0,06922","6.472,64"
19/10/2001,"19,05","0,06922","6.477,19"
22/10/2001,"19,05","0,06922","6.481,74"
23/10/2001,"19,05","0,06922","6.486,29"
24/10/2001,"19,05","0,06922","6.490,85"
25/10/2001,"19,05","0,06922","6.495,41"
26/10/2001,"19,05","0,06922","6.499,98"
29/10/2001,"19,05","0,06922","6.504,55"
30/10/2001,"19,05","0,06922","6.509,12"
31/10/2001,"19,05","0,06922","6.513,70"
01/11/2001,"19,05","0,06922","6.518,27"
05/11/2001,"19,05","0,06922","6.522,85"
06/11/2001,"19,04","0,069186","6.527,44"
07/11/2001,"19,05","0,06922","6.532,02"
08/11/2001,"19,04","0,069186","6.536,61"
09/11/2001,"19,04","0,069186","6.541,20"
12/11/2001,"19,05","0,06922","6.545,80"
13/11/2001,"19,05","0,06922","6.550,40"
14/11/2001,"19,05","0,06922","6.555,00"
16/11/2001,"19,05","0,06922","6.559,61"
19/11/2001,"19,05","0,06922","6.564,22"
20/11/2001,"19,05","0,06922","6.568,83"
21/11/2001,"19,05","0,06922","6.573,45"
22/11/2001,"19,05","0,06922","6.578,07"
23/11/2001,"19,05","0,06922","6.582,69"
26/11/2001,"19,05","0,06922","6.587,32"
27/11/2001,"19,05","0,06922","6.591,95"
28/11/2001,"19,05","0,06922","6.596,58"
29/11/2001,"19,05","0,06922","6.601,21"
30/11/2001,"19,05","0,06922","6.605,85"
03/12/2001,"19,05","0,06922","6.610,49"
04/12/2001,"19,05","0,06922","6.615,14"
05/12/2001,"19,05","0,06922","6.619,79"
06/12/2001,"19,05","0,06922","6.624,44"
07/12/2001,"19,05","0,06922","6.629,09"
10/12/2001,"19,05","0,06922","6.633,75"
11/12/2001,"19,05","0,06922","6.638,41"
12/12/2001,"19,05","0,06922","6.643,08"
13/12/2001,"19,05","0,06922","6.647,75"
14/12/2001,"19,05","0,06922","6.652,42"
17/12/2001,"19,05","0,06922","6.657,09"
18/12/2001,"19,05","0,06922","6.661,77"
19/12/2001,"19,05","0,06922","6.666,45"
20/12/2001,"19,05","0,06922","6.671,13"
21/12/2001,"19,05","0,06922","6.675,82"
24/12/2001,"19,05","0,06922","6.680,51"
26/12/2001,"19,05","0,06922","6.685,20"
27/12/2001,"19,05","0,06922","6.689,90"
28/12/2001,"19,05","0,06922","6.694,60"
31/12/2001,"19,05","0,06922","6.699,30"
02/01/2001,"19,05","0,06922","6.704,01"
03/01/2002,"19,05","0,06922","6.708,72"
04/01/2002,"19,05","0,06922","6.713,43"
07/01/2002,"19,05","0,06922","6.718,15"
08/01/2002,"19,05","0,06922","6.722,87"
09/01/2002,"19,05","0,06922","6.727,59"
10/01/2002,"19,05","0,06922","6.732,32"
11/01/2002,"19,05","0,06922","6.737,05"
14/01/2002,"19,05","0,06922","6.741,78"
15/01/2002,"19,05","0,06922","6.746,51"
16/01/2002,"19,05","0,06922","6.751,25"
17/01/2002,"19,05","0,06922","6.756,00"
18/01/2002,"19,05","0,06922","6.760,74"
21/01/2002,"19,05","0,06922","6.765,49"
22/01/2002,"19,05","0,06922","6.770,24"
23/01/2002,"19,05","0,06922","6.775,00"
24/01/2002,"19,05","0,06922","6.779,76"
25/01/2002,"19,05","0,06922","6.784,52"
28/01/2002,"19,05","0,06922","6.789,28"
29/01/2002,"19,05","0,06922","6.794,05"
30/01/2002,"19,05","0,06922","6.798,83"
31/01/2002,"19,05","0,06922","6.803,60"
01/02/2002,"19,05","0,06922","6.808,38"
04/02/2002,"19,05","0,06922","6.813,16"
05/02/2002,"19,05","0,06922","6.817,95"
06/02/2002,"19,05","0,06922","6.822,73"
07/02/2002,"19,05","0,06922","6.827,53"
08/02/2002,"19,05","0,06922","6.832,32"
13/02/2002,"19,05","0,06922","6.837,12"
14/02/2002,"19,05","0,06922","6.841,92"
15/02/2002,"19,05","0,06922","6.846,73"
18/02/2002,"19,05","0,06922","6.851,54"
19/02/2002,"19,05","0,06922","6.856,35"
20/02/2002,"19,05","0,06922","6.861,16"
21/02/2002,"18,8","0,068385","6.865,92"
22/02/2002,"18,8","0,068385","6.870,69"
25/02/2002,"18,8","0,068385","6.875,45"
26/02/2002,"18,8","0,068385","6.880,22"
27/02/2002,"18,8","0,068385","6.885,00"
28/02/2002,"18,79","0,068352","6.889,77"
01/03/2002,"18,8","0,068385","6.894,55"
04/03/2002,"18,8","0,068385","6.899,34"
05/03/2002,"18,8","0,068385","6.904,12"
06/03/2002,"18,8","0,068385","6.908,91"
07/03/2002,"18,8","0,068385","6.913,70"
08/03/2002,"18,8","0,068385","6.918,50"
11/03/2002,"18,8","0,068385","6.923,30"
12/03/2002,"18,8","0,068385","6.928,10"
13/03/2002,"18,8","0,068385","6.932,91"
14/03/2002,"18,8","0,068385","6.937,72"
15/03/2002,"18,8","0,068385","6.942,53"
18/03/2002,"18,8","0,068385","6.947,35"
19/03/2002,"18,8","0,068385","6.952,17"
20/03/2002,"18,79","0,068352","6.956,99"
21/03/2002,"18,55","0,067548","6.961,75"
22/03/2002,"18,54","0,067515","6.966,52"
25/03/2002,"18,55","0,067548","6.971,30"
26/03/2002,"18,55","0,067548","6.976,07"
27/03/2002,"18,54","0,067515","6.980,85"
28/03/2002,"18,52","0,067448","6.985,63"
01/04/2002,"18,47","0,06728","6.990,39"
02/04/2002,"18,4","0,067046","6.995,15"
03/04/2002,"18,4","0,067046","6.999,90"
04/04/2002,"18,4","0,067046","7.004,66"
05/04/2002,"18,4","0,067046","7.009,43"
08/04/2002,"18,4","0,067046","7.014,19"
09/04/2002,"18,4","0,067046","7.018,96"
10/04/2002,"18,4","0,067046","7.023,74"
11/04/2002,"18,4","0,067046","7.028,51"
12/04/2002,"18,4","0,067046","7.033,29"
15/04/2002,"18,4","0,067046","7.038,07"
16/04/2002,"18,4","0,067046","7.042,86"
17/04/2002,"18,4","0,067046","7.047,65"
18/04/2002,"18,4","0,067046","7.052,44"
19/04/2002,"18,39","0,067012","7.057,23"
22/04/2002,"18,38","0,066979","7.062,03"
23/04/2002,"18,35","0,066878","7.066,82"
24/04/2002,"18,34","0,066844","7.071,61"
25/04/2002,"18,37","0,066945","7.076,41"
26/04/2002,"18,36","0,066912","7.081,21"
29/04/2002,"18,28","0,066643","7.086,00"
30/04/2002,"18,11","0,066072","7.090,75"
02/05/2002,"18,37","0,066945","7.095,56"
03/05/2002,"18,34","0,066844","7.100,37"
06/05/2002,"18,33","0,066811","7.105,18"
07/05/2002,"18,28","0,066643","7.109,98"
08/05/2002,"18,27","0,066609","7.114,78"
09/05/2002,"18,34","0,066844","7.119,61"
10/05/2002,"18,37","0,066945","7.124,44"
13/05/2002,"18,4","0,067046","7.129,28"
14/05/2002,"18,41","0,067079","7.134,13"
15/05/2002,"18,42","0,067113","7.138,99"
16/05/2002,"18,42","0,067113","7.143,85"
17/05/2002,"18,41","0,067079","7.148,71"
20/05/2002,"18,41","0,067079","7.153,57"
21/05/2002,"18,4","0,067046","7.158,43"
22/05/2002,"18,37","0,066945","7.163,29"
23/05/2002,"18,41","0,067079","7.168,16"
24/05/2002,"18,42","0,067113","7.173,04"
27/05/2002,"18,41","0,067079","7.177,92"
28/05/2002,"18,41","0,067079","7.182,80"
29/05/2002,"18,33","0,066811","7.187,67"
31/05/2002,"18,16","0,06624","7.192,49"
03/06/2002,"17,31","0,063373","7.197,12"
04/06/2002,"15,9","0,058572","7.201,39"
05/06/2002,"16,87","0,061881","7.205,91"
06/06/2002,18,"0,065702","7.210,71"
07/06/2002,"18,23","0,066475","7.215,57"
10/06/2002,"18,31","0,066744","7.220,45"
11/06/2002,"18,34","0,066844","7.225,34"
12/06/2002,"18,29","0,066677","7.230,23"
13/06/2002,"18,32","0,066777","7.235,12"
14/06/2002,"18,38","0,066979","7.240,04"
17/06/2002,"18,4","0,067046","7.244,96"
18/06/2002,"18,4","0,067046","7.249,88"
19/06/2002,"18,4","0,067046","7.254,81"
20/06/2002,"18,41","0,067079","7.259,74"
21/06/2002,"18,41","0,067079","7.264,68"
24/06/2002,"18,41","0,067079","7.269,62"
25/06/2002,"18,41","0,067079","7.274,56"
26/06/2002,"18,41","0,067079","7.279,51"
27/06/2002,"18,41","0,067079","7.284,46"
28/06/2002,"18,41","0,067079","7.289,41"
01/07/2002,"18,41","0,067079","7.294,37"
02/07/2002,"18,4","0,067046","7.299,33"
03/07/2002,"18,4","0,067046","7.304,29"
04/07/2002,"18,39","0,067012","7.309,25"
05/07/2002,"18,39","0,067012","7.314,22"
08/07/2002,"18,41","0,067079","7.319,19"
09/07/2002,"18,41","0,067079","7.324,17"
10/07/2002,"18,4","0,067046","7.329,14"
11/07/2002,"18,4","0,067046","7.334,12"
12/07/2002,"18,39","0,067012","7.339,11"
15/07/2002,"18,39","0,067012","7.344,09"
16/07/2002,"18,39","0,067012","7.349,08"
17/07/2002,"18,39","0,067012","7.354,07"
18/07/2002,"17,89","0,065332","7.358,94"
19/07/2002,"17,89","0,065332","7.363,81"
22/07/2002,"17,89","0,065332","7.368,69"
23/07/2002,"17,89","0,065332","7.373,57"
24/07/2002,"17,87","0,065264","7.378,45"
25/07/2002,"17,87","0,065264","7.383,33"
26/07/2002,"17,87","0,065264","7.388,21"
29/07/2002,"17,86","0,065231","7.393,10"
30/07/2002,"17,84","0,065163","7.397,98"
31/07/2002,"17,87","0,065264","7.402,87"
01/08/2002,"17,83","0,065129","7.407,76"
02/08/2002,"17,84","0,065163","7.412,65"
05/08/2002,"17,87","0,065264","7.417,55"
06/08/2002,"17,87","0,065264","7.422,46"
07/08/2002,"17,86","0,065231","7.427,37"
08/08/2002,"17,83","0,065129","7.432,27"
09/08/2002,"17,83","0,065129","7.437,18"
12/08/2002,"17,83","0,065129","7.442,08"
13/08/2002,"17,82","0,065096","7.446,99"
14/08/2002,"17,87","0,065264","7.451,92"
15/08/2002,"17,87","0,065264","7.456,85"
16/08/2002,"17,82","0,065096","7.461,77"
19/08/2002,"17,82","0,065096","7.466,69"
20/08/2002,"17,87","0,065264","7.471,63"
21/08/2002,"17,87","0,065264","7.476,57"
22/08/2002,"17,82","0,065096","7.481,50"
23/08/2002,"17,81","0,065062","7.486,43"
26/08/2002,"17,81","0,065062","7.491,37"
27/08/2002,"17,81","0,065062","7.496,31"
28/08/2002,"17,87","0,065264","7.501,27"
29/08/2002,"17,83","0,065129","7.506,22"
30/08/2002,"17,82","0,065096","7.511,17"
02/09/2002,"17,87","0,065264","7.516,14"
03/09/2002,"17,87","0,065264","7.521,11"
04/09/2002,"17,87","0,065264","7.526,08"
05/09/2002,"17,88","0,065298","7.531,06"
06/09/2002,"17,89","0,065332","7.536,05"
09/09/2002,"17,9","0,065365","7.541,04"
10/09/2002,"17,9","0,065365","7.546,03"
11/09/2002,"17,9","0,065365","7.551,03"
12/09/2002,"17,9","0,065365","7.556,03"
13/09/2002,"17,9","0,065365","7.561,04"
16/09/2002,"17,9","0,065365","7.566,04"
17/09/2002,"17,9","0,065365","7.571,05"
18/09/2002,"17,9","0,065365","7.576,07"
19/09/2002,"17,9","0,065365","7.581,09"
20/09/2002,"17,9","0,065365","7.586,11"
23/09/2002,"17,9","0,065365","7.591,13"
24/09/2002,"17,9","0,065365","7.596,16"
25/09/2002,"17,9","0,065365","7.601,19"
26/09/2002,"17,9","0,065365","7.606,22"
27/09/2002,"17,9","0,065365","7.611,26"
30/09/2002,"17,9","0,065365","7.616,30"
01/10/2002,"17,9","0,065365","7.621,34"
02/10/2002,"17,9","0,065365","7.626,39"
03/10/2002,"17,9","0,065365","7.631,44"
04/10/2002,"17,9","0,065365","7.636,49"
07/10/2002,"17,9","0,065365","7.641,55"
08/10/2002,"17,9","0,065365","7.646,61"
09/10/2002,"17,9","0,065365","7.651,68"
10/10/2002,"17,9","0,065365","7.656,74"
11/10/2002,"17,9","0,065365","7.661,81"
14/10/2002,"17,9","0,065365","7.666,89"
15/10/2002,"20,9","0,075343","7.672,74"
16/10/2002,"20,9","0,075343","7.678,59"
17/10/2002,"20,9","0,075343","7.684,45"
18/10/2002,"20,9","0,075343","7.690,32"
21/10/2002,"20,9","0,075343","7.696,19"
22/10/2002,"20,9","0,075343","7.702,06"
23/10/2002,"20,9","0,075343","7.707,94"
24/10/2002,"20,9","0,075343","7.713,82"
25/10/2002,"20,9","0,075343","7.719,71"
28/10/2002,"20,9","0,075343","7.725,60"
29/10/2002,"20,9","0,075343","7.731,50"
30/10/2002,"20,9","0,075343","7.737,40"
31/10/2002,"20,9","0,075343","7.743,30"
01/11/2002,"20,9","0,075343","7.749,21"
04/11/2002,"20,9","0,075343","7.755,13"
05/11/2002,"20,9","0,075343","7.761,05"
06/11/2002,"20,9","0,075343","7.766,97"
07/11/2002,"20,9","0,075343","7.772,90"
08/11/2002,"20,9","0,075343","7.778,83"
11/11/2002,"20,9","0,075343","7.784,76"
12/11/2002,"20,9","0,075343","7.790,70"
13/11/2002,"20,9","0,075343","7.796,65"
14/11/2002,"20,9","0,075343","7.802,60"
18/11/2002,"20,9","0,075343","7.808,55"
19/11/2002,"20,9","0,075343","7.814,51"
20/11/2002,"20,9","0,075343","7.820,47"
21/11/2002,"21,9","0,078615","7.826,70"
22/11/2002,"21,9","0,078615","7.832,93"
25/11/2002,"21,9","0,078615","7.839,17"
26/11/2002,"21,9","0,078615","7.845,41"
27/11/2002,"21,9","0,078615","7.851,66"
28/11/2002,"21,9","0,078615","7.857,91"
29/11/2002,"21,9","0,078615","7.864,16"
02/12/2002,"21,9","0,078615","7.870,43"
03/12/2002,"21,9","0,078615","7.876,69"
04/12/2002,"21,9","0,078615","7.882,96"
05/12/2002,"21,9","0,078615","7.889,24"
06/12/2002,"21,9","0,078615","7.895,52"
09/12/2002,"21,9","0,078615","7.901,80"
10/12/2002,"21,9","0,078615","7.908,10"
11/12/2002,"21,9","0,078615","7.914,39"
12/12/2002,"21,9","0,078615","7.920,69"
13/12/2002,"21,9","0,078615","7.927,00"
16/12/2002,"21,9","0,078615","7.933,31"
17/12/2002,"21,9","0,078615","7.939,62"
18/12/2002,"21,9","0,078615","7.945,94"
19/12/2002,"24,9","0,08827","7.953,05"
20/12/2002,"24,9","0,08827","7.960,15"
23/12/2002,"24,9","0,08827","7.967,27"
24/12/2002,"24,9","0,08827","7.974,39"
26/12/2002,"24,9","0,08827","7.981,52"
27/12/2002,"24,9","0,08827","7.988,65"
30/12/2002,"24,9","0,08827","7.995,79"
31/12/2002,"24,9","0,08827","8.002,94"
02/01/2002,"24,9","0,08827","8.010,09"
03/01/2003,"24,9","0,08827","8.017,25"
06/01/2003,"24,9","0,08827","8.024,41"
07/01/2003,"24,9","0,08827","8.031,58"
08/01/2003,"24,9","0,08827","8.038,76"
09/01/2003,"24,9","0,08827","8.045,95"
10/01/2003,"24,9","0,08827","8.053,14"
13/01/2003,"24,9","0,08827","8.060,33"
14/01/2003,"24,9","0,08827","8.067,54"
15/01/2003,"24,9","0,08827","8.074,75"
16/01/2003,"24,9","0,08827","8.081,96"
17/01/2003,"24,9","0,08827","8.089,18"
20/01/2003,"24,9","0,08827","8.096,41"
21/01/2003,"24,9","0,08827","8.103,65"
22/01/2003,"24,9","0,08827","8.110,89"
23/01/2003,"25,4","0,089857","8.118,27"
24/01/2003,"25,4","0,089857","8.125,65"
27/01/2003,"25,4","0,089857","8.133,04"
28/01/2003,"25,4","0,089857","8.140,44"
29/01/2003,"25,4","0,089857","8.147,85"
30/01/2003,"25,39","0,089826","8.155,25"
31/01/2003,"25,38","0,089794","8.162,67"
03/02/2003,"25,38","0,089794","8.170,09"
04/02/2003,"25,4","0,089857","8.177,52"
05/02/2003,"25,39","0,089826","8.184,95"
06/02/2003,"25,38","0,089794","8.192,39"
07/02/2003,"25,37","0,089762","8.199,84"
10/02/2003,"25,36","0,08973","8.207,28"
11/02/2003,"25,35","0,089699","8.214,73"
12/02/2003,"25,34","0,089667","8.222,19"
13/02/2003,"25,32","0,089604","8.229,65"
14/02/2003,"25,33","0,089635","8.237,11"
17/02/2003,"25,32","0,089604","8.244,58"
18/02/2003,"25,29","0,089509","8.252,05"
19/02/2003,"25,3","0,08954","8.259,53"
20/02/2003,"26,26","0,092572","8.267,27"
21/02/2003,"26,29","0,092666","8.275,02"
24/02/2003,"26,32","0,092761","8.282,79"
25/02/2003,"26,31","0,092729","8.290,57"
26/02/2003,"26,29","0,092666","8.298,34"
27/02/2003,"26,27","0,092603","8.306,12"
28/02/2003,"26,28","0,092635","8.313,90"
05/03/2003,"26,29","0,092666","8.321,70"
06/03/2003,"26,28","0,092635","8.329,50"
07/03/2003,"26,29","0,092666","8.337,31"
10/03/2003,"26,29","0,092666","8.345,13"
11/03/2003,"26,3","0,092698","8.352,96"
12/03/2003,"26,3","0,092698","8.360,80"
13/03/2003,"26,31","0,092729","8.368,64"
14/03/2003,"26,31","0,092729","8.376,50"
17/03/2003,"26,32","0,092761","8.384,36"
18/03/2003,"26,32","0,092761","8.392,23"
19/03/2003,"26,34","0,092823","8.400,11"
20/03/2003,"26,34","0,092823","8.408,00"
21/03/2003,"26,35","0,092855","8.415,90"
24/03/2003,"26,33","0,092792","8.423,80"
25/03/2003,"26,33","0,092792","8.431,71"
26/03/2003,"26,34","0,092823","8.439,63"
27/03/2003,"26,33","0,092792","8.447,56"
28/03/2003,"26,32","0,092761","8.455,49"
31/03/2003,"26,32","0,092761","8.463,42"
01/04/2003,"26,32","0,092761","8.471,36"
02/04/2003,"26,31","0,092729","8.479,31"
03/04/2003,"26,31","0,092729","8.487,27"
04/04/2003,"26,32","0,092761","8.495,23"
07/04/2003,"26,32","0,092761","8.503,21"
08/04/2003,"26,32","0,092761","8.511,19"
09/04/2003,"26,32","0,092761","8.519,18"
10/04/2003,"26,32","0,092761","8.527,17"
11/04/2003,"26,32","0,092761","8.535,17"
14/04/2003,"26,32","0,092761","8.543,18"
15/04/2003,"26,32","0,092761","8.551,20"
16/04/2003,"26,32","0,092761","8.559,23"
17/04/2003,"26,32","0,092761","8.567,26"
22/04/2003,"26,32","0,092761","8.575,30"
23/04/2003,"26,32","0,092761","8.583,35"
24/04/2003,"26,32","0,092761","8.591,40"
25/04/2003,"26,32","0,092761","8.599,46"
28/04/2003,"26,32","0,092761","8.607,53"
29/04/2003,"26,32","0,092761","8.615,61"
30/04/2003,"26,32","0,092761","8.623,69"
02/05/2003,"26,32","0,092761","8.631,79"
05/05/2003,"26,32","0,092761","8.639,89"
06/05/2003,"26,32","0,092761","8.647,99"
07/05/2003,"26,32","0,092761","8.656,11"
08/05/2003,"26,32","0,092761","8.664,23"
09/05/2003,"26,32","0,092761","8.672,36"
12/05/2003,"26,32","0,092761","8.680,50"
13/05/2003,"26,32","0,092761","8.688,64"
14/05/2003,"26,32","0,092761","8.696,79"
15/05/2003,"26,32","0,092761","8.704,95"
16/05/2003,"26,32","0,092761","8.713,12"
19/05/2003,"26,32","0,092761","8.721,30"
20/05/2003,"26,32","0,092761","8.729,48"
21/05/2003,"26,31","0,092729","8.737,67"
22/05/2003,"26,31","0,092729","8.745,86"
23/05/2003,"26,3","0,092698","8.754,06"
26/05/2003,"26,29","0,092666","8.762,27"
27/05/2003,"26,28","0,092635","8.770,48"
28/05/2003,"26,28","0,092635","8.778,69"
29/05/2003,"26,27","0,092603","8.786,92"
30/05/2003,"26,27","0,092603","8.795,15"
02/06/2003,"26,26","0,092572","8.803,38"
03/06/2003,"26,26","0,092572","8.811,62"
04/06/2003,"26,26","0,092572","8.819,87"
05/06/2003,"26,26","0,092572","8.828,13"
06/06/2003,"26,27","0,092603","8.836,40"
09/06/2003,"26,27","0,092603","8.844,67"
10/06/2003,"26,27","0,092603","8.852,95"
11/06/2003,"26,27","0,092603","8.861,25"
12/06/2003,"26,26","0,092572","8.869,54"
13/06/2003,"26,26","0,092572","8.877,84"
16/06/2003,"26,26","0,092572","8.886,16"
17/06/2003,"26,26","0,092572","8.894,47"
18/06/2003,"26,25","0,09254","8.902,80"
20/06/2003,"25,76","0,090996","8.910,99"
23/06/2003,"25,76","0,090996","8.919,19"
24/06/2003,"25,76","0,090996","8.927,40"
25/06/2003,"25,76","0,090996","8.935,61"
26/06/2003,"25,76","0,090996","8.943,83"
27/06/2003,"25,76","0,090996","8.952,06"
30/06/2003,"25,76","0,090996","8.960,30"
01/07/2003,"25,76","0,090996","8.968,54"
02/07/2003,"25,76","0,090996","8.976,80"
03/07/2003,"25,76","0,090996","8.985,06"
04/07/2003,"25,76","0,090996","8.993,32"
07/07/2003,"25,76","0,090996","9.001,60"
08/07/2003,"25,75","0,090964","9.009,88"
09/07/2003,"25,75","0,090964","9.018,16"
10/07/2003,"25,75","0,090964","9.026,46"
11/07/2003,"25,75","0,090964","9.034,76"
14/07/2003,"25,74","0,090933","9.043,07"
15/07/2003,"25,74","0,090933","9.051,38"
16/07/2003,"25,74","0,090933","9.059,70"
17/07/2003,"25,73","0,090901","9.068,03"
18/07/2003,"25,73","0,090901","9.076,36"
21/07/2003,"25,71","0,090838","9.084,70"
22/07/2003,"25,7","0,090806","9.093,04"
23/07/2003,"25,63","0,090585","9.101,36"
24/07/2003,"24,29","0,086326","9.109,31"
25/07/2003,"24,29","0,086326","9.117,26"
28/07/2003,"24,3","0,086358","9.125,22"
29/07/2003,"24,3","0,086358","9.133,18"
30/07/2003,"24,3","0,086358","9.141,16"
31/07/2003,"24,3","0,086358","9.149,14"
01/08/2003,"24,33","0,086454","9.157,13"
04/08/2003,"24,34","0,086486","9.165,14"
05/08/2003,"24,35","0,086518","9.173,16"
06/08/2003,"24,35","0,086518","9.181,18"
07/08/2003,"24,36","0,086549","9.189,21"
08/08/2003,"24,36","0,086549","9.197,25"
11/08/2003,"24,36","0,086549","9.205,30"
12/08/2003,"24,35","0,086518","9.213,35"
13/08/2003,"24,35","0,086518","9.221,41"
14/08/2003,"24,34","0,086486","9.229,47"
15/08/2003,"24,33","0,086454","9.237,53"
18/08/2003,"24,33","0,086454","9.245,61"
19/08/2003,"24,34","0,086486","9.253,69"
20/08/2003,"24,21","0,08607","9.261,74"
21/08/2003,"21,83","0,078386","9.269,08"
22/08/2003,"21,84","0,078419","9.276,43"
25/08/2003,"21,84","0,078419","9.283,78"
26/08/2003,"21,84","0,078419","9.291,14"
27/08/2003,"21,84","0,078419","9.298,50"
28/08/2003,"21,83","0,078386","9.305,87"
29/08/2003,"21,83","0,078386","9.313,24"
01/09/2003,"21,83","0,078386","9.320,62"
02/09/2003,"21,83","0,078386","9.328,01"
03/09/2003,"21,84","0,078419","9.335,40"
04/09/2003,"21,84","0,078419","9.342,80"
05/09/2003,"21,84","0,078419","9.350,20"
08/09/2003,"21,84","0,078419","9.357,61"
09/09/2003,"21,84","0,078419","9.365,03"
10/09/2003,"21,84","0,078419","9.372,45"
11/09/2003,"21,84","0,078419","9.379,88"
12/09/2003,"21,84","0,078419","9.387,31"
15/09/2003,"21,84","0,078419","9.394,75"
16/09/2003,"21,84","0,078419","9.402,20"
17/09/2003,"21,83","0,078386","9.409,65"
18/09/2003,"19,85","0,071879","9.416,48"
19/09/2003,"19,85","0,071879","9.423,32"
22/09/2003,"19,85","0,071879","9.430,17"
23/09/2003,"19,85","0,071879","9.437,02"
24/09/2003,"19,85","0,071879","9.443,88"
25/09/2003,"19,85","0,071879","9.450,74"
26/09/2003,"19,85","0,071879","9.457,60"
29/09/2003,"19,84","0,071846","9.464,47"
30/09/2003,"19,84","0,071846","9.471,34"
01/10/2003,"19,83","0,071813","9.478,21"
02/10/2003,"19,83","0,071813","9.485,09"
03/10/2003,"19,84","0,071846","9.491,98"
06/10/2003,"19,84","0,071846","9.498,87"
07/10/2003,"19,84","0,071846","9.505,76"
08/10/2003,"19,84","0,071846","9.512,67"
09/10/2003,"19,84","0,071846","9.519,57"
10/10/2003,"19,84","0,071846","9.526,48"
13/10/2003,"19,84","0,071846","9.533,40"
14/10/2003,"19,84","0,071846","9.540,32"
15/10/2003,"19,84","0,071846","9.547,25"
16/10/2003,"19,84","0,071846","9.554,18"
17/10/2003,"19,84","0,071846","9.561,11"
20/10/2003,"19,84","0,071846","9.568,06"
21/10/2003,"19,84","0,071846","9.575,00"
22/10/2003,"19,83","0,071813","9.581,95"
23/10/2003,"18,85","0,068552","9.588,59"
24/10/2003,"18,85","0,068552","9.595,23"
27/10/2003,"18,85","0,068552","9.601,88"
28/10/2003,"18,85","0,068552","9.608,53"
29/10/2003,"18,85","0,068552","9.615,18"
30/10/2003,"18,85","0,068552","9.621,84"
31/10/2003,"18,85","0,068552","9.628,51"
03/11/2003,"18,85","0,068552","9.635,17"
04/11/2003,"18,85","0,068552","9.641,85"
05/11/2003,"18,85","0,068552","9.648,53"
06/11/2003,"18,85","0,068552","9.655,21"
07/11/2003,"18,85","0,068552","9.661,90"
10/11/2003,"18,85","0,068552","9.668,59"
11/11/2003,"18,85","0,068552","9.675,29"
12/11/2003,"18,85","0,068552","9.681,99"
13/11/2003,"18,84","0,068519","9.688,69"
14/11/2003,"18,84","0,068519","9.695,40"
17/11/2003,"18,84","0,068519","9.702,11"
18/11/2003,"18,82","0,068452","9.708,82"
19/11/2003,"18,81","0,068418","9.715,53"
20/11/2003,"17,34","0,063475","9.721,76"
21/11/2003,"17,34","0,063475","9.727,99"
24/11/2003,"17,34","0,063475","9.734,23"
25/11/2003,"17,34","0,063475","9.740,47"
26/11/2003,"17,33","0,063441","9.746,72"
27/11/2003,"17,33","0,063441","9.752,96"
28/11/2003,"17,32","0,063407","9.759,21"
01/12/2003,"17,31","0,063373","9.765,46"
02/12/2003,"17,34","0,063475","9.771,72"
03/12/2003,"17,33","0,063441","9.777,98"
04/12/2003,"17,33","0,063441","9.784,25"
05/12/2003,"17,33","0,063441","9.790,52"
08/12/2003,"17,32","0,063407","9.796,79"
09/12/2003,"17,32","0,063407","9.803,07"
10/12/2003,"17,31","0,063373","9.809,34"
11/12/2003,"17,3","0,063339","9.815,62"
12/12/2003,"17,29","0,063305","9.821,90"
15/12/2003,"17,29","0,063305","9.828,18"
16/12/2003,"17,29","0,063305","9.834,46"
17/12/2003,"17,27","0,063238","9.840,75"
18/12/2003,"16,3","0,05994","9.846,70"
19/12/2003,"16,34","0,060076","9.852,68"
22/12/2003,"16,34","0,060076","9.858,66"
23/12/2003,"16,34","0,060076","9.864,64"
24/12/2003,"16,34","0,060076","9.870,63"
26/12/2003,"16,34","0,060076","9.876,62"
29/12/2003,"16,34","0,060076","9.882,61"
30/12/2003,"16,33","0,060042","9.888,61"
31/12/2003,"16,33","0,060042","9.894,60"
02/01/2003,"16,34","0,060076","9.900,61"
05/01/2004,"16,34","0,060076","9.906,62"
06/01/2004,"16,34","0,060076","9.912,63"
07/01/2004,"16,33","0,060042","9.918,64"
08/01/2004,"16,33","0,060042","9.924,65"
09/01/2004,"16,32","0,060008","9.930,67"
12/01/2004,"16,32","0,060008","9.936,69"
13/01/2004,"16,32","0,060008","9.942,71"
14/01/2004,"16,31","0,059974","9.948,73"
15/01/2004,"16,31","0,059974","9.954,76"
16/01/2004,"16,3","0,05994","9.960,79"
19/01/2004,"16,3","0,05994","9.966,82"
20/01/2004,"16,3","0,05994","9.972,85"
21/01/2004,"16,28","0,059871","9.978,88"
22/01/2004,"16,33","0,060042","9.984,93"
23/01/2004,"16,33","0,060042","9.990,99"
26/01/2004,"16,33","0,060042","9.997,05"
27/01/2004,"16,32","0,060008","10.003,11"
28/01/2004,"16,32","0,060008","10.009,17"
29/01/2004,"16,3","0,05994","10.015,23"
30/01/2004,"16,29","0,059906","10.021,29"
02/02/2004,"16,29","0,059906","10.027,35"
03/02/2004,"16,29","0,059906","10.033,42"
04/02/2004,"16,28","0,059871","10.039,49"
05/02/2004,"16,28","0,059871","10.045,56"
06/02/2004,"16,27","0,059837","10.051,63"
09/02/2004,"16,27","0,059837","10.057,70"
10/02/2004,"16,26","0,059803","10.063,78"
11/02/2004,"16,27","0,059837","10.069,86"
12/02/2004,"16,29","0,059906","10.075,95"
13/02/2004,"16,32","0,060008","10.082,06"
16/02/2004,"16,33","0,060042","10.088,17"
17/02/2004,"16,33","0,060042","10.094,29"
18/02/2004,"16,33","0,060042","10.100,41"
19/02/2004,"16,33","0,060042","10.106,53"
20/02/2004,"16,32","0,060008","10.112,66"
25/02/2004,"16,32","0,060008","10.118,79"
26/02/2004,"16,31","0,059974","10.124,92"
27/02/2004,"16,3","0,05994","10.131,04"
01/03/2004,"16,29","0,059906","10.137,17"
02/03/2004,"16,29","0,059906","10.143,31"
03/03/2004,"16,28","0,059871","10.149,44"
04/03/2004,"16,27","0,059837","10.155,57"
05/03/2004,"16,3","0,05994","10.161,72"
08/03/2004,"16,29","0,059906","10.167,87"
09/03/2004,"16,29","0,059906","10.174,02"
10/03/2004,"16,28","0,059871","10.180,17"
11/03/2004,"16,27","0,059837","10.186,32"
12/03/2004,"16,26","0,059803","10.192,47"
15/03/2004,"16,25","0,059769","10.198,62"
16/03/2004,"16,24","0,059735","10.204,78"
17/03/2004,"16,23","0,059701","10.210,93"
18/03/2004,"16,02","0,058983","10.217,01"
19/03/2004,"16,05","0,059085","10.223,10"
22/03/2004,"16,09","0,059222","10.229,22"
23/03/2004,"16,12","0,059325","10.235,35"
24/03/2004,"16,11","0,059291","10.241,47"
25/03/2004,"16,1","0,059256","10.247,60"
26/03/2004,"16,11","0,059291","10.253,74"
29/03/2004,"16,09","0,059222","10.259,87"
30/03/2004,"16,07","0,059154","10.266,00"
31/03/2004,"16,11","0,059291","10.272,14"
01/04/2004,"16,1","0,059256","10.278,29"
02/04/2004,"16,11","0,059291","10.284,44"
05/04/2004,"16,11","0,059291","10.290,60"
06/04/2004,"16,1","0,059256","10.296,76"
07/04/2004,"16,1","0,059256","10.302,92"
08/04/2004,"16,09","0,059222","10.309,08"
12/04/2004,"16,09","0,059222","10.315,24"
13/04/2004,"16,08","0,059188","10.321,41"
14/04/2004,"16,06","0,059119","10.327,57"
15/04/2004,"15,86","0,058435","10.333,66"
16/04/2004,"15,86","0,058435","10.339,76"
19/04/2004,"15,88","0,058503","10.345,87"
20/04/2004,"15,88","0,058503","10.351,98"
22/04/2004,"15,86","0,058435","10.358,08"
23/04/2004,"15,85","0,0584","10.364,19"
26/04/2004,"15,84","0,058366","10.370,30"
27/04/2004,"15,83","0,058332","10.376,41"
28/04/2004,"15,82","0,058298","10.382,52"
29/04/2004,"15,8","0,058229","10.388,62"
30/04/2004,"15,8","0,058229","10.394,73"
03/05/2004,"15,79","0,058195","10.400,83"
04/05/2004,"15,79","0,058195","10.406,94"
05/05/2004,"15,78","0,05816","10.413,06"
06/05/2004,"15,77","0,058126","10.419,17"
07/05/2004,"15,76","0,058092","10.425,28"
10/05/2004,"15,75","0,058058","10.431,39"
11/05/2004,"15,74","0,058023","10.437,50"
12/05/2004,"15,73","0,057989","10.443,61"
13/05/2004,"15,74","0,058023","10.449,73"
14/05/2004,"15,77","0,058126","10.455,86"
17/05/2004,"15,76","0,058092","10.461,99"
18/05/2004,"15,75","0,058058","10.468,12"
19/05/2004,"15,73","0,057989","10.474,25"
20/05/2004,"15,77","0,058126","10.480,40"
21/05/2004,"15,81","0,058263","10.486,56"
24/05/2004,"15,8","0,058229","10.492,73"
25/05/2004,"15,79","0,058195","10.498,89"
26/05/2004,"15,8","0,058229","10.505,06"
27/05/2004,"15,79","0,058195","10.511,23"
28/05/2004,"15,78","0,05816","10.517,41"
31/05/2004,"15,78","0,05816","10.523,58"
01/06/2004,"15,78","0,05816","10.529,76"
02/06/2004,"15,75","0,058058","10.535,93"
03/06/2004,"15,76","0,058092","10.542,11"
04/06/2004,"15,79","0,058195","10.548,30"
07/06/2004,"15,82","0,058298","10.554,51"
08/06/2004,"15,84","0,058366","10.560,73"
09/06/2004,"15,82","0,058298","10.566,94"
11/06/2004,"15,79","0,058195","10.573,15"
14/06/2004,"15,8","0,058229","10.579,37"
15/06/2004,"15,82","0,058298","10.585,59"
16/06/2004,"15,8","0,058229","10.591,81"
17/06/2004,"15,79","0,058195","10.598,04"
18/06/2004,"15,79","0,058195","10.604,26"
21/06/2004,"15,81","0,058263","10.610,50"
22/06/2004,"15,82","0,058298","10.616,74"
23/06/2004,"15,79","0,058195","10.622,98"
24/06/2004,"15,79","0,058195","10.629,22"
25/06/2004,"15,8","0,058229","10.635,47"
28/06/2004,"15,81","0,058263","10.641,72"
29/06/2004,"15,81","0,058263","10.647,98"
30/06/2004,"15,8","0,058229","10.654,24"
01/07/2004,"15,8","0,058229","10.660,50"
02/07/2004,"15,81","0,058263","10.666,77"
05/07/2004,"15,8","0,058229","10.673,04"
06/07/2004,"15,8","0,058229","10.679,31"
07/07/2004,"15,79","0,058195","10.685,59"
08/07/2004,"15,77","0,058126","10.691,86"
09/07/2004,"15,77","0,058126","10.698,13"
12/07/2004,"15,78","0,05816","10.704,41"
13/07/2004,"15,78","0,05816","10.710,69"
14/07/2004,"15,76","0,058092","10.716,97"
15/07/2004,"15,77","0,058126","10.723,26"
16/07/2004,"15,76","0,058092","10.729,55"
19/07/2004,"15,76","0,058092","10.735,84"
20/07/2004,"15,76","0,058092","10.742,13"
21/07/2004,"15,75","0,058058","10.748,43"
22/07/2004,"15,75","0,058058","10.754,73"
23/07/2004,"15,75","0,058058","10.761,03"
26/07/2004,"15,75","0,058058","10.767,33"
27/07/2004,"15,75","0,058058","10.773,64"
28/07/2004,"15,76","0,058092","10.779,96"
29/07/2004,"15,78","0,05816","10.786,29"
30/07/2004,"15,82","0,058298","10.792,63"
02/08/2004,"15,82","0,058298","10.798,98"
03/08/2004,"15,82","0,058298","10.805,34"
04/08/2004,"15,83","0,058332","10.811,70"
05/08/2004,"15,84","0,058366","10.818,07"
06/08/2004,"15,86","0,058435","10.824,45"
09/08/2004,"15,86","0,058435","10.830,83"
10/08/2004,"15,87","0,058469","10.837,22"
11/08/2004,"15,88","0,058503","10.843,62"
12/08/2004,"15,88","0,058503","10.850,02"
13/08/2004,"15,88","0,058503","10.856,43"
16/08/2004,"15,88","0,058503","10.862,84"
17/08/2004,"15,88","0,058503","10.869,25"
18/08/2004,"15,87","0,058469","10.875,67"
19/08/2004,"15,86","0,058435","10.882,08"
20/08/2004,"15,85","0,0584","10.888,49"
23/08/2004,"15,84","0,058366","10.894,91"
24/08/2004,"15,83","0,058332","10.901,32"
25/08/2004,"15,84","0,058366","10.907,74"
26/08/2004,"15,86","0,058435","10.914,18"
27/08/2004,"15,88","0,058503","10.920,62"
30/08/2004,"15,91","0,058606","10.927,08"
31/08/2004,"15,91","0,058606","10.933,54"
01/09/2004,"15,92","0,05864","10.940,01"
02/09/2004,"15,92","0,05864","10.946,48"
03/09/2004,"15,92","0,05864","10.952,96"
06/09/2004,"15,92","0,05864","10.959,44"
08/09/2004,"15,93","0,058674","10.965,93"
09/09/2004,"15,93","0,058674","10.972,42"
10/09/2004,"15,94","0,058709","10.978,93"
13/09/2004,"15,95","0,058743","10.985,43"
14/09/2004,"15,97","0,058811","10.991,95"
15/09/2004,"15,97","0,058811","10.998,48"
16/09/2004,"16,22","0,059667","11.005,10"
17/09/2004,"16,23","0,059701","11.011,73"
20/09/2004,"16,24","0,059735","11.018,37"
21/09/2004,"16,24","0,059735","11.025,01"
22/09/2004,"16,24","0,059735","11.031,65"
23/09/2004,"16,24","0,059735","11.038,30"
24/09/2004,"16,24","0,059735","11.044,96"
27/09/2004,"16,24","0,059735","11.051,61"
28/09/2004,"16,24","0,059735","11.058,27"
29/09/2004,"16,23","0,059701","11.064,94"
30/09/2004,"16,24","0,059735","11.071,61"
01/10/2004,"16,23","0,059701","11.078,28"
04/10/2004,"16,22","0,059667","11.084,95"
05/10/2004,"16,2","0,059598","11.091,61"
06/10/2004,"16,22","0,059667","11.098,29"
07/10/2004,"16,23","0,059701","11.104,97"
08/10/2004,"16,24","0,059735","11.111,67"
11/10/2004,"16,24","0,059735","11.118,36"
13/10/2004,"16,24","0,059735","11.125,07"
14/10/2004,"16,24","0,059735","11.131,77"
15/10/2004,"16,24","0,059735","11.138,48"
18/10/2004,"16,24","0,059735","11.145,19"
19/10/2004,"16,24","0,059735","11.151,91"
20/10/2004,"16,24","0,059735","11.158,63"
21/10/2004,"16,74","0,061439","11.165,55"
22/10/2004,"16,74","0,061439","11.172,47"
25/10/2004,"16,74","0,061439","11.179,40"
26/10/2004,"16,74","0,061439","11.186,33"
27/10/2004,"16,74","0,061439","11.193,26"
28/10/2004,"16,74","0,061439","11.200,20"
29/10/2004,"16,74","0,061439","11.207,14"
01/11/2004,"16,74","0,061439","11.214,09"
03/11/2004,"16,73","0,061405","11.221,04"
04/11/2004,"16,73","0,061405","11.227,99"
05/11/2004,"16,73","0,061405","11.234,94"
08/11/2004,"16,74","0,061439","11.241,91"
09/11/2004,"16,74","0,061439","11.248,88"
10/11/2004,"16,74","0,061439","11.255,85"
11/11/2004,"16,74","0,061439","11.262,83"
12/11/2004,"16,74","0,061439","11.269,81"
16/11/2004,"16,74","0,061439","11.276,79"
17/11/2004,"16,74","0,061439","11.283,78"
18/11/2004,"17,24","0,063136","11.290,97"
19/11/2004,"17,24","0,063136","11.298,16"
22/11/2004,"17,23","0,063102","11.305,35"
23/11/2004,"17,23","0,063102","11.312,55"
24/11/2004,"17,24","0,063136","11.319,76"
25/11/2004,"17,23","0,063102","11.326,96"
26/11/2004,"17,22","0,063068","11.334,17"
29/11/2004,"17,22","0,063068","11.341,38"
30/11/2004,"17,21","0,063035","11.348,59"
01/12/2004,"17,23","0,063102","11.355,82"
02/12/2004,"17,23","0,063102","11.363,05"
03/12/2004,"17,23","0,063102","11.370,28"
06/12/2004,"17,24","0,063136","11.377,52"
07/12/2004,"17,24","0,063136","11.384,77"
08/12/2004,"17,24","0,063136","11.392,02"
09/12/2004,"17,24","0,063136","11.399,27"
10/12/2004,"17,24","0,063136","11.406,53"
13/12/2004,"17,24","0,063136","11.413,80"
14/12/2004,"17,24","0,063136","11.421,07"
15/12/2004,"17,25","0,06317","11.428,35"
16/12/2004,"17,74","0,064826","11.435,82"
17/12/2004,"17,74","0,064826","11.443,30"
20/12/2004,"17,74","0,064826","11.450,78"
21/12/2004,"17,74","0,064826","11.458,27"
22/12/2004,"17,74","0,064826","11.465,76"
23/12/2004,"17,74","0,064826","11.473,26"
24/12/2004,"17,74","0,064826","11.480,76"
27/12/2004,"17,74","0,064826","11.488,27"
28/12/2004,"17,74","0,064826","11.495,78"
29/12/2004,"17,74","0,064826","11.503,30"
30/12/2004,"17,75","0,06486","11.510,82"
31/12/2004,"17,75","0,06486","11.518,36"
02/01/2004,"17,74","0,064826","11.525,89"
04/01/2005,"17,74","0,064826","11.533,42"
05/01/2005,"17,74","0,064826","11.540,97"
06/01/2005,"17,74","0,064826","11.548,51"
07/01/2005,"17,74","0,064826","11.556,06"
10/01/2005,"17,74","0,064826","11.563,62"
11/01/2005,"17,74","0,064826","11.571,18"
12/01/2005,"17,74","0,064826","11.578,75"
13/01/2005,"17,74","0,064826","11.586,32"
14/01/2005,"17,74","0,064826","11.593,89"
17/01/2005,"17,74","0,064826","11.601,47"
18/01/2005,"17,74","0,064826","11.609,06"
19/01/2005,"17,75","0,06486","11.616,65"
20/01/2005,"18,24","0,066509","11.624,45"
21/01/2005,"18,24","0,066509","11.632,24"
24/01/2005,"18,24","0,066509","11.640,05"
25/01/2005,"18,24","0,066509","11.647,86"
26/01/2005,"18,24","0,066509","11.655,67"
27/01/2005,"18,24","0,066509","11.663,49"
28/01/2005,"18,24","0,066509","11.671,31"
31/01/2005,"18,24","0,066509","11.679,14"
01/02/2005,"18,24","0,066509","11.686,97"
02/02/2005,"18,25","0,066542","11.694,82"
03/02/2005,"18,25","0,066542","11.702,67"
04/02/2005,"18,25","0,066542","11.710,52"
09/02/2005,"18,25","0,066542","11.718,38"
10/02/2005,"18,25","0,066542","11.726,24"
11/02/2005,"18,26","0,066576","11.734,12"
14/02/2005,"18,26","0,066576","11.741,99"
15/02/2005,"18,26","0,066576","11.749,88"
16/02/2005,"18,26","0,066576","11.757,77"
17/02/2005,"18,75","0,068218","11.765,86"
18/02/2005,"18,75","0,068218","11.773,95"
21/02/2005,"18,75","0,068218","11.782,05"
22/02/2005,"18,75","0,068218","11.790,16"
23/02/2005,"18,75","0,068218","11.798,27"
24/02/2005,"18,75","0,068218","11.806,39"
25/02/2005,"18,75","0,068218","11.814,51"
28/02/2005,"18,74","0,068184","11.822,63"
01/03/2005,"18,74","0,068184","11.830,76"
02/03/2005,"18,74","0,068184","11.838,90"
03/03/2005,"18,74","0,068184","11.847,04"
04/03/2005,"18,74","0,068184","11.855,18"
07/03/2005,"18,75","0,068218","11.863,34"
08/03/2005,"18,75","0,068218","11.871,50"
09/03/2005,"18,75","0,068218","11.879,67"
10/03/2005,"18,75","0,068218","11.887,84"
11/03/2005,"18,75","0,068218","11.896,02"
14/03/2005,"18,75","0,068218","11.904,20"
15/03/2005,"18,75","0,068218","11.912,39"
16/03/2005,"18,75","0,068218","11.920,58"
17/03/2005,"19,24","0,069853","11.928,98"
18/03/2005,"19,24","0,069853","11.937,38"
21/03/2005,"19,24","0,069853","11.945,79"
22/03/2005,"19,24","0,069853","11.954,21"
23/03/2005,"19,24","0,069853","11.962,63"
24/03/2005,"19,24","0,069853","11.971,05"
28/03/2005,"19,25","0,069886","11.979,49"
29/03/2005,"19,25","0,069886","11.987,93"
30/03/2005,"19,25","0,069886","11.996,38"
31/03/2005,"19,25","0,069886","12.004,83"
01/04/2005,"19,24","0,069853","12.013,29"
04/04/2005,"19,24","0,069853","12.021,75"
05/04/2005,"19,24","0,069853","12.030,22"
06/04/2005,"19,24","0,069853","12.038,69"
07/04/2005,"19,24","0,069853","12.047,17"
08/04/2005,"19,24","0,069853","12.055,65"
11/04/2005,"19,24","0,069853","12.064,14"
12/04/2005,"19,24","0,069853","12.072,64"
13/04/2005,"19,24","0,069853","12.081,14"
14/04/2005,"19,24","0,069853","12.089,65"
15/04/2005,"19,24","0,069853","12.098,17"
18/04/2005,"19,24","0,069853","12.106,69"
19/04/2005,"19,24","0,069853","12.115,22"
20/04/2005,"19,24","0,069853","12.123,75"
22/04/2005,"19,49","0,070685","12.132,39"
25/04/2005,"19,49","0,070685","12.141,03"
26/04/2005,"19,49","0,070685","12.149,69"
27/04/2005,"19,5","0,070718","12.158,35"
28/04/2005,"19,5","0,070718","12.167,02"
29/04/2005,"19,5","0,070718","12.175,69"
02/05/2005,"19,5","0,070718","12.184,37"
03/05/2005,"19,51","0,070751","12.193,07"
04/05/2005,"19,51","0,070751","12.201,76"
05/05/2005,"19,51","0,070751","12.210,47"
06/05/2005,"19,51","0,070751","12.219,18"
09/05/2005,"19,52","0,070784","12.227,90"
10/05/2005,"19,52","0,070784","12.236,62"
11/05/2005,"19,52","0,070784","12.245,36"
12/05/2005,"19,52","0,070784","12.254,09"
13/05/2005,"19,52","0,070784","12.262,84"
16/05/2005,"19,52","0,070784","12.271,59"
17/05/2005,"19,52","0,070784","12.280,35"
18/05/2005,"19,51","0,070751","12.289,11"
19/05/2005,"19,76","0,071581","12.297,97"
20/05/2005,"19,75","0,071548","12.306,84"
23/05/2005,"19,75","0,071548","12.315,72"
24/05/2005,"19,75","0,071548","12.324,60"
25/05/2005,"19,75","0,071548","12.333,49"
27/05/2005,"19,75","0,071548","12.342,39"
30/05/2005,"19,75","0,071548","12.351,29"
31/05/2005,"19,76","0,071581","12.360,21"
01/06/2005,"19,76","0,071581","12.369,12"
02/06/2005,"19,75","0,071548","12.378,05"
03/06/2005,"19,75","0,071548","12.386,97"
06/06/2005,"19,75","0,071548","12.395,91"
07/06/2005,"19,75","0,071548","12.404,85"
08/06/2005,"19,75","0,071548","12.413,80"
09/06/2005,"19,75","0,071548","12.422,75"
10/06/2005,"19,75","0,071548","12.431,71"
13/06/2005,"19,75","0,071548","12.440,67"
14/06/2005,"19,75","0,071548","12.449,65"
15/06/2005,"19,75","0,071548","12.458,63"
16/06/2005,"19,74","0,071515","12.467,61"
17/06/2005,"19,74","0,071515","12.476,60"
20/06/2005,"19,74","0,071515","12.485,59"
21/06/2005,"19,74","0,071515","12.494,59"
22/06/2005,"19,74","0,071515","12.503,60"
23/06/2005,"19,74","0,071515","12.512,61"
24/06/2005,"19,74","0,071515","12.521,63"
27/06/2005,"19,74","0,071515","12.530,66"
28/06/2005,"19,74","0,071515","12.539,69"
29/06/2005,"19,74","0,071515","12.548,73"
30/06/2005,"19,74","0,071515","12.557,77"
01/07/2005,"19,73","0,071481","12.566,82"
04/07/2005,"19,72","0,071448","12.575,87"
05/07/2005,"19,72","0,071448","12.584,93"
06/07/2005,"19,72","0,071448","12.593,99"
07/07/2005,"19,72","0,071448","12.603,06"
08/07/2005,"19,72","0,071448","12.612,14"
11/07/2005,"19,72","0,071448","12.621,22"
12/07/2005,"19,72","0,071448","12.630,31"
13/07/2005,"19,72","0,071448","12.639,41"
14/07/2005,"19,72","0,071448","12.648,51"
15/07/2005,"19,73","0,071481","12.657,62"
18/07/2005,"19,72","0,071448","12.666,74"
19/07/2005,"19,72","0,071448","12.675,86"
20/07/2005,"19,72","0,071448","12.684,99"
21/07/2005,"19,72","0,071448","12.694,12"
22/07/2005,"19,72","0,071448","12.703,26"
25/07/2005,"19,72","0,071448","12.712,41"
26/07/2005,"19,72","0,071448","12.721,56"
27/07/2005,"19,72","0,071448","12.730,72"
28/07/2005,"19,73","0,071481","12.739,90"
29/07/2005,"19,74","0,071515","12.749,08"
01/08/2005,"19,74","0,071515","12.758,27"
02/08/2005,"19,75","0,071548","12.767,47"
03/08/2005,"19,75","0,071548","12.776,67"
04/08/2005,"19,76","0,071581","12.785,89"
05/08/2005,"19,76","0,071581","12.795,11"
08/08/2005,"19,76","0,071581","12.804,34"
09/08/2005,"19,76","0,071581","12.813,58"
10/08/2005,"19,76","0,071581","12.822,83"
11/08/2005,"19,76","0,071581","12.832,08"
12/08/2005,"19,76","0,071581","12.841,33"
15/08/2005,"19,76","0,071581","12.850,60"
16/08/2005,"19,77","0,071614","12.859,87"
17/08/2005,"19,75","0,071548","12.869,14"
18/08/2005,"19,74","0,071515","12.878,42"
19/08/2005,"19,74","0,071515","12.887,70"
22/08/2005,"19,74","0,071515","12.896,99"
23/08/2005,"19,74","0,071515","12.906,28"
24/08/2005,"19,74","0,071515","12.915,58"
25/08/2005,"19,74","0,071515","12.924,89"
26/08/2005,"19,74","0,071515","12.934,21"
29/08/2005,"19,73","0,071481","12.943,52"
30/08/2005,"19,73","0,071481","12.952,85"
31/08/2005,"19,73","0,071481","12.962,18"
01/09/2005,"19,74","0,071515","12.971,52"
02/09/2005,"19,73","0,071481","12.980,86"
05/09/2005,"19,73","0,071481","12.990,21"
06/09/2005,"19,74","0,071515","12.999,57"
08/09/2005,"19,74","0,071515","13.008,94"
09/09/2005,"19,74","0,071515","13.018,32"
12/09/2005,"19,74","0,071515","13.027,70"
13/09/2005,"19,74","0,071515","13.037,09"
14/09/2005,"19,74","0,071515","13.046,48"
15/09/2005,"19,49","0,070685","13.055,77"
16/09/2005,"19,5","0,070718","13.065,08"
19/09/2005,"19,51","0,070751","13.074,39"
20/09/2005,"19,51","0,070751","13.083,71"
21/09/2005,"19,5","0,070718","13.093,04"
22/09/2005,"19,51","0,070751","13.102,37"
23/09/2005,"19,5","0,070718","13.111,71"
26/09/2005,"19,5","0,070718","13.121,05"
27/09/2005,"19,5","0,070718","13.130,40"
28/09/2005,"19,52","0,070784","13.139,77"
29/09/2005,"19,52","0,070784","13.149,14"
30/09/2005,"19,53","0,070818","13.158,52"
03/10/2005,"19,48","0,070651","13.167,89"
04/10/2005,"19,46","0,070585","13.177,25"
05/10/2005,"19,45","0,070552","13.186,62"
06/10/2005,"19,45","0,070552","13.195,99"
07/10/2005,"19,45","0,070552","13.205,37"
10/10/2005,"19,45","0,070552","13.214,76"
11/10/2005,"19,45","0,070552","13.224,16"
13/10/2005,"19,45","0,070552","13.233,56"
14/10/2005,"19,45","0,070552","13.242,96"
17/10/2005,"19,45","0,070552","13.252,38"
18/10/2005,"19,45","0,070552","13.261,80"
19/10/2005,"19,45","0,070552","13.271,22"
20/10/2005,"18,95","0,068886","13.280,43"
21/10/2005,"18,95","0,068886","13.289,65"
24/10/2005,"18,95","0,068886","13.298,88"
25/10/2005,"18,95","0,068886","13.308,11"
26/10/2005,"18,95","0,068886","13.317,34"
27/10/2005,"18,95","0,068886","13.326,58"
28/10/2005,"18,95","0,068886","13.335,83"
31/10/2005,"18,95","0,068886","13.345,09"
01/11/2005,"18,95","0,068886","13.354,35"
03/11/2005,"18,95","0,068886","13.363,62"
04/11/2005,"18,96","0,068919","13.372,90"
07/11/2005,"18,97","0,068953","13.382,19"
08/11/2005,"18,99","0,06902","13.391,49"
09/11/2005,"19,01","0,069086","13.400,81"
10/11/2005,"19,02","0,06912","13.410,15"
11/11/2005,"19,03","0,069153","13.419,49"
14/11/2005,"19,03","0,069153","13.428,84"
16/11/2005,"19,02","0,06912","13.438,19"
17/11/2005,"19,01","0,069086","13.447,54"
18/11/2005,19,"0,069053","13.456,90"
21/11/2005,"18,98","0,068986","13.466,25"
22/11/2005,"18,98","0,068986","13.475,61"
23/11/2005,"18,96","0,068919","13.484,96"
24/11/2005,"18,46","0,067247","13.494,10"
25/11/2005,"18,47","0,06728","13.503,25"
28/11/2005,"18,49","0,067347","13.512,41"
29/11/2005,"18,5","0,067381","13.521,58"
30/11/2005,"18,53","0,067481","13.530,77"
01/12/2005,"18,52","0,067448","13.539,96"
02/12/2005,"18,5","0,067381","13.549,16"
05/12/2005,"18,49","0,067347","13.558,35"
06/12/2005,"18,48","0,067314","13.567,54"
07/12/2005,"18,48","0,067314","13.576,74"
08/12/2005,"18,48","0,067314","13.585,95"
09/12/2005,"18,48","0,067314","13.595,16"
12/12/2005,"18,48","0,067314","13.604,38"
13/12/2005,"18,48","0,067314","13.613,60"
14/12/2005,"18,48","0,067314","13.622,84"
15/12/2005,18,"0,065702","13.631,85"
16/12/2005,"18,03","0,065803","13.640,89"
19/12/2005,"18,04","0,065836","13.649,93"
20/12/2005,"18,04","0,065836","13.658,99"
21/12/2005,"18,04","0,065836","13.668,05"
22/12/2005,"18,04","0,065836","13.677,11"
23/12/2005,"18,04","0,065836","13.686,18"
26/12/2005,"18,04","0,065836","13.695,26"
27/12/2005,"18,04","0,065836","13.704,34"
28/12/2005,"18,04","0,065836","13.713,43"
29/12/2005,"18,05","0,06587","13.722,53"
30/12/2005,"18,05","0,06587","13.731,63"
03/01/2005,"17,98","0,065635","13.740,71"
03/01/2006,"17,98","0,065635","13.749,79"
04/01/2006,"17,97","0,065601","13.758,88"
05/01/2006,"17,96","0,065567","13.767,97"
06/01/2006,"17,95","0,065534","13.777,05"
09/01/2006,"17,95","0,065534","13.786,15"
10/01/2006,"17,95","0,065534","13.795,25"
11/01/2006,"17,95","0,065534","13.804,35"
12/01/2006,"17,95","0,065534","13.813,47"
13/01/2006,"17,95","0,065534","13.822,58"
16/01/2006,"17,95","0,065534","13.831,71"
17/01/2006,"17,95","0,065534","13.840,84"
18/01/2006,"17,95","0,065534","13.849,97"
19/01/2006,"17,2","0,063001","13.858,76"
20/01/2006,"17,2","0,063001","13.867,56"
23/01/2006,"17,2","0,063001","13.876,36"
24/01/2006,"17,2","0,063001","13.885,16"
25/01/2006,"17,21","0,063035","13.893,98"
26/01/2006,"17,22","0,063068","13.902,80"
27/01/2006,"17,23","0,063102","13.911,64"
30/01/2006,"17,23","0,063102","13.920,48"
31/01/2006,"17,23","0,063102","13.929,33"
01/02/2006,"17,23","0,063102","13.938,18"
02/02/2006,"17,24","0,063136","13.947,04"
03/02/2006,"17,26","0,063204","13.955,92"
06/02/2006,"17,27","0,063238","13.964,81"
07/02/2006,"17,28","0,063272","13.973,71"
08/02/2006,"17,29","0,063305","13.982,62"
09/02/2006,"17,29","0,063305","13.991,53"
10/02/2006,"17,29","0,063305","14.000,46"
13/02/2006,"17,29","0,063305","14.009,38"
14/02/2006,"17,29","0,063305","14.018,31"
15/02/2006,"17,29","0,063305","14.027,25"
16/02/2006,"17,29","0,063305","14.036,19"
17/02/2006,"17,29","0,063305","14.045,14"
20/02/2006,"17,29","0,063305","14.054,10"
21/02/2006,"17,29","0,063305","14.063,06"
22/02/2006,"17,29","0,063305","14.072,02"
23/02/2006,"17,29","0,063305","14.081,00"
24/02/2006,"17,29","0,063305","14.089,97"
01/03/2006,"17,29","0,063305","14.098,96"
02/03/2006,"17,29","0,063305","14.107,94"
03/03/2006,"17,29","0,063305","14.116,94"
06/03/2006,"17,29","0,063305","14.125,94"
07/03/2006,"17,29","0,063305","14.134,94"
08/03/2006,"17,29","0,063305","14.143,96"
09/03/2006,"16,54","0,060758","14.152,61"
10/03/2006,"16,54","0,060758","14.161,27"
13/03/2006,"16,54","0,060758","14.169,93"
14/03/2006,"16,54","0,060758","14.178,60"
15/03/2006,"16,54","0,060758","14.187,28"
16/03/2006,"16,54","0,060758","14.195,96"
17/03/2006,"16,54","0,060758","14.204,65"
20/03/2006,"16,54","0,060758","14.213,34"
21/03/2006,"16,54","0,060758","14.222,03"
22/03/2006,"16,54","0,060758","14.230,74"
23/03/2006,"16,54","0,060758","14.239,44"
24/03/2006,"16,54","0,060758","14.248,16"
27/03/2006,"16,54","0,060758","14.256,87"
28/03/2006,"16,54","0,060758","14.265,60"
29/03/2006,"16,54","0,060758","14.274,32"
30/03/2006,"16,54","0,060758","14.283,06"
31/03/2006,"16,54","0,060758","14.291,80"
03/04/2006,"16,45","0,060452","14.300,50"
04/04/2006,"16,45","0,060452","14.309,20"
05/04/2006,"16,45","0,060452","14.317,91"
06/04/2006,"16,45","0,060452","14.326,63"
07/04/2006,"16,45","0,060452","14.335,35"
10/04/2006,"16,45","0,060452","14.344,08"
11/04/2006,"16,45","0,060452","14.352,81"
12/04/2006,"16,45","0,060452","14.361,55"
13/04/2006,"16,45","0,060452","14.370,29"
17/04/2006,"16,45","0,060452","14.379,04"
18/04/2006,"16,45","0,060452","14.387,79"
19/04/2006,"16,44","0,060417","14.396,54"
20/04/2006,"15,69","0,057852","14.404,93"
24/04/2006,"15,68","0,057817","14.413,31"
25/04/2006,"15,68","0,057817","14.421,71"
26/04/2006,"15,68","0,057817","14.430,10"
27/04/2006,"15,69","0,057852","14.438,51"
28/04/2006,"15,7","0,057886","14.446,92"
02/05/2006,"15,7","0,057886","14.455,34"
03/05/2006,"15,71","0,05792","14.463,77"
04/05/2006,"15,71","0,05792","14.472,21"
05/05/2006,"15,77","0,058126","14.480,68"
08/05/2006,"15,77","0,058126","14.489,15"
09/05/2006,"15,77","0,058126","14.497,63"
10/05/2006,"15,71","0,05792","14.506,09"
11/05/2006,"15,7","0,057886","14.514,54"
12/05/2006,"15,75","0,058058","14.523,03"
15/05/2006,"15,74","0,058023","14.531,51"
16/05/2006,"15,77","0,058126","14.540,02"
17/05/2006,"15,68","0,057817","14.548,48"
18/05/2006,"15,68","0,057817","14.556,95"
19/05/2006,"15,66","0,057749","14.565,42"
22/05/2006,"15,66","0,057749","14.573,89"
23/05/2006,"15,67","0,057783","14.582,37"
24/05/2006,"15,66","0,057749","14.590,84"
25/05/2006,"15,67","0,057783","14.599,33"
26/05/2006,"15,66","0,057749","14.607,82"
29/05/2006,"15,67","0,057783","14.616,32"
30/05/2006,"15,66","0,057749","14.624,82"
31/05/2006,"15,66","0,057749","14.633,32"
01/06/2006,"15,17","0,056063","14.641,58"
02/06/2006,"15,16","0,056028","14.649,84"
05/06/2006,"15,17","0,056063","14.658,11"
06/06/2006,"15,17","0,056063","14.666,38"
07/06/2006,"15,17","0,056063","14.674,66"
08/06/2006,"15,17","0,056063","14.682,95"
09/06/2006,"15,17","0,056063","14.691,23"
12/06/2006,"15,18","0,056097","14.699,53"
13/06/2006,"15,19","0,056132","14.707,84"
14/06/2006,"15,18","0,056097","14.716,15"
16/06/2006,"15,18","0,056097","14.724,46"
19/06/2006,"15,18","0,056097","14.732,77"
20/06/2006,"15,18","0,056097","14.741,09"
21/06/2006,"15,18","0,056097","14.749,42"
22/06/2006,"15,18","0,056097","14.757,75"
23/06/2006,"15,17","0,056063","14.766,08"
26/06/2006,"15,18","0,056097","14.774,42"
27/06/2006,"15,18","0,056097","14.782,76"
28/06/2006,"15,18","0,056097","14.791,11"
29/06/2006,"15,18","0,056097","14.799,46"
30/06/2006,"15,18","0,056097","14.807,82"
03/07/2006,"15,17","0,056063","14.816,18"
04/07/2006,"15,18","0,056097","14.824,55"
05/07/2006,"15,18","0,056097","14.832,92"
06/07/2006,"15,18","0,056097","14.841,30"
07/07/2006,"15,18","0,056097","14.849,68"
10/07/2006,"15,18","0,056097","14.858,07"
11/07/2006,"15,18","0,056097","14.866,46"
12/07/2006,"15,18","0,056097","14.874,85"
13/07/2006,"15,18","0,056097","14.883,25"
14/07/2006,"15,18","0,056097","14.891,66"
17/07/2006,"15,16","0,056028","14.900,06"
18/07/2006,"15,19","0,056132","14.908,48"
19/07/2006,"15,17","0,056063","14.916,89"
20/07/2006,"14,66","0,054301","14.925,05"
21/07/2006,"14,65","0,054266","14.933,20"
24/07/2006,"14,66","0,054301","14.941,36"
25/07/2006,"14,66","0,054301","14.949,53"
26/07/2006,"14,66","0,054301","14.957,70"
27/07/2006,"14,66","0,054301","14.965,88"
28/07/2006,"14,65","0,054266","14.974,05"
31/07/2006,"14,66","0,054301","14.982,24"
01/08/2006,"14,66","0,054301","14.990,43"
02/08/2006,"14,66","0,054301","14.998,62"
03/08/2006,"14,67","0,054335","15.006,83"
04/08/2006,"14,66","0,054301","15.015,03"
07/08/2006,"14,66","0,054301","15.023,24"
08/08/2006,"14,66","0,054301","15.031,45"
09/08/2006,"14,66","0,054301","15.039,67"
10/08/2006,"14,66","0,054301","15.047,89"
11/08/2006,"14,67","0,054335","15.056,12"
14/08/2006,"14,69","0,054405","15.064,36"
15/08/2006,"14,7","0,054439","15.072,62"
16/08/2006,"14,69","0,054405","15.080,87"
17/08/2006,"14,69","0,054405","15.089,13"
18/08/2006,"14,74","0,054578","15.097,42"
21/08/2006,"14,7","0,054439","15.105,70"
22/08/2006,"14,69","0,054405","15.113,97"
23/08/2006,"14,68","0,05437","15.122,24"
24/08/2006,"14,69","0,054405","15.130,52"
25/08/2006,"14,68","0,05437","15.138,80"
28/08/2006,"14,69","0,054405","15.147,09"
29/08/2006,"14,69","0,054405","15.155,39"
30/08/2006,"14,67","0,054335","15.163,68"
31/08/2006,"14,18","0,052635","15.171,71"
01/09/2006,"14,17","0,0526","15.179,75"
04/09/2006,"14,17","0,0526","15.187,78"
05/09/2006,"14,18","0,052635","15.195,83"
06/09/2006,"14,17","0,0526","15.203,87"
08/09/2006,"14,17","0,0526","15.211,92"
11/09/2006,"14,17","0,0526","15.219,98"
12/09/2006,"14,17","0,0526","15.228,04"
13/09/2006,"14,17","0,0526","15.236,10"
14/09/2006,"14,17","0,0526","15.244,17"
15/09/2006,"14,17","0,0526","15.252,24"
18/09/2006,"14,16","0,052566","15.260,31"
19/09/2006,"14,17","0,0526","15.268,39"
20/09/2006,"14,17","0,0526","15.276,47"
21/09/2006,"14,18","0,052635","15.284,56"
22/09/2006,"14,17","0,0526","15.292,66"
25/09/2006,"14,17","0,0526","15.300,75"
26/09/2006,"14,17","0,0526","15.308,85"
27/09/2006,"14,17","0,0526","15.316,96"
28/09/2006,"14,17","0,0526","15.325,07"
29/09/2006,"14,17","0,0526","15.333,18"
02/10/2006,"14,16","0,052566","15.341,29"
03/10/2006,"14,16","0,052566","15.349,41"
04/10/2006,"14,16","0,052566","15.357,53"
05/10/2006,"14,16","0,052566","15.365,66"
06/10/2006,"14,17","0,0526","15.373,79"
09/10/2006,"14,16","0,052566","15.381,93"
10/10/2006,"14,16","0,052566","15.390,06"
11/10/2006,"14,16","0,052566","15.398,21"
13/10/2006,"14,16","0,052566","15.406,35"
16/10/2006,"14,16","0,052566","15.414,51"
17/10/2006,"14,16","0,052566","15.422,66"
18/10/2006,"14,16","0,052566","15.430,82"
19/10/2006,"13,67","0,050858","15.438,72"
20/10/2006,"13,65","0,050788","15.446,61"
23/10/2006,"13,66","0,050823","15.454,51"
24/10/2006,"13,67","0,050858","15.462,42"
25/10/2006,"13,68","0,050893","15.470,34"
26/10/2006,"13,68","0,050893","15.478,27"
27/10/2006,"13,67","0,050858","15.486,19"
30/10/2006,"13,68","0,050893","15.494,12"
31/10/2006,"13,68","0,050893","15.502,06"
01/11/2006,"13,68","0,050893","15.510,00"
03/11/2006,"13,67","0,050858","15.517,94"
06/11/2006,"13,69","0,050928","15.525,89"
07/11/2006,"13,69","0,050928","15.533,85"
08/11/2006,"13,69","0,050928","15.541,81"
09/11/2006,"13,68","0,050893","15.549,77"
10/11/2006,"13,66","0,050823","15.557,73"
13/11/2006,"13,68","0,050893","15.565,69"
14/11/2006,"13,67","0,050858","15.573,66"
16/11/2006,"13,66","0,050823","15.581,63"
17/11/2006,"13,66","0,050823","15.589,60"
20/11/2006,"13,68","0,050893","15.597,58"
21/11/2006,"13,68","0,050893","15.605,57"
22/11/2006,"13,66","0,050823","15.613,55"
23/11/2006,"13,67","0,050858","15.621,54"
24/11/2006,"13,66","0,050823","15.629,53"
27/11/2006,"13,66","0,050823","15.637,53"
28/11/2006,"13,68","0,050893","15.645,54"
29/11/2006,"13,68","0,050893","15.653,55"
30/11/2006,"13,18","0,049143","15.661,29"
01/12/2006,"13,18","0,049143","15.669,04"
04/12/2006,"13,18","0,049143","15.676,79"
05/12/2006,"13,19","0,049178","15.684,55"
06/12/2006,"13,18","0,049143","15.692,30"
07/12/2006,"13,18","0,049143","15.700,07"
08/12/2006,"13,18","0,049143","15.707,83"
11/12/2006,"13,19","0,049178","15.715,60"
12/12/2006,"13,18","0,049143","15.723,38"
13/12/2006,"13,19","0,049178","15.731,16"
14/12/2006,"13,19","0,049178","15.738,94"
15/12/2006,"13,18","0,049143","15.746,73"
18/12/2006,"13,19","0,049178","15.754,52"
19/12/2006,"13,19","0,049178","15.762,32"
20/12/2006,"13,19","0,049178","15.770,12"
21/12/2006,"13,19","0,049178","15.777,92"
22/12/2006,"13,19","0,049178","15.785,73"
26/12/2006,"13,19","0,049178","15.793,54"
27/12/2006,"13,18","0,049143","15.801,35"
28/12/2006,"13,19","0,049178","15.809,17"
29/12/2006,"13,19","0,049178","15.817,00"
02/01/2006,"13,19","0,049178","15.824,82"
03/01/2007,"13,18","0,049143","15.832,65"
04/01/2007,"13,19","0,049178","15.840,49"
05/01/2007,"13,19","0,049178","15.848,33"
08/01/2007,"13,19","0,049178","15.856,17"
09/01/2007,"13,19","0,049178","15.864,02"
10/01/2007,"13,19","0,049178","15.871,87"
11/01/2007,"13,19","0,049178","15.879,72"
12/01/2007,"13,18","0,049143","15.887,57"
15/01/2007,"13,19","0,049178","15.895,44"
16/01/2007,"13,19","0,049178","15.903,30"
17/01/2007,"13,19","0,049178","15.911,17"
18/01/2007,"13,19","0,049178","15.919,05"
19/01/2007,"13,19","0,049178","15.926,92"
22/01/2007,"13,19","0,049178","15.934,81"
23/01/2007,"13,19","0,049178","15.942,69"
24/01/2007,"13,18","0,049143","15.950,58"
25/01/2007,"12,94","0,0483","15.958,33"
26/01/2007,"12,92","0,04823","15.966,07"
29/01/2007,"12,93","0,048265","15.973,83"
30/01/2007,"12,93","0,048265","15.981,59"
31/01/2007,"12,93","0,048265","15.989,35"
01/02/2007,"12,93","0,048265","15.997,11"
02/02/2007,"12,93","0,048265","16.004,88"
05/02/2007,"12,93","0,048265","16.012,65"
06/02/2007,"12,93","0,048265","16.020,43"
07/02/2007,"12,93","0,048265","16.028,21"
08/02/2007,"12,93","0,048265","16.036,00"
09/02/2007,"12,93","0,048265","16.043,78"
12/02/2007,"12,93","0,048265","16.051,58"
13/02/2007,"12,93","0,048265","16.059,37"
14/02/2007,"12,93","0,048265","16.067,17"
15/02/2007,"12,93","0,048265","16.074,97"
16/02/2007,"12,94","0,0483","16.082,79"
21/02/2007,"12,94","0,0483","16.090,60"
22/02/2007,"12,94","0,0483","16.098,42"
23/02/2007,"12,94","0,0483","16.106,25"
26/02/2007,"12,93","0,048265","16.114,07"
27/02/2007,"12,93","0,048265","16.121,89"
28/02/2007,"12,93","0,048265","16.129,72"
01/03/2007,"12,93","0,048265","16.137,56"
02/03/2007,"12,93","0,048265","16.145,39"
05/03/2007,"12,93","0,048265","16.153,24"
06/03/2007,"12,93","0,048265","16.161,08"
07/03/2007,"12,93","0,048265","16.168,93"
08/03/2007,"12,69","0,04742","16.176,64"
09/03/2007,"12,69","0,04742","16.184,36"
12/03/2007,"12,69","0,04742","16.192,08"
13/03/2007,"12,68","0,047385","16.199,80"
14/03/2007,"12,68","0,047385","16.207,53"
15/03/2007,"12,68","0,047385","16.215,25"
16/03/2007,"12,68","0,047385","16.222,99"
19/03/2007,"12,68","0,047385","16.230,72"
20/03/2007,"12,68","0,047385","16.238,46"
21/03/2007,"12,68","0,047385","16.246,20"
22/03/2007,"12,68","0,047385","16.253,95"
23/03/2007,"12,68","0,047385","16.261,70"
26/03/2007,"12,68","0,047385","16.269,45"
27/03/2007,"12,68","0,047385","16.277,20"
28/03/2007,"12,68","0,047385","16.284,97"
29/03/2007,"12,68","0,047385","16.292,73"
30/03/2007,"12,68","0,047385","16.300,50"
02/04/2007,"12,68","0,047385","16.308,27"
03/04/2007,"12,68","0,047385","16.316,04"
04/04/2007,"12,68","0,047385","16.323,82"
05/04/2007,"12,69","0,04742","16.331,61"
09/04/2007,"12,68","0,047385","16.339,40"
10/04/2007,"12,68","0,047385","16.347,19"
11/04/2007,"12,68","0,047385","16.354,98"
12/04/2007,"12,68","0,047385","16.362,78"
13/04/2007,"12,68","0,047385","16.370,58"
16/04/2007,"12,68","0,047385","16.378,38"
17/04/2007,"12,67","0,04735","16.386,18"
18/04/2007,"12,67","0,04735","16.393,99"
19/04/2007,"12,43","0,046503","16.401,66"
20/04/2007,"12,43","0,046503","16.409,34"
23/04/2007,"12,43","0,046503","16.417,01"
24/04/2007,"12,43","0,046503","16.424,69"
25/04/2007,"12,43","0,046503","16.432,38"
26/04/2007,"12,43","0,046503","16.440,07"
27/04/2007,"12,43","0,046503","16.447,76"
30/04/2007,"12,43","0,046503","16.455,45"
02/05/2007,"12,43","0,046503","16.463,15"
03/05/2007,"12,43","0,046503","16.470,85"
04/05/2007,"12,43","0,046503","16.478,56"
07/05/2007,"12,43","0,046503","16.486,27"
08/05/2007,"12,43","0,046503","16.493,98"
09/05/2007,"12,43","0,046503","16.501,70"
10/05/2007,"12,43","0,046503","16.509,42"
11/05/2007,"12,43","0,046503","16.517,14"
14/05/2007,"12,43","0,046503","16.524,87"
15/05/2007,"12,43","0,046503","16.532,60"
16/05/2007,"12,43","0,046503","16.540,34"
17/05/2007,"12,43","0,046503","16.548,07"
18/05/2007,"12,43","0,046503","16.555,82"
21/05/2007,"12,43","0,046503","16.563,56"
22/05/2007,"12,43","0,046503","16.571,31"
23/05/2007,"12,43","0,046503","16.579,06"
24/05/2007,"12,43","0,046503","16.586,82"
25/05/2007,"12,43","0,046503","16.594,58"
28/05/2007,"12,43","0,046503","16.602,34"
29/05/2007,"12,43","0,046503","16.610,11"
30/05/2007,"12,43","0,046503","16.617,88"
31/05/2007,"12,43","0,046503","16.625,66"
01/06/2007,"12,43","0,046503","16.633,43"
04/06/2007,"12,43","0,046503","16.641,21"
05/06/2007,"12,43","0,046503","16.649,00"
06/06/2007,"12,43","0,046503","16.656,79"
08/06/2007,"11,93","0,044734","16.664,28"
11/06/2007,"11,93","0,044734","16.671,78"
12/06/2007,"11,93","0,044734","16.679,29"
13/06/2007,"11,93","0,044734","16.686,79"
14/06/2007,"11,93","0,044734","16.694,30"
15/06/2007,"11,93","0,044734","16.701,82"
18/06/2007,"11,93","0,044734","16.709,33"
19/06/2007,"11,93","0,044734","16.716,85"
20/06/2007,"11,93","0,044734","16.724,37"
21/06/2007,"11,93","0,044734","16.731,90"
22/06/2007,"11,93","0,044734","16.739,43"
25/06/2007,"11,93","0,044734","16.746,96"
26/06/2007,"11,93","0,044734","16.754,50"
27/06/2007,"11,93","0,044734","16.762,04"
28/06/2007,"11,93","0,044734","16.769,58"
29/06/2007,"11,93","0,044734","16.777,13"
02/07/2007,"11,93","0,044734","16.784,68"
03/07/2007,"11,93","0,044734","16.792,23"
04/07/2007,"11,93","0,044734","16.799,79"
05/07/2007,"11,93","0,044734","16.807,35"
06/07/2007,"11,93","0,044734","16.814,91"
09/07/2007,"11,93","0,044734","16.822,48"
10/07/2007,"11,93","0,044734","16.830,05"
11/07/2007,"11,93","0,044734","16.837,62"
12/07/2007,"11,93","0,044734","16.845,20"
13/07/2007,"11,93","0,044734","16.852,78"
16/07/2007,"11,93","0,044734","16.860,36"
17/07/2007,"11,93","0,044734","16.867,95"
18/07/2007,"11,93","0,044734","16.875,54"
19/07/2007,"11,43","0,042956","16.882,83"
20/07/2007,"11,43","0,042956","16.890,13"
23/07/2007,"11,43","0,042956","16.897,42"
24/07/2007,"11,43","0,042956","16.904,73"
25/07/2007,"11,43","0,042956","16.912,03"
26/07/2007,"11,43","0,042956","16.919,34"
27/07/2007,"11,43","0,042956","16.926,65"
30/07/2007,"11,43","0,042956","16.933,96"
31/07/2007,"11,43","0,042956","16.941,28"
01/08/2007,"11,43","0,042956","16.948,60"
02/08/2007,"11,43","0,042956","16.955,92"
03/08/2007,"11,43","0,042956","16.963,25"
06/08/2007,"11,43","0,042956","16.970,58"
07/08/2007,"11,43","0,042956","16.977,91"
08/08/2007,"11,43","0,042956","16.985,25"
09/08/2007,"11,43","0,042956","16.992,59"
10/08/2007,"11,43","0,042956","16.999,93"
13/08/2007,"11,42","0,042921","17.007,27"
14/08/2007,"11,43","0,042956","17.014,62"
15/08/2007,"11,43","0,042956","17.021,97"
16/08/2007,"11,43","0,042956","17.029,33"
17/08/2007,"11,43","0,042956","17.036,68"
20/08/2007,"11,43","0,042956","17.044,04"
21/08/2007,"11,43","0,042956","17.051,41"
22/08/2007,"11,43","0,042956","17.058,78"
23/08/2007,"11,43","0,042956","17.066,15"
24/08/2007,"11,43","0,042956","17.073,52"
27/08/2007,"11,43","0,042956","17.080,90"
28/08/2007,"11,43","0,042956","17.088,28"
29/08/2007,"11,43","0,042956","17.095,66"
30/08/2007,"11,43","0,042956","17.103,05"
31/08/2007,"11,43","0,042956","17.110,44"
03/09/2007,"11,43","0,042956","17.117,83"
04/09/2007,"11,43","0,042956","17.125,23"
05/09/2007,"11,43","0,042956","17.132,63"
06/09/2007,"11,18","0,042065","17.139,88"
10/09/2007,"11,18","0,042065","17.147,13"
11/09/2007,"11,18","0,042065","17.154,38"
12/09/2007,"11,18","0,042065","17.161,64"
13/09/2007,"11,18","0,042065","17.168,90"
14/09/2007,"11,18","0,042065","17.176,17"
17/09/2007,"11,18","0,042065","17.183,43"
18/09/2007,"11,18","0,042065","17.190,70"
19/09/2007,"11,18","0,042065","17.197,98"
20/09/2007,"11,18","0,042065","17.205,25"
21/09/2007,"11,18","0,042065","17.212,53"
24/09/2007,"11,18","0,042065","17.219,81"
25/09/2007,"11,18","0,042065","17.227,10"
26/09/2007,"11,18","0,042065","17.234,39"
27/09/2007,"11,18","0,042065","17.241,68"
28/09/2007,"11,18","0,042065","17.248,98"
01/10/2007,"11,18","0,042065","17.256,27"
02/10/2007,"11,18","0,042065","17.263,57"
03/10/2007,"11,18","0,042065","17.270,88"
04/10/2007,"11,18","0,042065","17.278,19"
05/10/2007,"11,18","0,042065","17.285,50"
08/10/2007,"11,18","0,042065","17.292,81"
09/10/2007,"11,18","0,042065","17.300,12"
10/10/2007,"11,18","0,042065","17.307,44"
11/10/2007,"11,18","0,042065","17.314,77"
15/10/2007,"11,18","0,042065","17.322,09"
16/10/2007,"11,18","0,042065","17.329,42"
17/10/2007,"11,18","0,042065","17.336,75"
18/10/2007,"11,18","0,042065","17.344,09"
19/10/2007,"11,18","0,042065","17.351,43"
22/10/2007,"11,18","0,042065","17.358,77"
23/10/2007,"11,18","0,042065","17.366,11"
24/10/2007,"11,18","0,042065","17.373,46"
25/10/2007,"11,18","0,042065","17.380,81"
26/10/2007,"11,18","0,042065","17.388,16"
29/10/2007,"11,18","0,042065","17.395,52"
30/10/2007,"11,17","0,042029","17.402,87"
31/10/2007,"11,18","0,042065","17.410,23"
01/11/2007,"11,18","0,042065","17.417,60"
05/11/2007,"11,18","0,042065","17.424,97"
06/11/2007,"11,18","0,042065","17.432,34"
07/11/2007,"11,18","0,042065","17.439,71"
08/11/2007,"11,18","0,042065","17.447,09"
09/11/2007,"11,18","0,042065","17.454,47"
12/11/2007,"11,18","0,042065","17.461,86"
13/11/2007,"11,18","0,042065","17.469,25"
14/11/2007,"11,18","0,042065","17.476,64"
16/11/2007,"11,18","0,042065","17.484,03"
19/11/2007,"11,18","0,042065","17.491,43"
20/11/2007,"11,18","0,042065","17.498,83"
21/11/2007,"11,18","0,042065","17.506,23"
22/11/2007,"11,18","0,042065","17.513,63"
23/11/2007,"11,18","0,042065","17.521,04"
26/11/2007,"11,18","0,042065","17.528,46"
27/11/2007,"11,18","0,042065","17.535,87"
28/11/2007,"11,18","0,042065","17.543,29"
29/11/2007,"11,18","0,042065","17.550,71"
30/11/2007,"11,18","0,042065","17.558,14"
03/12/2007,"11,18","0,042065","17.565,56"
04/12/2007,"11,18","0,042065","17.573,00"
05/12/2007,"11,18","0,042065","17.580,43"
06/12/2007,"11,18","0,042065","17.587,87"
07/12/2007,"11,18","0,042065","17.595,31"
10/12/2007,"11,18","0,042065","17.602,75"
11/12/2007,"11,18","0,042065","17.610,20"
12/12/2007,"11,18","0,042065","17.617,65"
13/12/2007,"11,18","0,042065","17.625,10"
14/12/2007,"11,18","0,042065","17.632,56"
17/12/2007,"11,18","0,042065","17.640,02"
18/12/2007,"11,18","0,042065","17.647,48"
19/12/2007,"11,18","0,042065","17.654,94"
20/12/2007,"11,18","0,042065","17.662,41"
21/12/2007,"11,18","0,042065","17.669,88"
24/12/2007,"11,18","0,042065","17.677,36"
26/12/2007,"11,18","0,042065","17.684,84"
27/12/2007,"11,18","0,042065","17.692,32"
28/12/2007,"11,18","0,042065","17.699,80"
31/12/2007,"11,18","0,042065","17.707,29"
02/01/2007,"11,18","0,042065","17.714,78"
03/01/2008,"11,18","0,042065","17.722,27"
04/01/2008,"11,18","0,042065","17.729,77"
07/01/2008,"11,17","0,042029","17.737,26"
08/01/2008,"11,17","0,042029","17.744,76"
09/01/2008,"11,18","0,042065","17.752,27"
10/01/2008,"11,18","0,042065","17.759,78"
11/01/2008,"11,18","0,042065","17.767,29"
14/01/2008,"11,18","0,042065","17.774,81"
15/01/2008,"11,18","0,042065","17.782,33"
16/01/2008,"11,18","0,042065","17.789,85"
17/01/2008,"11,18","0,042065","17.797,37"
18/01/2008,"11,18","0,042065","17.804,90"
21/01/2008,"11,17","0,042029","17.812,43"
22/01/2008,"11,18","0,042065","17.819,96"
23/01/2008,"11,18","0,042065","17.827,50"
24/01/2008,"11,17","0,042029","17.835,03"
25/01/2008,"11,18","0,042065","17.842,58"
28/01/2008,"11,18","0,042065","17.850,13"
29/01/2008,"11,18","0,042065","17.857,68"
30/01/2008,"11,18","0,042065","17.865,23"
31/01/2008,"11,18","0,042065","17.872,79"
01/02/2008,"11,18","0,042065","17.880,35"
06/02/2008,"11,18","0,042065","17.887,91"
07/02/2008,"11,18","0,042065","17.895,48"
08/02/2008,"11,18","0,042065","17.903,05"
11/02/2008,"11,18","0,042065","17.910,62"
12/02/2008,"11,18","0,042065","17.918,20"
13/02/2008,"11,18","0,042065","17.925,78"
14/02/2008,"11,18","0,042065","17.933,36"
15/02/2008,"11,17","0,042029","17.940,94"
18/02/2008,"11,18","0,042065","17.948,53"
19/02/2008,"11,18","0,042065","17.956,12"
20/02/2008,"11,18","0,042065","17.963,71"
21/02/2008,"11,18","0,042065","17.971,31"
22/02/2008,"11,18","0,042065","17.978,91"
25/02/2008,"11,18","0,042065","17.986,52"
26/02/2008,"11,18","0,042065","17.994,13"
27/02/2008,"11,18","0,042065","18.001,74"
28/02/2008,"11,18","0,042065","18.009,35"
29/02/2008,"11,18","0,042065","18.016,97"
03/03/2008,"11,18","0,042065","18.024,59"
04/03/2008,"11,17","0,042029","18.032,21"
05/03/2008,"11,18","0,042065","18.039,84"
06/03/2008,"11,18","0,042065","18.047,47"
07/03/2008,"11,18","0,042065","18.055,10"
10/03/2008,"11,18","0,042065","18.062,74"
11/03/2008,"11,18","0,042065","18.070,38"
12/03/2008,"11,18","0,042065","18.078,02"
13/03/2008,"11,18","0,042065","18.085,67"
14/03/2008,"11,18","0,042065","18.093,32"
17/03/2008,"11,18","0,042065","18.100,97"
18/03/2008,"11,17","0,042029","18.108,62"
19/03/2008,"11,18","0,042065","18.116,28"
20/03/2008,"11,18","0,042065","18.123,94"
24/03/2008,"11,18","0,042065","18.131,61"
25/03/2008,"11,18","0,042065","18.139,28"
26/03/2008,"11,18","0,042065","18.146,95"
27/03/2008,"11,18","0,042065","18.154,63"
28/03/2008,"11,18","0,042065","18.162,30"
31/03/2008,"11,18","0,042065","18.169,99"
01/04/2008,"11,18","0,042065","18.177,67"
02/04/2008,"11,13","0,041886","18.185,33"
03/04/2008,"11,18","0,042065","18.193,02"
04/04/2008,"11,18","0,042065","18.200,71"
07/04/2008,"11,18","0,042065","18.208,41"
08/04/2008,"11,18","0,042065","18.216,11"
09/04/2008,"11,18","0,042065","18.223,82"
10/04/2008,"11,18","0,042065","18.231,53"
11/04/2008,"11,18","0,042065","18.239,24"
14/04/2008,"11,18","0,042065","18.246,95"
15/04/2008,"11,18","0,042065","18.254,67"
16/04/2008,"11,18","0,042065","18.262,39"
17/04/2008,"11,68","0,043846","18.270,44"
18/04/2008,"11,65","0,043739","18.278,48"
22/04/2008,"11,64","0,043704","18.286,51"
23/04/2008,"11,64","0,043704","18.294,54"
24/04/2008,"11,62","0,043633","18.302,57"
25/04/2008,"11,6","0,043561","18.310,59"
28/04/2008,"11,61","0,043597","18.318,61"
29/04/2008,"11,61","0,043597","18.326,64"
30/04/2008,"11,61","0,043597","18.334,68"
02/05/2008,"11,61","0,043597","18.342,71"
05/05/2008,"11,61","0,043597","18.350,75"
06/05/2008,"11,61","0,043597","18.358,80"
07/05/2008,"11,61","0,043597","18.366,85"
08/05/2008,"11,6","0,043561","18.374,89"
09/05/2008,"11,61","0,043597","18.382,94"
12/05/2008,"11,61","0,043597","18.391,00"
13/05/2008,"11,62","0,043633","18.399,07"
14/05/2008,"11,63","0,043668","18.407,15"
15/05/2008,"11,63","0,043668","18.415,23"
16/05/2008,"11,64","0,043704","18.423,32"
19/05/2008,"11,64","0,043704","18.431,42"
20/05/2008,"11,64","0,043704","18.439,52"
21/05/2008,"11,64","0,043704","18.447,62"
23/05/2008,"11,64","0,043704","18.455,73"
26/05/2008,"11,64","0,043704","18.463,84"
27/05/2008,"11,64","0,043704","18.471,95"
28/05/2008,"11,64","0,043704","18.480,07"
29/05/2008,"11,64","0,043704","18.488,19"
30/05/2008,"11,64","0,043704","18.496,31"
02/06/2008,"11,64","0,043704","18.504,44"
03/06/2008,"11,64","0,043704","18.512,57"
04/06/2008,"11,64","0,043704","18.520,70"
05/06/2008,"12,14","0,045478","18.529,17"
06/06/2008,"12,14","0,045478","18.537,64"
09/06/2008,"12,14","0,045478","18.546,12"
10/06/2008,"12,16","0,045549","18.554,61"
11/06/2008,"12,17","0,045584","18.563,11"
12/06/2008,"12,17","0,045584","18.571,62"
13/06/2008,"12,17","0,045584","18.580,13"
16/06/2008,"12,17","0,045584","18.588,65"
17/06/2008,"12,17","0,045584","18.597,17"
18/06/2008,"12,17","0,045584","18.605,69"
19/06/2008,"12,17","0,045584","18.614,22"
20/06/2008,"12,17","0,045584","18.622,75"
23/06/2008,"12,17","0,045584","18.631,28"
24/06/2008,"12,17","0,045584","18.639,82"
25/06/2008,"12,17","0,045584","18.648,36"
26/06/2008,"12,17","0,045584","18.656,91"
27/06/2008,"12,17","0,045584","18.665,46"
30/06/2008,"12,17","0,045584","18.674,01"
01/07/2008,"12,17","0,045584","18.682,57"
02/07/2008,"12,17","0,045584","18.691,13"
03/07/2008,"12,17","0,045584","18.699,70"
04/07/2008,"12,17","0,045584","18.708,27"
07/07/2008,"12,17","0,045584","18.716,84"
08/07/2008,"12,17","0,045584","18.725,42"
09/07/2008,"12,17","0,045584","18.734,00"
10/07/2008,"12,17","0,045584","18.742,59"
11/07/2008,"12,17","0,045584","18.751,18"
14/07/2008,"12,17","0,045584","18.759,77"
15/07/2008,"12,17","0,045584","18.768,37"
16/07/2008,"12,17","0,045584","18.776,97"
17/07/2008,"12,17","0,045584","18.785,57"
18/07/2008,"12,17","0,045584","18.794,18"
21/07/2008,"12,17","0,045584","18.802,79"
22/07/2008,"12,17","0,045584","18.811,41"
23/07/2008,"12,16","0,045549","18.820,02"
24/07/2008,"12,91","0,048194","18.829,14"
25/07/2008,"12,92","0,04823","18.838,27"
28/07/2008,"12,92","0,04823","18.847,41"
29/07/2008,"12,92","0,04823","18.856,54"
30/07/2008,"12,92","0,04823","18.865,69"
31/07/2008,"12,92","0,04823","18.874,83"
01/08/2008,"12,92","0,04823","18.883,99"
04/08/2008,"12,92","0,04823","18.893,14"
05/08/2008,"12,92","0,04823","18.902,30"
06/08/2008,"12,92","0,04823","18.911,47"
07/08/2008,"12,92","0,04823","18.920,64"
08/08/2008,"12,92","0,04823","18.929,81"
11/08/2008,"12,92","0,04823","18.938,99"
12/08/2008,"12,91","0,048194","18.948,16"
13/08/2008,"12,91","0,048194","18.957,34"
14/08/2008,"12,92","0,04823","18.966,54"
15/08/2008,"12,92","0,04823","18.975,73"
18/08/2008,"12,92","0,04823","18.984,93"
19/08/2008,"12,92","0,04823","18.994,14"
20/08/2008,"12,92","0,04823","19.003,34"
21/08/2008,"12,92","0,04823","19.012,56"
22/08/2008,"12,92","0,04823","19.021,78"
25/08/2008,"12,92","0,04823","19.031,00"
26/08/2008,"12,92","0,04823","19.040,23"
27/08/2008,"12,92","0,04823","19.049,46"
28/08/2008,"12,92","0,04823","19.058,69"
29/08/2008,"12,92","0,04823","19.067,93"
01/09/2008,"12,91","0,048194","19.077,17"
02/09/2008,"12,92","0,04823","19.086,42"
03/09/2008,"12,92","0,04823","19.095,67"
04/09/2008,"12,92","0,04823","19.104,93"
05/09/2008,"12,92","0,04823","19.114,19"
08/09/2008,"12,91","0,048194","19.123,45"
09/09/2008,"12,92","0,04823","19.132,73"
10/09/2008,"12,92","0,04823","19.142,00"
11/09/2008,"13,66","0,050823","19.151,78"
12/09/2008,"13,66","0,050823","19.161,57"
15/09/2008,"13,66","0,050823","19.171,35"
16/09/2008,"13,66","0,050823","19.181,15"
17/09/2008,"13,66","0,050823","19.190,95"
18/09/2008,"13,66","0,050823","19.200,75"
19/09/2008,"13,66","0,050823","19.210,56"
22/09/2008,"13,66","0,050823","19.220,38"
23/09/2008,"13,66","0,050823","19.230,20"
24/09/2008,"13,66","0,050823","19.240,02"
25/09/2008,"13,66","0,050823","19.249,85"
26/09/2008,"13,66","0,050823","19.259,68"
29/09/2008,"13,67","0,050858","19.269,53"
30/09/2008,"13,66","0,050823","19.279,37"
01/10/2008,"13,66","0,050823","19.289,22"
02/10/2008,"13,67","0,050858","19.299,08"
03/10/2008,"13,67","0,050858","19.308,95"
06/10/2008,"13,67","0,050858","19.318,82"
07/10/2008,"13,67","0,050858","19.328,70"
08/10/2008,"13,67","0,050858","19.338,58"
09/10/2008,"13,67","0,050858","19.348,46"
10/10/2008,"13,67","0,050858","19.358,35"
13/10/2008,"13,67","0,050858","19.368,25"
14/10/2008,"13,67","0,050858","19.378,15"
15/10/2008,"13,67","0,050858","19.388,06"
16/10/2008,"13,66","0,050823","19.397,96"
17/10/2008,"13,66","0,050823","19.407,87"
20/10/2008,"13,66","0,050823","19.417,79"
21/10/2008,"13,66","0,050823","19.427,71"
22/10/2008,"13,66","0,050823","19.437,63"
23/10/2008,"13,66","0,050823","19.447,56"
24/10/2008,"13,66","0,050823","19.457,49"
27/10/2008,"13,66","0,050823","19.467,43"
28/10/2008,"13,66","0,050823","19.477,38"
29/10/2008,"13,67","0,050858","19.487,34"
30/10/2008,"13,67","0,050858","19.497,30"
31/10/2008,"13,65","0,050788","19.507,25"
03/11/2008,"13,65","0,050788","19.517,21"
04/11/2008,"13,65","0,050788","19.527,17"
05/11/2008,"13,65","0,050788","19.537,14"
06/11/2008,"13,65","0,050788","19.547,11"
07/11/2008,"13,64","0,050753","19.557,08"
10/11/2008,"13,64","0,050753","19.567,06"
11/11/2008,"13,64","0,050753","19.577,04"
12/11/2008,"13,64","0,050753","19.587,03"
13/11/2008,"13,64","0,050753","19.597,02"
14/11/2008,"13,63","0,050718","19.607,01"
17/11/2008,"13,63","0,050718","19.617,01"
18/11/2008,"13,63","0,050718","19.627,01"
19/11/2008,"13,64","0,050753","19.637,02"
20/11/2008,"13,63","0,050718","19.647,03"
21/11/2008,"13,63","0,050718","19.657,04"
24/11/2008,"13,64","0,050753","19.667,07"
25/11/2008,"13,64","0,050753","19.677,10"
26/11/2008,"13,64","0,050753","19.687,14"
27/11/2008,"13,64","0,050753","19.697,18"
28/11/2008,"13,65","0,050788","19.707,24"
01/12/2008,"13,65","0,050788","19.717,30"
02/12/2008,"13,66","0,050823","19.727,37"
03/12/2008,"13,66","0,050823","19.737,45"
04/12/2008,"13,66","0,050823","19.747,53"
05/12/2008,"13,66","0,050823","19.757,62"
08/12/2008,"13,66","0,050823","19.767,71"
09/12/2008,"13,66","0,050823","19.777,81"
10/12/2008,"13,66","0,050823","19.787,91"
11/12/2008,"13,66","0,050823","19.798,02"
12/12/2008,"13,66","0,050823","19.808,13"
15/12/2008,"13,66","0,050823","19.818,25"
16/12/2008,"13,66","0,050823","19.828,37"
17/12/2008,"13,66","0,050823","19.838,50"
18/12/2008,"13,66","0,050823","19.848,63"
19/12/2008,"13,66","0,050823","19.858,77"
22/12/2008,"13,66","0,050823","19.868,91"
23/12/2008,"13,66","0,050823","19.879,06"
24/12/2008,"13,66","0,050823","19.889,22"
26/12/2008,"13,66","0,050823","19.899,37"
29/12/2008,"13,66","0,050823","19.909,54"
30/12/2008,"13,66","0,050823","19.919,71"
31/12/2008,"13,67","0,050858","19.929,89"
02/01/2008,"13,67","0,050858","19.940,08"
05/01/2009,"13,66","0,050823","19.950,26"
06/01/2009,"13,66","0,050823","19.960,45"
07/01/2009,"13,66","0,050823","19.970,65"
08/01/2009,"13,66","0,050823","19.980,85"
09/01/2009,"13,66","0,050823","19.991,05"
12/01/2009,"13,66","0,050823","20.001,26"
13/01/2009,"13,66","0,050823","20.011,48"
14/01/2009,"13,66","0,050823","20.021,70"
15/01/2009,"13,66","0,050823","20.031,93"
16/01/2009,"13,66","0,050823","20.042,16"
19/01/2009,"13,66","0,050823","20.052,40"
20/01/2009,"13,65","0,050788","20.062,63"
21/01/2009,"13,65","0,050788","20.072,87"
22/01/2009,"12,65","0,047279","20.082,41"
23/01/2009,"12,66","0,047314","20.091,96"
26/01/2009,"12,65","0,047279","20.101,50"
27/01/2009,"12,66","0,047314","20.111,06"
28/01/2009,"12,66","0,047314","20.120,63"
29/01/2009,"12,66","0,047314","20.130,19"
30/01/2009,"12,66","0,047314","20.139,76"
02/02/2009,"12,66","0,047314","20.149,34"
03/02/2009,"12,66","0,047314","20.158,92"
04/02/2009,"12,66","0,047314","20.168,51"
05/02/2009,"12,66","0,047314","20.178,10"
06/02/2009,"12,66","0,047314","20.187,69"
09/02/2009,"12,66","0,047314","20.197,29"
10/02/2009,"12,66","0,047314","20.206,89"
11/02/2009,"12,66","0,047314","20.216,50"
12/02/2009,"12,66","0,047314","20.226,11"
13/02/2009,"12,66","0,047314","20.235,73"
16/02/2009,"12,66","0,047314","20.245,35"
17/02/2009,"12,66","0,047314","20.254,98"
18/02/2009,"12,66","0,047314","20.264,61"
19/02/2009,"12,66","0,047314","20.274,25"
20/02/2009,"12,66","0,047314","20.283,88"
25/02/2009,"12,66","0,047314","20.293,53"
26/02/2009,"12,66","0,047314","20.303,18"
27/02/2009,"12,66","0,047314","20.312,83"
02/03/2009,"12,66","0,047314","20.322,49"
03/03/2009,"12,66","0,047314","20.332,15"
04/03/2009,"12,66","0,047314","20.341,82"
05/03/2009,"12,66","0,047314","20.351,49"
06/03/2009,"12,66","0,047314","20.361,17"
09/03/2009,"12,66","0,047314","20.370,85"
10/03/2009,"12,66","0,047314","20.380,53"
11/03/2009,"12,66","0,047314","20.390,23"
12/03/2009,"11,16","0,041993","20.398,83"
13/03/2009,"11,16","0,041993","20.407,44"
16/03/2009,"11,16","0,041993","20.416,05"
17/03/2009,"11,16","0,041993","20.424,66"
18/03/2009,"11,16","0,041993","20.433,28"
19/03/2009,"11,16","0,041993","20.441,91"
20/03/2009,"11,16","0,041993","20.450,53"
23/03/2009,"11,16","0,041993","20.459,16"
24/03/2009,"11,16","0,041993","20.467,80"
25/03/2009,"11,16","0,041993","20.476,43"
26/03/2009,"11,16","0,041993","20.485,07"
27/03/2009,"11,16","0,041993","20.493,72"
30/03/2009,"11,16","0,041993","20.502,37"
31/03/2009,"11,16","0,041993","20.511,02"
01/04/2009,"11,16","0,041993","20.519,67"
02/04/2009,"11,16","0,041993","20.528,33"
03/04/2009,"11,16","0,041993","20.536,99"
06/04/2009,"11,16","0,041993","20.545,66"
07/04/2009,"11,16","0,041993","20.554,33"
08/04/2009,"11,16","0,041993","20.563,00"
09/04/2009,"11,16","0,041993","20.571,68"
13/04/2009,"11,16","0,041993","20.580,36"
14/04/2009,"11,16","0,041993","20.589,04"
15/04/2009,"11,16","0,041993","20.597,73"
16/04/2009,"11,16","0,041993","20.606,42"
17/04/2009,"11,16","0,041993","20.615,12"
20/04/2009,"11,16","0,041993","20.623,82"
22/04/2009,"11,16","0,041993","20.632,52"
23/04/2009,"11,16","0,041993","20.641,23"
24/04/2009,"11,16","0,041993","20.649,94"
27/04/2009,"11,16","0,041993","20.658,65"
28/04/2009,"11,16","0,041993","20.667,37"
29/04/2009,"11,15","0,041957","20.676,08"
30/04/2009,"10,16","0,038406","20.684,06"
04/05/2009,"10,16","0,038406","20.692,04"
05/05/2009,"10,16","0,038406","20.700,03"
06/05/2009,"10,16","0,038406","20.708,02"
07/05/2009,"10,16","0,038406","20.716,01"
08/05/2009,"10,16","0,038406","20.724,00"
11/05/2009,"10,16","0,038406","20.732,00"
12/05/2009,"10,15","0,03837","20.739,99"
13/05/2009,"10,16","0,038406","20.748,00"
14/05/2009,"10,16","0,038406","20.756,00"
15/05/2009,"10,16","0,038406","20.764,01"
18/05/2009,"10,16","0,038406","20.772,03"
19/05/2009,"10,16","0,038406","20.780,04"
20/05/2009,"10,16","0,038406","20.788,06"
21/05/2009,"10,16","0,038406","20.796,08"
22/05/2009,"10,16","0,038406","20.804,11"
25/05/2009,"10,16","0,038406","20.812,14"
26/05/2009,"10,16","0,038406","20.820,17"
27/05/2009,"10,16","0,038406","20.828,20"
28/05/2009,"10,16","0,038406","20.836,24"
29/05/2009,"10,16","0,038406","20.844,28"
01/06/2009,"10,16","0,038406","20.852,33"
02/06/2009,"10,16","0,038406","20.860,37"
03/06/2009,"10,16","0,038406","20.868,42"
04/06/2009,"10,16","0,038406","20.876,48"
05/06/2009,"10,16","0,038406","20.884,53"
08/06/2009,"10,16","0,038406","20.892,59"
09/06/2009,"10,16","0,038406","20.900,65"
10/06/2009,"10,15","0,03837","20.908,71"
12/06/2009,"9,16","0,034786","20.916,02"
15/06/2009,"9,16","0,034786","20.923,33"
16/06/2009,"9,16","0,034786","20.930,64"
17/06/2009,"9,16","0,034786","20.937,96"
18/06/2009,"9,16","0,034786","20.945,28"
19/06/2009,"9,16","0,034786","20.952,60"
22/06/2009,"9,16","0,034786","20.959,92"
23/06/2009,"9,16","0,034786","20.967,25"
24/06/2009,"9,16","0,034786","20.974,58"
25/06/2009,"9,16","0,034786","20.981,91"
26/06/2009,"9,16","0,034786","20.989,24"
29/06/2009,"9,16","0,034786","20.996,58"
30/06/2009,"9,16","0,034786","21.003,92"
01/07/2009,"9,16","0,034786","21.011,26"
02/07/2009,"9,16","0,034786","21.018,60"
03/07/2009,"9,16","0,034786","21.025,95"
06/07/2009,"9,16","0,034786","21.033,30"
07/07/2009,"9,16","0,034786","21.040,65"
08/07/2009,"9,16","0,034786","21.048,00"
09/07/2009,"9,16","0,034786","21.055,36"
10/07/2009,"9,16","0,034786","21.062,72"
13/07/2009,"9,16","0,034786","21.070,08"
14/07/2009,"9,16","0,034786","21.077,44"
15/07/2009,"9,16","0,034786","21.084,81"
16/07/2009,"9,16","0,034786","21.092,18"
17/07/2009,"9,16","0,034786","21.099,55"
20/07/2009,"9,16","0,034786","21.106,93"
21/07/2009,"9,16","0,034786","21.114,30"
22/07/2009,"9,15","0,034749","21.121,67"
23/07/2009,"8,66","0,032963","21.128,67"
24/07/2009,"8,66","0,032963","21.135,67"
27/07/2009,"8,66","0,032963","21.142,67"
28/07/2009,"8,65","0,032927","21.149,66"
29/07/2009,"8,66","0,032963","21.156,67"
30/07/2009,"8,65","0,032927","21.163,67"
31/07/2009,"8,65","0,032927","21.170,67"
03/08/2009,"8,65","0,032927","21.177,67"
04/08/2009,"8,65","0,032927","21.184,68"
05/08/2009,"8,65","0,032927","21.191,69"
06/08/2009,"8,65","0,032927","21.198,70"
07/08/2009,"8,65","0,032927","21.205,71"
10/08/2009,"8,65","0,032927","21.212,72"
11/08/2009,"8,65","0,032927","21.219,74"
12/08/2009,"8,65","0,032927","21.226,76"
13/08/2009,"8,65","0,032927","21.233,78"
14/08/2009,"8,65","0,032927","21.240,81"
17/08/2009,"8,65","0,032927","21.247,84"
18/08/2009,"8,65","0,032927","21.254,87"
19/08/2009,"8,65","0,032927","21.261,90"
20/08/2009,"8,65","0,032927","21.268,93"
21/08/2009,"8,65","0,032927","21.275,97"
24/08/2009,"8,65","0,032927","21.283,01"
25/08/2009,"8,65","0,032927","21.290,05"
26/08/2009,"8,65","0,032927","21.297,09"
27/08/2009,"8,65","0,032927","21.304,13"
28/08/2009,"8,65","0,032927","21.311,18"
31/08/2009,"8,65","0,032927","21.318,23"
01/09/2009,"8,65","0,032927","21.325,28"
02/09/2009,"8,65","0,032927","21.332,34"
03/09/2009,"8,65","0,032927","21.339,40"
04/09/2009,"8,65","0,032927","21.346,46"
08/09/2009,"8,65","0,032927","21.353,52"
09/09/2009,"8,65","0,032927","21.360,58"
10/09/2009,"8,65","0,032927","21.367,65"
11/09/2009,"8,65","0,032927","21.374,72"
14/09/2009,"8,65","0,032927","21.381,79"
15/09/2009,"8,65","0,032927","21.388,86"
16/09/2009,"8,65","0,032927","21.395,94"
17/09/2009,"8,65","0,032927","21.403,01"
18/09/2009,"8,65","0,032927","21.410,09"
21/09/2009,"8,65","0,032927","21.417,18"
22/09/2009,"8,65","0,032927","21.424,26"
23/09/2009,"8,65","0,032927","21.431,35"
24/09/2009,"8,65","0,032927","21.438,44"
25/09/2009,"8,65","0,032927","21.445,53"
28/09/2009,"8,65","0,032927","21.452,63"
29/09/2009,"8,65","0,032927","21.459,72"
30/09/2009,"8,65","0,032927","21.466,82"
01/10/2009,"8,65","0,032927","21.473,92"
02/10/2009,"8,65","0,032927","21.481,03"
05/10/2009,"8,65","0,032927","21.488,13"
06/10/2009,"8,65","0,032927","21.495,24"
07/10/2009,"8,65","0,032927","21.502,35"
08/10/2009,"8,65","0,032927","21.509,46"
09/10/2009,"8,65","0,032927","21.516,58"
13/10/2009,"8,65","0,032927","21.523,70"
14/10/2009,"8,65","0,032927","21.530,82"
15/10/2009,"8,65","0,032927","21.537,94"
16/10/2009,"8,65","0,032927","21.545,06"
19/10/2009,"8,65","0,032927","21.552,19"
20/10/2009,"8,65","0,032927","21.559,32"
21/10/2009,"8,65","0,032927","21.566,45"
22/10/2009,"8,65","0,032927","21.573,59"
23/10/2009,"8,65","0,032927","21.580,72"
26/10/2009,"8,65","0,032927","21.587,86"
27/10/2009,"8,65","0,032927","21.595,00"
28/10/2009,"8,65","0,032927","21.602,15"
29/10/2009,"8,65","0,032927","21.609,29"
30/10/2009,"8,65","0,032927","21.616,44"
03/11/2009,"8,65","0,032927","21.623,59"
04/11/2009,"8,65","0,032927","21.630,74"
05/11/2009,"8,65","0,032927","21.637,90"
06/11/2009,"8,65","0,032927","21.645,06"
09/11/2009,"8,65","0,032927","21.652,22"
10/11/2009,"8,65","0,032927","21.659,38"
11/11/2009,"8,65","0,032927","21.666,54"
12/11/2009,"8,65","0,032927","21.673,71"
13/11/2009,"8,65","0,032927","21.680,88"
16/11/2009,"8,65","0,032927","21.688,05"
17/11/2009,"8,65","0,032927","21.695,23"
18/11/2009,"8,65","0,032927","21.702,40"
19/11/2009,"8,65","0,032927","21.709,58"
20/11/2009,"8,65","0,032927","21.716,76"
23/11/2009,"8,65","0,032927","21.723,95"
24/11/2009,"8,65","0,032927","21.731,13"
25/11/2009,"8,65","0,032927","21.738,32"
26/11/2009,"8,65","0,032927","21.745,51"
27/11/2009,"8,65","0,032927","21.752,70"
30/11/2009,"8,65","0,032927","21.759,90"
01/12/2009,"8,65","0,032927","21.767,10"
02/12/2009,"8,65","0,032927","21.774,30"
03/12/2009,"8,65","0,032927","21.781,50"
04/12/2009,"8,65","0,032927","21.788,71"
07/12/2009,"8,65","0,032927","21.795,91"
08/12/2009,"8,65","0,032927","21.803,12"
09/12/2009,"8,65","0,032927","21.810,33"
10/12/2009,"8,65","0,032927","21.817,55"
11/12/2009,"8,65","0,032927","21.824,77"
14/12/2009,"8,65","0,032927","21.831,99"
15/12/2009,"8,65","0,032927","21.839,21"
16/12/2009,"8,65","0,032927","21.846,43"
17/12/2009,"8,65","0,032927","21.853,66"
18/12/2009,"8,65","0,032927","21.860,89"
21/12/2009,"8,65","0,032927","21.868,12"
22/12/2009,"8,65","0,032927","21.875,35"
23/12/2009,"8,65","0,032927","21.882,59"
24/12/2009,"8,65","0,032927","21.889,82"
28/12/2009,"8,65","0,032927","21.897,06"
29/12/2009,"8,64","0,03289","21.904,30"
30/12/2009,"8,65","0,032927","21.911,54"
31/12/2009,"8,65","0,032927","21.918,79"
02/01/2009,"8,65","0,032927","21.926,04"
05/01/2010,"8,65","0,032927","21.933,30"
06/01/2010,"8,65","0,032927","21.940,55"
07/01/2010,"8,65","0,032927","21.947,81"
08/01/2010,"8,65","0,032927","21.955,07"
11/01/2010,"8,65","0,032927","21.962,33"
12/01/2010,"8,65","0,032927","21.969,59"
13/01/2010,"8,65","0,032927","21.976,86"
14/01/2010,"8,65","0,032927","21.984,13"
15/01/2010,"8,65","0,032927","21.991,40"
18/01/2010,"8,65","0,032927","21.998,68"
19/01/2010,"8,65","0,032927","22.005,95"
20/01/2010,"8,65","0,032927","22.013,23"
21/01/2010,"8,65","0,032927","22.020,51"
22/01/2010,"8,65","0,032927","22.027,80"
25/01/2010,"8,65","0,032927","22.035,08"
26/01/2010,"8,64","0,03289","22.042,36"
27/01/2010,"8,65","0,032927","22.049,65"
28/01/2010,"8,65","0,032927","22.056,95"
29/01/2010,"8,65","0,032927","22.064,24"
01/02/2010,"8,65","0,032927","22.071,54"
02/02/2010,"8,65","0,032927","22.078,84"
03/02/2010,"8,65","0,032927","22.086,14"
04/02/2010,"8,65","0,032927","22.093,45"
05/02/2010,"8,65","0,032927","22.100,76"
08/02/2010,"8,65","0,032927","22.108,07"
09/02/2010,"8,65","0,032927","22.115,38"
10/02/2010,"8,65","0,032927","22.122,69"
11/02/2010,"8,65","0,032927","22.130,01"
12/02/2010,"8,65","0,032927","22.137,33"
17/02/2010,"8,65","0,032927","22.144,65"
18/02/2010,"8,65","0,032927","22.151,98"
19/02/2010,"8,65","0,032927","22.159,30"
22/02/2010,"8,65","0,032927","22.166,63"
23/02/2010,"8,65","0,032927","22.173,96"
24/02/2010,"8,65","0,032927","22.181,30"
25/02/2010,"8,65","0,032927","22.188,64"
26/02/2010,"8,65","0,032927","22.195,97"
01/03/2010,"8,65","0,032927","22.203,32"
02/03/2010,"8,65","0,032927","22.210,66"
03/03/2010,"8,65","0,032927","22.218,01"
04/03/2010,"8,65","0,032927","22.225,35"
05/03/2010,"8,65","0,032927","22.232,71"
08/03/2010,"8,65","0,032927","22.240,06"
09/03/2010,"8,65","0,032927","22.247,41"
10/03/2010,"8,65","0,032927","22.254,77"
11/03/2010,"8,65","0,032927","22.262,13"
12/03/2010,"8,65","0,032927","22.269,50"
15/03/2010,"8,65","0,032927","22.276,86"
16/03/2010,"8,65","0,032927","22.284,23"
17/03/2010,"8,65","0,032927","22.291,60"
18/03/2010,"8,65","0,032927","22.298,97"
19/03/2010,"8,65","0,032927","22.306,35"
22/03/2010,"8,65","0,032927","22.313,73"
23/03/2010,"8,65","0,032927","22.321,11"
24/03/2010,"8,65","0,032927","22.328,49"
25/03/2010,"8,65","0,032927","22.335,87"
26/03/2010,"8,65","0,032927","22.343,26"
29/03/2010,"8,65","0,032927","22.350,65"
30/03/2010,"8,65","0,032927","22.358,04"
31/03/2010,"8,65","0,032927","22.365,44"
01/04/2010,"8,65","0,032927","22.372,84"
05/04/2010,"8,65","0,032927","22.380,24"
06/04/2010,"8,65","0,032927","22.387,64"
07/04/2010,"8,65","0,032927","22.395,04"
08/04/2010,"8,65","0,032927","22.402,45"
09/04/2010,"8,65","0,032927","22.409,86"
12/04/2010,"8,65","0,032927","22.417,27"
13/04/2010,"8,65","0,032927","22.424,69"
14/04/2010,"8,65","0,032927","22.432,10"
15/04/2010,"8,65","0,032927","22.439,52"
16/04/2010,"8,65","0,032927","22.446,94"
19/04/2010,"8,65","0,032927","22.454,37"
20/04/2010,"8,65","0,032927","22.461,79"
22/04/2010,"8,65","0,032927","22.469,22"
23/04/2010,"8,64","0,03289","22.476,64"
26/04/2010,"8,64","0,03289","22.484,07"
27/04/2010,"8,64","0,03289","22.491,50"
28/04/2010,"8,64","0,03289","22.498,93"
29/04/2010,"9,39","0,035621","22.506,98"
30/04/2010,"9,4","0,035657","22.515,04"
03/05/2010,"9,4","0,035657","22.523,10"
04/05/2010,"9,4","0,035657","22.531,17"
05/05/2010,"9,4","0,035657","22.539,24"
06/05/2010,"9,4","0,035657","22.547,31"
07/05/2010,"9,4","0,035657","22.555,39"
10/05/2010,"9,4","0,035657","22.563,47"
11/05/2010,"9,4","0,035657","22.571,55"
12/05/2010,"9,4","0,035657","22.579,63"
13/05/2010,"9,4","0,035657","22.587,72"
14/05/2010,"9,4","0,035657","22.595,81"
17/05/2010,"9,4","0,035657","22.603,90"
18/05/2010,"9,4","0,035657","22.612,00"
19/05/2010,"9,4","0,035657","22.620,09"
20/05/2010,"9,4","0,035657","22.628,20"
21/05/2010,"9,4","0,035657","22.636,30"
24/05/2010,"9,39","0,035621","22.644,40"
25/05/2010,"9,4","0,035657","22.652,51"
26/05/2010,"9,4","0,035657","22.660,62"
27/05/2010,"9,4","0,035657","22.668,74"
28/05/2010,"9,39","0,035621","22.676,85"
31/05/2010,"9,39","0,035621","22.684,96"
01/06/2010,"9,4","0,035657","22.693,09"
02/06/2010,"9,4","0,035657","22.701,21"
04/06/2010,"9,4","0,035657","22.709,34"
07/06/2010,"9,4","0,035657","22.717,48"
08/06/2010,"9,4","0,035657","22.725,61"
09/06/2010,"9,4","0,035657","22.733,75"
10/06/2010,"10,15","0,03837","22.742,51"
11/06/2010,"10,15","0,03837","22.751,28"
14/06/2010,"10,15","0,03837","22.760,05"
15/06/2010,"10,15","0,03837","22.768,82"
16/06/2010,"10,15","0,03837","22.777,59"
17/06/2010,"10,15","0,03837","22.786,37"
18/06/2010,"10,15","0,03837","22.795,15"
21/06/2010,"10,15","0,03837","22.803,94"
22/06/2010,"10,15","0,03837","22.812,72"
23/06/2010,"10,15","0,03837","22.821,52"
24/06/2010,"10,15","0,03837","22.830,31"
25/06/2010,"10,15","0,03837","22.839,11"
28/06/2010,"10,16","0,038406","22.847,92"
29/06/2010,"10,16","0,038406","22.856,73"
30/06/2010,"10,16","0,038406","22.865,55"
01/07/2010,"10,16","0,038406","22.874,37"
02/07/2010,"10,16","0,038406","22.883,19"
05/07/2010,"10,16","0,038406","22.892,02"
06/07/2010,"10,16","0,038406","22.900,85"
07/07/2010,"10,16","0,038406","22.909,68"
08/07/2010,"10,16","0,038406","22.918,52"
09/07/2010,"10,16","0,038406","22.927,36"
12/07/2010,"10,16","0,038406","22.936,21"
13/07/2010,"10,16","0,038406","22.945,05"
14/07/2010,"10,16","0,038406","22.953,90"
15/07/2010,"10,16","0,038406","22.962,76"
16/07/2010,"10,16","0,038406","22.971,61"
19/07/2010,"10,16","0,038406","22.980,48"
20/07/2010,"10,16","0,038406","22.989,34"
21/07/2010,"10,16","0,038406","22.998,21"
22/07/2010,"10,66","0,040203","23.007,49"
23/07/2010,"10,66","0,040203","23.016,78"
26/07/2010,"10,66","0,040203","23.026,08"
27/07/2010,"10,66","0,040203","23.035,37"
28/07/2010,"10,66","0,040203","23.044,68"
29/07/2010,"10,66","0,040203","23.053,98"
30/07/2010,"10,66","0,040203","23.063,29"
02/08/2010,"10,66","0,040203","23.072,60"
03/08/2010,"10,66","0,040203","23.081,92"
04/08/2010,"10,66","0,040203","23.091,24"
05/08/2010,"10,66","0,040203","23.100,56"
06/08/2010,"10,66","0,040203","23.109,89"
09/08/2010,"10,66","0,040203","23.119,22"
10/08/2010,"10,66","0,040203","23.128,55"
11/08/2010,"10,66","0,040203","23.137,89"
12/08/2010,"10,66","0,040203","23.147,24"
13/08/2010,"10,66","0,040203","23.156,58"
16/08/2010,"10,66","0,040203","23.165,93"
17/08/2010,"10,66","0,040203","23.175,28"
18/08/2010,"10,66","0,040203","23.184,64"
19/08/2010,"10,66","0,040203","23.194,00"
20/08/2010,"10,66","0,040203","23.203,37"
23/08/2010,"10,66","0,040203","23.212,74"
24/08/2010,"10,66","0,040203","23.222,11"
25/08/2010,"10,66","0,040203","23.231,49"
26/08/2010,"10,66","0,040203","23.240,87"
27/08/2010,"10,66","0,040203","23.250,25"
30/08/2010,"10,66","0,040203","23.259,64"
31/08/2010,"10,66","0,040203","23.269,03"
01/09/2010,"10,66","0,040203","23.278,42"
02/09/2010,"10,66","0,040203","23.287,82"
03/09/2010,"10,66","0,040203","23.297,22"
06/09/2010,"10,66","0,040203","23.306,63"
08/09/2010,"10,66","0,040203","23.316,04"
09/09/2010,"10,66","0,040203","23.325,45"
10/09/2010,"10,66","0,040203","23.334,87"
13/09/2010,"10,66","0,040203","23.344,29"
14/09/2010,"10,66","0,040203","23.353,72"
15/09/2010,"10,66","0,040203","23.363,15"
16/09/2010,"10,66","0,040203","23.372,58"
17/09/2010,"10,66","0,040203","23.382,02"
20/09/2010,"10,66","0,040203","23.391,46"
21/09/2010,"10,66","0,040203","23.400,90"
22/09/2010,"10,66","0,040203","23.410,35"
23/09/2010,"10,66","0,040203","23.419,80"
24/09/2010,"10,66","0,040203","23.429,26"
27/09/2010,"10,66","0,040203","23.438,72"
28/09/2010,"10,66","0,040203","23.448,18"
29/09/2010,"10,66","0,040203","23.457,65"
30/09/2010,"10,66","0,040203","23.467,12"
01/10/2010,"10,66","0,040203","23.476,59"
04/10/2010,"10,66","0,040203","23.486,07"
05/10/2010,"10,66","0,040203","23.495,55"
06/10/2010,"10,66","0,040203","23.505,04"
07/10/2010,"10,66","0,040203","23.514,53"
08/10/2010,"10,66","0,040203","23.524,02"
11/10/2010,"10,66","0,040203","23.533,52"
13/10/2010,"10,66","0,040203","23.543,02"
14/10/2010,"10,66","0,040203","23.552,53"
15/10/2010,"10,66","0,040203","23.562,04"
18/10/2010,"10,66","0,040203","23.571,55"
19/10/2010,"10,66","0,040203","23.581,07"
20/10/2010,"10,66","0,040203","23.590,59"
21/10/2010,"10,66","0,040203","23.600,11"
22/10/2010,"10,66","0,040203","23.609,64"
25/10/2010,"10,66","0,040203","23.619,17"
26/10/2010,"10,66","0,040203","23.628,71"
27/10/2010,"10,66","0,040203","23.638,25"
28/10/2010,"10,66","0,040203","23.647,79"
29/10/2010,"10,66","0,040203","23.657,34"
01/11/2010,"10,66","0,040203","23.666,89"
03/11/2010,"10,66","0,040203","23.676,44"
04/11/2010,"10,66","0,040203","23.686,00"
05/11/2010,"10,66","0,040203","23.695,57"
08/11/2010,"10,66","0,040203","23.705,13"
09/11/2010,"10,66","0,040203","23.714,70"
10/11/2010,"10,66","0,040203","23.724,28"
11/11/2010,"10,66","0,040203","23.733,86"
12/11/2010,"10,66","0,040203","23.743,44"
16/11/2010,"10,66","0,040203","23.753,02"
17/11/2010,"10,66","0,040203","23.762,61"
18/11/2010,"10,66","0,040203","23.772,21"
19/11/2010,"10,66","0,040203","23.781,80"
22/11/2010,"10,66","0,040203","23.791,40"
23/11/2010,"10,66","0,040203","23.801,01"
24/11/2010,"10,66","0,040203","23.810,62"
25/11/2010,"10,66","0,040203","23.820,23"
26/11/2010,"10,66","0,040203","23.829,85"
29/11/2010,"10,66","0,040203","23.839,47"
30/11/2010,"10,66","0,040203","23.849,09"
01/12/2010,"10,66","0,040203","23.858,72"
02/12/2010,"10,66","0,040203","23.868,35"
03/12/2010,"10,66","0,040203","23.877,99"
06/12/2010,"10,66","0,040203","23.887,63"
07/12/2010,"10,66","0,040203","23.897,27"
08/12/2010,"10,66","0,040203","23.906,92"
09/12/2010,"10,66","0,040203","23.916,57"
10/12/2010,"10,66","0,040203","23.926,23"
13/12/2010,"10,66","0,040203","23.935,89"
14/12/2010,"10,66","0,040203","23.945,55"
15/12/2010,"10,66","0,040203","23.955,22"
16/12/2010,"10,67","0,040239","23.964,90"
17/12/2010,"10,66","0,040203","23.974,57"
20/12/2010,"10,66","0,040203","23.984,25"
21/12/2010,"10,66","0,040203","23.993,93"
22/12/2010,"10,66","0,040203","24.003,62"
23/12/2010,"10,66","0,040203","24.013,31"
24/12/2010,"10,66","0,040203","24.023,00"
27/12/2010,"10,66","0,040203","24.032,70"
28/12/2010,"10,66","0,040203","24.042,40"
29/12/2010,"10,66","0,040203","24.052,11"
30/12/2010,"10,67","0,040239","24.061,83"
31/12/2010,"10,67","0,040239","24.071,55"
04/01/2010,"10,67","0,040239","24.081,28"
04/01/2011,"10,66","0,040203","24.091,00"
05/01/2011,"10,67","0,040239","24.100,73"
06/01/2011,"10,66","0,040203","24.110,46"
07/01/2011,"10,67","0,040239","24.120,20"
10/01/2011,"10,66","0,040203","24.129,94"
11/01/2011,"10,66","0,040203","24.139,68"
12/01/2011,"10,66","0,040203","24.149,43"
13/01/2011,"10,66","0,040203","24.159,18"
14/01/2011,"10,66","0,040203","24.168,93"
17/01/2011,"10,66","0,040203","24.178,69"
18/01/2011,"10,66","0,040203","24.188,45"
19/01/2011,"10,66","0,040203","24.198,21"
20/01/2011,"11,16","0,041993","24.208,42"
21/01/2011,"11,16","0,041993","24.218,62"
24/01/2011,"11,16","0,041993","24.228,84"
25/01/2011,"11,16","0,041993","24.239,05"
26/01/2011,"11,16","0,041993","24.249,27"
27/01/2011,"11,17","0,042029","24.259,51"
28/01/2011,"11,17","0,042029","24.269,74"
31/01/2011,"11,17","0,042029","24.279,99"
01/02/2011,"11,16","0,041993","24.290,22"
02/02/2011,"11,17","0,042029","24.300,48"
03/02/2011,"11,17","0,042029","24.310,73"
04/02/2011,"11,17","0,042029","24.320,99"
07/02/2011,"11,17","0,042029","24.331,25"
08/02/2011,"11,17","0,042029","24.341,52"
09/02/2011,"11,17","0,042029","24.351,80"
10/02/2011,"11,17","0,042029","24.362,07"
11/02/2011,"11,17","0,042029","24.372,35"
14/02/2011,"11,17","0,042029","24.382,64"
15/02/2011,"11,17","0,042029","24.392,93"
16/02/2011,"11,17","0,042029","24.403,22"
17/02/2011,"11,17","0,042029","24.413,52"
18/02/2011,"11,17","0,042029","24.423,82"
21/02/2011,"11,17","0,042029","24.434,13"
22/02/2011,"11,17","0,042029","24.444,44"
23/02/2011,"11,17","0,042029","24.454,76"
24/02/2011,"11,17","0,042029","24.465,08"
25/02/2011,"11,17","0,042029","24.475,40"
28/02/2011,"11,17","0,042029","24.485,73"
01/03/2011,"11,17","0,042029","24.496,06"
02/03/2011,"11,17","0,042029","24.506,40"
03/03/2011,"11,67","0,04381","24.517,18"
04/03/2011,"11,67","0,04381","24.527,97"
09/03/2011,"11,67","0,04381","24.538,76"
10/03/2011,"11,67","0,04381","24.549,55"
11/03/2011,"11,67","0,04381","24.560,35"
14/03/2011,"11,67","0,04381","24.571,15"
15/03/2011,"11,67","0,04381","24.581,96"
16/03/2011,"11,67","0,04381","24.592,78"
17/03/2011,"11,67","0,04381","24.603,59"
18/03/2011,"11,67","0,04381","24.614,42"
21/03/2011,"11,67","0,04381","24.625,24"
22/03/2011,"11,67","0,04381","24.636,08"
23/03/2011,"11,67","0,04381","24.646,91"
24/03/2011,"11,67","0,04381","24.657,75"
25/03/2011,"11,67","0,04381","24.668,60"
28/03/2011,"11,67","0,04381","24.679,45"
29/03/2011,"11,67","0,04381","24.690,31"
30/03/2011,"11,67","0,04381","24.701,17"
31/03/2011,"11,67","0,04381","24.712,03"
01/04/2011,"11,67","0,04381","24.722,90"
04/04/2011,"11,67","0,04381","24.733,78"
05/04/2011,"11,67","0,04381","24.744,66"
06/04/2011,"11,67","0,04381","24.755,54"
07/04/2011,"11,67","0,04381","24.766,43"
08/04/2011,"11,67","0,04381","24.777,33"
11/04/2011,"11,67","0,04381","24.788,22"
12/04/2011,"11,67","0,04381","24.799,13"
13/04/2011,"11,67","0,04381","24.810,04"
14/04/2011,"11,67","0,04381","24.820,95"
15/04/2011,"11,67","0,04381","24.831,87"
18/04/2011,"11,67","0,04381","24.842,79"
19/04/2011,"11,67","0,04381","24.853,72"
20/04/2011,"11,67","0,04381","24.864,65"
25/04/2011,"11,92","0,044698","24.875,81"
26/04/2011,"11,92","0,044698","24.886,97"
27/04/2011,"11,92","0,044698","24.898,14"
28/04/2011,"11,92","0,044698","24.909,31"
29/04/2011,"11,92","0,044698","24.920,49"
02/05/2011,"11,92","0,044698","24.931,68"
03/05/2011,"11,92","0,044698","24.942,87"
04/05/2011,"11,92","0,044698","24.954,06"
05/05/2011,"11,92","0,044698","24.965,26"
06/05/2011,"11,92","0,044698","24.976,46"
09/05/2011,"11,92","0,044698","24.987,67"
10/05/2011,"11,92","0,044698","24.998,88"
11/05/2011,"11,92","0,044698","25.010,10"
12/05/2011,"11,92","0,044698","25.021,33"
13/05/2011,"11,92","0,044698","25.032,55"
16/05/2011,"11,92","0,044698","25.043,79"
17/05/2011,"11,92","0,044698","25.055,03"
18/05/2011,"11,92","0,044698","25.066,27"
19/05/2011,"11,92","0,044698","25.077,52"
20/05/2011,"11,92","0,044698","25.088,77"
23/05/2011,"11,92","0,044698","25.100,03"
24/05/2011,"11,92","0,044698","25.111,30"
25/05/2011,"11,92","0,044698","25.122,57"
26/05/2011,"11,92","0,044698","25.133,84"
27/05/2011,"11,92","0,044698","25.145,12"
30/05/2011,"11,92","0,044698","25.156,40"
31/05/2011,"11,92","0,044698","25.167,69"
01/06/2011,"11,92","0,044698","25.178,99"
02/06/2011,"11,92","0,044698","25.190,28"
03/06/2011,"11,92","0,044698","25.201,59"
06/06/2011,"11,92","0,044698","25.212,90"
07/06/2011,"11,92","0,044698","25.224,21"
08/06/2011,"11,92","0,044698","25.235,53"
09/06/2011,"12,17","0,045584","25.247,08"
10/06/2011,"12,17","0,045584","25.258,64"
13/06/2011,"12,17","0,045584","25.270,19"
14/06/2011,"12,17","0,045584","25.281,76"
15/06/2011,"12,17","0,045584","25.293,33"
16/06/2011,"12,17","0,045584","25.304,91"
17/06/2011,"12,17","0,045584","25.316,49"
20/06/2011,"12,17","0,045584","25.328,07"
21/06/2011,"12,17","0,045584","25.339,66"
22/06/2011,"12,17","0,045584","25.351,26"
24/06/2011,"12,17","0,045584","25.362,86"
27/06/2011,"12,17","0,045584","25.374,47"
28/06/2011,"12,17","0,045584","25.386,08"
29/06/2011,"12,17","0,045584","25.397,70"
30/06/2011,"12,17","0,045584","25.409,32"
01/07/2011,"12,17","0,045584","25.420,95"
04/07/2011,"12,17","0,045584","25.432,58"
05/07/2011,"12,17","0,045584","25.444,22"
06/07/2011,"12,17","0,045584","25.455,86"
07/07/2011,"12,17","0,045584","25.467,51"
08/07/2011,"12,17","0,045584","25.479,17"
11/07/2011,"12,17","0,045584","25.490,83"
12/07/2011,"12,17","0,045584","25.502,49"
13/07/2011,"12,17","0,045584","25.514,16"
14/07/2011,"12,17","0,045584","25.525,84"
15/07/2011,"12,17","0,045584","25.537,52"
18/07/2011,"12,17","0,045584","25.549,21"
19/07/2011,"12,17","0,045584","25.560,90"
20/07/2011,"12,17","0,045584","25.572,60"
21/07/2011,"12,42","0,046468","25.584,53"
22/07/2011,"12,42","0,046468","25.596,46"
25/07/2011,"12,42","0,046468","25.608,40"
26/07/2011,"12,42","0,046468","25.620,35"
27/07/2011,"12,42","0,046468","25.632,30"
28/07/2011,"12,42","0,046468","25.644,26"
29/07/2011,"12,42","0,046468","25.656,22"
01/08/2011,"12,42","0,046468","25.668,19"
02/08/2011,"12,42","0,046468","25.680,16"
03/08/2011,"12,42","0,046468","25.692,14"
04/08/2011,"12,42","0,046468","25.704,13"
05/08/2011,"12,42","0,046468","25.716,12"
08/08/2011,"12,42","0,046468","25.728,12"
09/08/2011,"12,42","0,046468","25.740,12"
10/08/2011,"12,42","0,046468","25.752,12"
11/08/2011,"12,42","0,046468","25.764,14"
12/08/2011,"12,42","0,046468","25.776,16"
15/08/2011,"12,42","0,046468","25.788,18"
16/08/2011,"12,42","0,046468","25.800,21"
17/08/2011,"12,42","0,046468","25.812,25"
18/08/2011,"12,42","0,046468","25.824,29"
19/08/2011,"12,42","0,046468","25.836,33"
22/08/2011,"12,42","0,046468","25.848,38"
23/08/2011,"12,42","0,046468","25.860,44"
24/08/2011,"12,42","0,046468","25.872,51"
25/08/2011,"12,41","0,046432","25.884,57"
26/08/2011,"12,41","0,046432","25.896,63"
29/08/2011,"12,41","0,046432","25.908,70"
30/08/2011,"12,41","0,046432","25.920,78"
31/08/2011,"12,41","0,046432","25.932,86"
01/09/2011,"11,91","0,044663","25.944,49"
02/09/2011,"11,91","0,044663","25.956,12"
05/09/2011,"11,91","0,044663","25.967,76"
06/09/2011,"11,91","0,044663","25.979,40"
08/09/2011,"11,91","0,044663","25.991,05"
09/09/2011,"11,91","0,044663","26.002,70"
12/09/2011,"11,91","0,044663","26.014,36"
13/09/2011,"11,91","0,044663","26.026,02"
14/09/2011,"11,91","0,044663","26.037,69"
15/09/2011,"11,91","0,044663","26.049,36"
16/09/2011,"11,91","0,044663","26.061,04"
19/09/2011,"11,9","0,044627","26.072,72"
20/09/2011,"11,9","0,044627","26.084,40"
21/09/2011,"11,9","0,044627","26.096,08"
22/09/2011,"11,9","0,044627","26.107,77"
23/09/2011,"11,9","0,044627","26.119,47"
26/09/2011,"11,9","0,044627","26.131,17"
27/09/2011,"11,9","0,044627","26.142,88"
28/09/2011,"11,9","0,044627","26.154,59"
29/09/2011,"11,9","0,044627","26.166,30"
30/09/2011,"11,9","0,044627","26.178,03"
03/10/2011,"11,9","0,044627","26.189,75"
04/10/2011,"11,9","0,044627","26.201,49"
05/10/2011,"11,9","0,044627","26.213,22"
06/10/2011,"11,9","0,044627","26.224,97"
07/10/2011,"11,9","0,044627","26.236,71"
10/10/2011,"11,9","0,044627","26.248,47"
11/10/2011,"11,9","0,044627","26.260,23"
13/10/2011,"11,9","0,044627","26.271,99"
14/10/2011,"11,9","0,044627","26.283,76"
17/10/2011,"11,9","0,044627","26.295,53"
18/10/2011,"11,9","0,044627","26.307,31"
19/10/2011,"11,89","0,044592","26.319,09"
20/10/2011,"11,4","0,042849","26.330,41"
21/10/2011,"11,4","0,042849","26.341,73"
24/10/2011,"11,4","0,042849","26.353,06"
25/10/2011,"11,4","0,042849","26.364,40"
26/10/2011,"11,4","0,042849","26.375,74"
27/10/2011,"11,4","0,042849","26.387,08"
28/10/2011,"11,4","0,042849","26.398,43"
31/10/2011,"11,4","0,042849","26.409,79"
01/11/2011,"11,4","0,042849","26.421,15"
03/11/2011,"11,4","0,042849","26.432,51"
04/11/2011,"11,4","0,042849","26.443,88"
07/11/2011,"11,4","0,042849","26.455,25"
08/11/2011,"11,4","0,042849","26.466,63"
09/11/2011,"11,4","0,042849","26.478,01"
10/11/2011,"11,4","0,042849","26.489,40"
11/11/2011,"11,4","0,042849","26.500,80"
14/11/2011,"11,4","0,042849","26.512,19"
16/11/2011,"11,4","0,042849","26.523,60"
17/11/2011,"11,4","0,042849","26.535,01"
18/11/2011,"11,4","0,042849","26.546,42"
21/11/2011,"11,4","0,042849","26.557,84"
22/11/2011,"11,4","0,042849","26.569,26"
23/11/2011,"11,4","0,042849","26.580,69"
24/11/2011,"11,4","0,042849","26.592,12"
25/11/2011,"11,4","0,042849","26.603,56"
28/11/2011,"11,4","0,042849","26.615,00"
29/11/2011,"11,4","0,042849","26.626,45"
30/11/2011,"11,4","0,042849","26.637,90"
01/12/2011,"10,9","0,041063","26.648,88"
02/12/2011,"10,9","0,041063","26.659,86"
05/12/2011,"10,9","0,041063","26.670,85"
06/12/2011,"10,9","0,041063","26.681,84"
07/12/2011,"10,9","0,041063","26.692,84"
08/12/2011,"10,9","0,041063","26.703,84"
09/12/2011,"10,9","0,041063","26.714,85"
12/12/2011,"10,9","0,041063","26.725,86"
13/12/2011,"10,9","0,041063","26.736,87"
14/12/2011,"10,9","0,041063","26.747,89"
15/12/2011,"10,9","0,041063","26.758,92"
16/12/2011,"10,9","0,041063","26.769,95"
19/12/2011,"10,9","0,041063","26.780,98"
20/12/2011,"10,9","0,041063","26.792,02"
21/12/2011,"10,9","0,041063","26.803,06"
22/12/2011,"10,9","0,041063","26.814,11"
23/12/2011,"10,9","0,041063","26.825,16"
26/12/2011,"10,9","0,041063","26.836,22"
27/12/2011,"10,9","0,041063","26.847,28"
28/12/2011,"10,9","0,041063","26.858,34"
29/12/2011,"10,9","0,041063","26.869,41"
30/12/2011,"10,91","0,041099","26.880,50"
03/01/2011,"10,9","0,041063","26.891,58"
03/01/2012,"10,9","0,041063","26.902,66"
04/01/2012,"10,9","0,041063","26.913,75"
05/01/2012,"10,9","0,041063","26.924,84"
06/01/2012,"10,9","0,041063","26.935,94"
09/01/2012,"10,9","0,041063","26.947,04"
10/01/2012,"10,9","0,041063","26.958,15"
11/01/2012,"10,9","0,041063","26.969,26"
12/01/2012,"10,9","0,041063","26.980,37"
13/01/2012,"10,9","0,041063","26.991,49"
16/01/2012,"10,9","0,041063","27.002,62"
17/01/2012,"10,9","0,041063","27.013,75"
18/01/2012,"10,9","0,041063","27.024,88"
19/01/2012,"10,4","0,03927","27.035,53"
20/01/2012,"10,4","0,03927","27.046,19"
23/01/2012,"10,4","0,03927","27.056,85"
24/01/2012,"10,4","0,03927","27.067,51"
25/01/2012,"10,4","0,03927","27.078,18"
26/01/2012,"10,4","0,03927","27.088,85"
27/01/2012,"10,4","0,03927","27.099,53"
30/01/2012,"10,4","0,03927","27.110,21"
31/01/2012,"10,4","0,03927","27.120,90"
01/02/2012,"10,4","0,03927","27.131,59"
02/02/2012,"10,4","0,03927","27.142,28"
03/02/2012,"10,4","0,03927","27.152,98"
06/02/2012,"10,4","0,03927","27.163,68"
07/02/2012,"10,4","0,03927","27.174,39"
08/02/2012,"10,4","0,03927","27.185,10"
09/02/2012,"10,4","0,03927","27.195,81"
10/02/2012,"10,4","0,03927","27.206,53"
13/02/2012,"10,4","0,03927","27.217,26"
14/02/2012,"10,4","0,03927","27.227,98"
15/02/2012,"10,4","0,03927","27.238,72"
16/02/2012,"10,4","0,03927","27.249,45"
17/02/2012,"10,4","0,03927","27.260,19"
22/02/2012,"10,4","0,03927","27.270,94"
23/02/2012,"10,4","0,03927","27.281,68"
24/02/2012,"10,4","0,03927","27.292,44"
27/02/2012,"10,4","0,03927","27.303,19"
28/02/2012,"10,4","0,03927","27.313,96"
29/02/2012,"10,4","0,03927","27.324,72"
01/03/2012,"10,4","0,03927","27.335,49"
02/03/2012,"10,4","0,03927","27.346,26"
05/03/2012,"10,4","0,03927","27.357,04"
06/03/2012,"10,4","0,03927","27.367,83"
07/03/2012,"10,4","0,03927","27.378,61"
08/03/2012,"9,65","0,036564","27.388,66"
09/03/2012,"9,65","0,036564","27.398,71"
12/03/2012,"9,65","0,036564","27.408,76"
13/03/2012,"9,65","0,036564","27.418,82"
14/03/2012,"9,65","0,036564","27.428,89"
15/03/2012,"9,65","0,036564","27.438,95"
16/03/2012,"9,65","0,036564","27.449,02"
19/03/2012,"9,65","0,036564","27.459,09"
20/03/2012,"9,65","0,036564","27.469,17"
21/03/2012,"9,65","0,036564","27.479,25"
22/03/2012,"9,65","0,036564","27.489,33"
23/03/2012,"9,65","0,036564","27.499,42"
26/03/2012,"9,65","0,036564","27.509,51"
27/03/2012,"9,65","0,036564","27.519,61"
28/03/2012,"9,65","0,036564","27.529,71"
29/03/2012,"9,65","0,036564","27.539,81"
30/03/2012,"9,65","0,036564","27.549,92"
02/04/2012,"9,65","0,036564","27.560,03"
03/04/2012,"9,65","0,036564","27.570,14"
04/04/2012,"9,65","0,036564","27.580,26"
05/04/2012,"9,65","0,036564","27.590,38"
09/04/2012,"9,65","0,036564","27.600,50"
10/04/2012,"9,65","0,036564","27.610,63"
11/04/2012,"9,65","0,036564","27.620,76"
12/04/2012,"9,65","0,036564","27.630,90"
13/04/2012,"9,65","0,036564","27.641,04"
16/04/2012,"9,65","0,036564","27.651,18"
17/04/2012,"9,65","0,036564","27.661,33"
18/04/2012,"9,65","0,036564","27.671,48"
19/04/2012,"8,9","0,033839","27.680,88"
20/04/2012,"8,9","0,033839","27.690,28"
23/04/2012,"8,9","0,033839","27.699,68"
24/04/2012,"8,9","0,033839","27.709,09"
25/04/2012,"8,9","0,033839","27.718,50"
26/04/2012,"8,9","0,033839","27.727,91"
27/04/2012,"8,9","0,033839","27.737,33"
30/04/2012,"8,9","0,033839","27.746,75"
02/05/2012,"8,9","0,033839","27.756,17"
03/05/2012,"8,9","0,033839","27.765,60"
04/05/2012,"8,9","0,033839","27.775,03"
07/05/2012,"8,9","0,033839","27.784,46"
08/05/2012,"8,9","0,033839","27.793,90"
09/05/2012,"8,9","0,033839","27.803,34"
10/05/2012,"8,9","0,033839","27.812,78"
11/05/2012,"8,9","0,033839","27.822,22"
14/05/2012,"8,89","0,033803","27.831,66"
15/05/2012,"8,89","0,033803","27.841,10"
16/05/2012,"8,89","0,033803","27.850,55"
17/05/2012,"8,89","0,033803","27.860,00"
18/05/2012,"8,89","0,033803","27.869,45"
21/05/2012,"8,89","0,033803","27.878,90"
22/05/2012,"8,89","0,033803","27.888,36"
23/05/2012,"8,89","0,033803","27.897,82"
24/05/2012,"8,89","0,033803","27.907,29"
25/05/2012,"8,89","0,033803","27.916,75"
28/05/2012,"8,89","0,033803","27.926,22"
29/05/2012,"8,89","0,033803","27.935,70"
30/05/2012,"8,88","0,033766","27.945,16"
31/05/2012,"8,39","0,031976","27.954,13"
01/06/2012,"8,39","0,031976","27.963,10"
04/06/2012,"8,39","0,031976","27.972,08"
05/06/2012,"8,39","0,031976","27.981,05"
06/06/2012,"8,39","0,031976","27.990,03"
08/06/2012,"8,39","0,031976","27.999,01"
11/06/2012,"8,39","0,031976","28.008,00"
12/06/2012,"8,39","0,031976","28.016,99"
13/06/2012,"8,39","0,031976","28.025,98"
14/06/2012,"8,39","0,031976","28.034,97"
15/06/2012,"8,39","0,031976","28.043,97"
18/06/2012,"8,39","0,031976","28.052,97"
19/06/2012,"8,39","0,031976","28.061,97"
20/06/2012,"8,39","0,031976","28.070,97"
21/06/2012,"8,39","0,031976","28.079,98"
22/06/2012,"8,39","0,031976","28.088,99"
25/06/2012,"8,39","0,031976","28.098,01"
26/06/2012,"8,39","0,031976","28.107,02"
27/06/2012,"8,39","0,031976","28.116,04"
28/06/2012,"8,39","0,031976","28.125,06"
29/06/2012,"8,4","0,032012","28.134,10"
02/07/2012,"8,39","0,031976","28.143,13"
03/07/2012,"8,39","0,031976","28.152,16"
04/07/2012,"8,39","0,031976","28.161,19"
05/07/2012,"8,39","0,031976","28.170,23"
06/07/2012,"8,39","0,031976","28.179,27"
09/07/2012,"8,39","0,031976","28.188,31"
10/07/2012,"8,39","0,031976","28.197,36"
11/07/2012,"8,39","0,031976","28.206,40"
12/07/2012,"7,89","0,03014","28.214,94"
13/07/2012,"7,89","0,03014","28.223,47"
16/07/2012,"7,89","0,03014","28.232,01"
17/07/2012,"7,89","0,03014","28.240,55"
18/07/2012,"7,89","0,03014","28.249,09"
19/07/2012,"7,89","0,03014","28.257,63"
20/07/2012,"7,89","0,03014","28.266,18"
23/07/2012,"7,89","0,03014","28.274,73"
24/07/2012,"7,89","0,03014","28.283,28"
25/07/2012,"7,89","0,03014","28.291,84"
26/07/2012,"7,89","0,03014","28.300,39"
27/07/2012,"7,89","0,03014","28.308,95"
30/07/2012,"7,89","0,03014","28.317,52"
31/07/2012,"7,89","0,03014","28.326,08"
01/08/2012,"7,89","0,03014","28.334,65"
02/08/2012,"7,89","0,03014","28.343,22"
03/08/2012,"7,89","0,03014","28.351,79"
06/08/2012,"7,89","0,03014","28.360,37"
07/08/2012,"7,89","0,03014","28.368,94"
08/08/2012,"7,89","0,03014","28.377,53"
09/08/2012,"7,89","0,03014","28.386,11"
10/08/2012,"7,89","0,03014","28.394,69"
13/08/2012,"7,89","0,03014","28.403,28"
14/08/2012,"7,89","0,03014","28.411,87"
15/08/2012,"7,89","0,03014","28.420,47"
16/08/2012,"7,89","0,03014","28.429,06"
17/08/2012,"7,89","0,03014","28.437,66"
20/08/2012,"7,89","0,03014","28.446,26"
21/08/2012,"7,89","0,03014","28.454,87"
22/08/2012,"7,89","0,03014","28.463,47"
23/08/2012,"7,89","0,03014","28.472,08"
24/08/2012,"7,89","0,03014","28.480,69"
27/08/2012,"7,89","0,03014","28.489,31"
28/08/2012,"7,89","0,03014","28.497,92"
29/08/2012,"7,89","0,03014","28.506,54"
30/08/2012,"7,39","0,028296","28.514,64"
31/08/2012,"7,39","0,028296","28.522,74"
03/09/2012,"7,39","0,028296","28.530,83"
04/09/2012,"7,39","0,028296","28.538,94"
05/09/2012,"7,39","0,028296","28.547,04"
06/09/2012,"7,39","0,028296","28.555,15"
10/09/2012,"7,39","0,028296","28.563,25"
11/09/2012,"7,39","0,028296","28.571,36"
12/09/2012,"7,39","0,028296","28.579,48"
13/09/2012,"7,39","0,028296","28.587,59"
14/09/2012,"7,39","0,028296","28.595,71"
17/09/2012,"7,39","0,028296","28.603,83"
18/09/2012,"7,39","0,028296","28.611,95"
19/09/2012,"7,39","0,028296","28.620,08"
20/09/2012,"7,39","0,028296","28.628,20"
21/09/2012,"7,39","0,028296","28.636,33"
24/09/2012,"7,39","0,028296","28.644,46"
25/09/2012,"7,39","0,028296","28.652,60"
26/09/2012,"7,39","0,028296","28.660,73"
27/09/2012,"7,39","0,028296","28.668,87"
28/09/2012,"7,39","0,028296","28.677,01"
01/10/2012,"7,39","0,028296","28.685,15"
02/10/2012,"7,39","0,028296","28.693,30"
03/10/2012,"7,39","0,028296","28.701,45"
04/10/2012,"7,39","0,028296","28.709,60"
05/10/2012,"7,39","0,028296","28.717,75"
08/10/2012,"7,39","0,028296","28.725,90"
09/10/2012,"7,39","0,028296","28.734,06"
10/10/2012,"7,39","0,028296","28.742,22"
11/10/2012,"7,14","0,027371","28.750,11"
15/10/2012,"7,14","0,027371","28.758,01"
16/10/2012,"7,14","0,027371","28.765,91"
17/10/2012,"7,14","0,027371","28.773,81"
18/10/2012,"7,14","0,027371","28.781,71"
19/10/2012,"7,14","0,027371","28.789,62"
22/10/2012,"7,14","0,027371","28.797,52"
23/10/2012,"7,14","0,027371","28.805,43"
24/10/2012,"7,14","0,027371","28.813,34"
25/10/2012,"7,14","0,027371","28.821,26"
26/10/2012,"7,14","0,027371","28.829,17"
29/10/2012,"7,14","0,027371","28.837,09"
30/10/2012,"7,14","0,027371","28.845,01"
31/10/2012,"7,14","0,027371","28.852,94"
01/11/2012,"7,14","0,027371","28.860,86"
05/11/2012,"7,14","0,027371","28.868,79"
06/11/2012,"7,14","0,027371","28.876,72"
07/11/2012,"7,14","0,027371","28.884,65"
08/11/2012,"7,14","0,027371","28.892,58"
09/11/2012,"7,14","0,027371","28.900,52"
12/11/2012,"7,14","0,027371","28.908,45"
13/11/2012,"7,14","0,027371","28.916,39"
14/11/2012,"7,14","0,027371","28.924,34"
16/11/2012,"7,14","0,027371","28.932,28"
19/11/2012,"7,14","0,027371","28.940,23"
20/11/2012,"7,14","0,027371","28.948,18"
21/11/2012,"7,14","0,027371","28.956,13"
22/11/2012,"7,14","0,027371","28.964,08"
23/11/2012,"7,14","0,027371","28.972,03"
26/11/2012,"7,14","0,027371","28.979,99"
27/11/2012,"7,14","0,027371","28.987,95"
28/11/2012,"7,14","0,027371","28.995,91"
29/11/2012,"7,14","0,027371","29.003,88"
30/11/2012,"7,14","0,027371","29.011,84"
03/12/2012,"7,14","0,027371","29.019,81"
04/12/2012,"7,14","0,027371","29.027,78"
05/12/2012,"7,14","0,027371","29.035,75"
06/12/2012,"7,14","0,027371","29.043,73"
07/12/2012,"7,14","0,027371","29.051,71"
10/12/2012,"7,14","0,027371","29.059,68"
11/12/2012,"7,13","0,027334","29.067,66"
12/12/2012,"7,13","0,027334","29.075,63"
13/12/2012,"7,13","0,027334","29.083,60"
14/12/2012,"7,12","0,027297","29.091,57"
17/12/2012,"7,12","0,027297","29.099,54"
18/12/2012,"7,11","0,02726","29.107,50"
19/12/2012,"7,11","0,02726","29.115,46"
20/12/2012,"7,11","0,02726","29.123,42"
21/12/2012,"7,11","0,02726","29.131,39"
24/12/2012,"7,19","0,027556","29.139,44"
26/12/2012,"7,24","0,027742","29.147,56"
27/12/2012,"7,25","0,027779","29.155,68"
28/12/2012,"7,27","0,027853","29.163,83"
31/12/2012,"7,29","0,027927","29.172,00"
02/01/2012,"7,11","0,02726","29.179,98"
03/01/2013,"7,11","0,02726","29.187,96"
04/01/2013,"7,11","0,02726","29.195,95"
07/01/2013,"7,11","0,02726","29.203,93"
08/01/2013,"7,11","0,02726","29.211,92"
09/01/2013,"7,11","0,02726","29.219,91"
10/01/2013,"7,11","0,02726","29.227,90"
11/01/2013,"7,11","0,02726","29.235,90"
14/01/2013,"7,11","0,02726","29.243,90"
15/01/2013,"7,11","0,02726","29.251,90"
16/01/2013,"7,11","0,02726","29.259,90"
17/01/2013,"7,11","0,02726","29.267,90"
18/01/2013,"7,11","0,02726","29.275,91"
21/01/2013,"7,11","0,02726","29.283,91"
22/01/2013,"7,11","0,02726","29.291,92"
23/01/2013,"7,11","0,02726","29.299,94"
24/01/2013,"7,11","0,02726","29.307,95"
25/01/2013,"7,11","0,02726","29.315,97"
28/01/2013,"7,11","0,02726","29.323,99"
29/01/2013,"7,11","0,02726","29.332,01"
30/01/2013,"7,11","0,02726","29.340,03"
31/01/2013,"7,11","0,02726","29.348,06"
01/02/2013,"7,11","0,02726","29.356,08"
04/02/2013,"7,11","0,02726","29.364,11"
05/02/2013,"7,11","0,02726","29.372,14"
06/02/2013,"7,11","0,02726","29.380,18"
07/02/2013,"7,11","0,02726","29.388,21"
08/02/2013,"7,11","0,02726","29.396,25"
13/02/2013,"7,11","0,02726","29.404,29"
14/02/2013,"7,11","0,02726","29.412,34"
15/02/2013,"7,11","0,02726","29.420,38"
18/02/2013,"7,11","0,02726","29.428,43"
19/02/2013,"7,11","0,02726","29.436,48"
20/02/2013,"7,11","0,02726","29.444,53"
21/02/2013,"7,11","0,02726","29.452,58"
22/02/2013,"7,11","0,02726","29.460,64"
25/02/2013,"7,11","0,02726","29.468,70"
26/02/2013,"7,18","0,027519","29.476,84"
27/02/2013,"7,2","0,027594","29.485,00"
28/02/2013,"7,2","0,027594","29.493,16"
01/03/2013,"7,14","0,027371","29.501,26"
04/03/2013,"7,12","0,027297","29.509,34"
05/03/2013,"7,12","0,027297","29.517,42"
06/03/2013,"7,14","0,027371","29.525,53"
07/03/2013,"7,12","0,027297","29.533,62"
08/03/2013,"7,13","0,027334","29.541,72"
11/03/2013,"7,13","0,027334","29.549,82"
12/03/2013,"7,14","0,027371","29.557,93"
13/03/2013,"7,15","0,027408","29.566,06"
14/03/2013,"7,16","0,027445","29.574,21"
15/03/2013,"7,16","0,027445","29.582,35"
18/03/2013,"7,16","0,027445","29.590,50"
19/03/2013,"7,16","0,027445","29.598,64"
20/03/2013,"7,16","0,027445","29.606,79"
21/03/2013,"7,16","0,027445","29.614,95"
22/03/2013,"7,16","0,027445","29.623,10"
25/03/2013,"7,16","0,027445","29.631,26"
26/03/2013,"7,16","0,027445","29.639,42"
27/03/2013,"7,16","0,027445","29.647,58"
28/03/2013,"7,16","0,027445","29.655,75"
01/04/2013,"7,16","0,027445","29.663,91"
02/04/2013,"7,16","0,027445","29.672,08"
03/04/2013,"7,16","0,027445","29.680,25"
04/04/2013,"7,16","0,027445","29.688,43"
05/04/2013,"7,16","0,027445","29.696,60"
08/04/2013,"7,16","0,027445","29.704,78"
09/04/2013,"7,16","0,027445","29.712,96"
10/04/2013,"7,16","0,027445","29.721,14"
11/04/2013,"7,16","0,027445","29.729,33"
12/04/2013,"7,16","0,027445","29.737,51"
15/04/2013,"7,16","0,027445","29.745,70"
16/04/2013,"7,16","0,027445","29.753,89"
17/04/2013,"7,16","0,027445","29.762,09"
18/04/2013,"7,41","0,02837","29.770,56"
19/04/2013,"7,41","0,02837","29.779,03"
22/04/2013,"7,4","0,028333","29.787,50"
23/04/2013,"7,4","0,028333","29.795,97"
24/04/2013,"7,4","0,028333","29.804,44"
25/04/2013,"7,4","0,028333","29.812,91"
26/04/2013,"7,4","0,028333","29.821,38"
29/04/2013,"7,4","0,028333","29.829,86"
30/04/2013,"7,4","0,028333","29.838,34"
02/05/2013,"7,4","0,028333","29.846,82"
03/05/2013,"7,4","0,028333","29.855,31"
06/05/2013,"7,4","0,028333","29.863,80"
07/05/2013,"7,4","0,028333","29.872,29"
08/05/2013,"7,4","0,028333","29.880,78"
09/05/2013,"7,4","0,028333","29.889,27"
10/05/2013,"7,4","0,028333","29.897,77"
13/05/2013,"7,4","0,028333","29.906,27"
14/05/2013,"7,4","0,028333","29.914,77"
15/05/2013,"7,4","0,028333","29.923,27"
16/05/2013,"7,4","0,028333","29.931,78"
17/05/2013,"7,4","0,028333","29.940,29"
20/05/2013,"7,4","0,028333","29.948,80"
21/05/2013,"7,4","0,028333","29.957,31"
22/05/2013,"7,4","0,028333","29.965,83"
23/05/2013,"7,4","0,028333","29.974,35"
24/05/2013,"7,4","0,028333","29.982,87"
27/05/2013,"7,4","0,028333","29.991,39"
28/05/2013,"7,4","0,028333","29.999,92"
29/05/2013,"7,4","0,028333","30.008,45"
31/05/2013,"7,9","0,030177","30.017,53"
03/06/2013,"7,9","0,030177","30.026,62"
04/06/2013,"7,9","0,030177","30.035,71"
05/06/2013,"7,9","0,030177","30.044,81"
06/06/2013,"7,9","0,030177","30.053,90"
07/06/2013,"7,9","0,030177","30.063,00"
10/06/2013,"7,9","0,030177","30.072,11"
11/06/2013,"7,9","0,030177","30.081,21"
12/06/2013,"7,9","0,030177","30.090,32"
13/06/2013,"7,9","0,030177","30.099,43"
14/06/2013,"7,9","0,030177","30.108,54"
17/06/2013,"7,9","0,030177","30.117,66"
18/06/2013,"7,9","0,030177","30.126,78"
19/06/2013,"7,9","0,030177","30.135,90"
20/06/2013,"7,9","0,030177","30.145,02"
21/06/2013,"7,9","0,030177","30.154,15"
24/06/2013,"7,9","0,030177","30.163,28"
25/06/2013,"7,9","0,030177","30.172,41"
26/06/2013,"7,9","0,030177","30.181,55"
27/06/2013,"7,9","0,030177","30.190,69"
28/06/2013,"7,9","0,030177","30.199,83"
01/07/2013,"7,9","0,030177","30.208,97"
02/07/2013,"7,9","0,030177","30.218,12"
03/07/2013,"7,9","0,030177","30.227,27"
04/07/2013,"7,9","0,030177","30.236,42"
05/07/2013,"7,9","0,030177","30.245,57"
08/07/2013,"7,9","0,030177","30.254,73"
09/07/2013,"7,9","0,030177","30.263,89"
10/07/2013,"7,9","0,030177","30.273,05"
11/07/2013,"8,4","0,032012","30.282,78"
12/07/2013,"8,4","0,032012","30.292,50"
15/07/2013,"8,4","0,032012","30.302,23"
16/07/2013,"8,4","0,032012","30.311,96"
17/07/2013,"8,4","0,032012","30.321,70"
18/07/2013,"8,4","0,032012","30.331,44"
19/07/2013,"8,4","0,032012","30.341,18"
22/07/2013,"8,4","0,032012","30.350,92"
23/07/2013,"8,4","0,032012","30.360,67"
24/07/2013,"8,4","0,032012","30.370,42"
25/07/2013,"8,4","0,032012","30.380,18"
26/07/2013,"8,4","0,032012","30.389,93"
29/07/2013,"8,4","0,032012","30.399,70"
30/07/2013,"8,4","0,032012","30.409,46"
31/07/2013,"8,4","0,032012","30.419,23"
01/08/2013,"8,4","0,032012","30.429,00"
02/08/2013,"8,4","0,032012","30.438,77"
05/08/2013,"8,4","0,032012","30.448,54"
06/08/2013,"8,4","0,032012","30.458,32"
07/08/2013,"8,4","0,032012","30.468,11"
08/08/2013,"8,4","0,032012","30.477,89"
09/08/2013,"8,4","0,032012","30.487,68"
12/08/2013,"8,4","0,032012","30.497,47"
13/08/2013,"8,4","0,032012","30.507,27"
14/08/2013,"8,4","0,032012","30.517,06"
15/08/2013,"8,4","0,032012","30.526,87"
16/08/2013,"8,4","0,032012","30.536,67"
19/08/2013,"8,4","0,032012","30.546,48"
20/08/2013,"8,4","0,032012","30.556,29"
21/08/2013,"8,4","0,032012","30.566,10"
22/08/2013,"8,4","0,032012","30.575,92"
23/08/2013,"8,4","0,032012","30.585,74"
26/08/2013,"8,4","0,032012","30.595,56"
27/08/2013,"8,4","0,032012","30.605,39"
28/08/2013,"8,4","0,032012","30.615,22"
29/08/2013,"8,9","0,033839","30.625,61"
30/08/2013,"8,9","0,033839","30.636,01"
02/09/2013,"8,9","0,033839","30.646,41"
03/09/2013,"8,9","0,033839","30.656,81"
04/09/2013,"8,9","0,033839","30.667,22"
05/09/2013,"8,9","0,033839","30.677,63"
06/09/2013,"8,9","0,033839","30.688,05"
09/09/2013,"8,9","0,033839","30.698,47"
10/09/2013,"8,9","0,033839","30.708,89"
11/09/2013,"8,9","0,033839","30.719,31"
12/09/2013,"8,9","0,033839","30.729,74"
13/09/2013,"8,9","0,033839","30.740,17"
16/09/2013,"8,9","0,033839","30.750,61"
17/09/2013,"8,9","0,033839","30.761,05"
18/09/2013,"8,9","0,033839","30.771,49"
19/09/2013,"8,9","0,033839","30.781,94"
20/09/2013,"8,9","0,033839","30.792,39"
23/09/2013,"8,9","0,033839","30.802,84"
24/09/2013,"8,9","0,033839","30.813,30"
25/09/2013,"8,9","0,033839","30.823,76"
26/09/2013,"8,9","0,033839","30.834,23"
27/09/2013,"8,9","0,033839","30.844,69"
30/09/2013,"8,9","0,033839","30.855,16"
01/10/2013,"8,9","0,033839","30.865,64"
02/10/2013,"8,9","0,033839","30.876,12"
03/10/2013,"8,9","0,033839","30.886,60"
04/10/2013,"8,9","0,033839","30.897,09"
07/10/2013,"8,9","0,033839","30.907,57"
08/10/2013,"8,9","0,033839","30.918,07"
09/10/2013,"8,9","0,033839","30.928,56"
10/10/2013,"9,4","0,035657","30.939,63"
11/10/2013,"9,4","0,035657","30.950,70"
14/10/2013,"9,4","0,035657","30.961,77"
15/10/2013,"9,4","0,035657","30.972,84"
16/10/2013,"9,4","0,035657","30.983,92"
17/10/2013,"9,4","0,035657","30.995,01"
18/10/2013,"9,4","0,035657","31.006,09"
21/10/2013,"9,4","0,035657","31.017,18"
22/10/2013,"9,4","0,035657","31.028,28"
23/10/2013,"9,4","0,035657","31.039,38"
24/10/2013,"9,4","0,035657","31.050,48"
25/10/2013,"9,4","0,035657","31.061,59"
28/10/2013,"9,4","0,035657","31.072,70"
29/10/2013,"9,4","0,035657","31.083,82"
30/10/2013,"9,4","0,035657","31.094,94"
31/10/2013,"9,4","0,035657","31.106,06"
01/11/2013,"9,4","0,035657","31.117,19"
04/11/2013,"9,4","0,035657","31.128,32"
05/11/2013,"9,4","0,035657","31.139,45"
06/11/2013,"9,4","0,035657","31.150,59"
07/11/2013,"9,4","0,035657","31.161,73"
08/11/2013,"9,4","0,035657","31.172,88"
11/11/2013,"9,4","0,035657","31.184,03"
12/11/2013,"9,4","0,035657","31.195,19"
13/11/2013,"9,4","0,035657","31.206,35"
14/11/2013,"9,4","0,035657","31.217,51"
18/11/2013,"9,4","0,035657","31.228,68"
19/11/2013,"9,4","0,035657","31.239,85"
20/11/2013,"9,4","0,035657","31.251,02"
21/11/2013,"9,4","0,035657","31.262,20"
22/11/2013,"9,4","0,035657","31.273,38"
25/11/2013,"9,4","0,035657","31.284,57"
26/11/2013,"9,4","0,035657","31.295,76"
27/11/2013,"9,4","0,035657","31.306,96"
28/11/2013,"9,9","0,037468","31.318,72"
29/11/2013,"9,9","0,037468","31.330,50"
02/12/2013,"9,9","0,037468","31.342,27"
03/12/2013,"9,9","0,037468","31.354,05"
04/12/2013,"9,9","0,037468","31.365,84"
05/12/2013,"9,9","0,037468","31.377,63"
06/12/2013,"9,89","0,037431","31.389,41"
09/12/2013,"9,9","0,037468","31.401,21"
10/12/2013,"9,9","0,037468","31.413,01"
11/12/2013,"9,9","0,037468","31.424,82"
12/12/2013,"9,9","0,037468","31.436,63"
13/12/2013,"9,9","0,037468","31.448,45"
16/12/2013,"9,9","0,037468","31.460,27"
17/12/2013,"9,9","0,037468","31.472,09"
18/12/2013,"9,9","0,037468","31.483,92"
19/12/2013,"9,9","0,037468","31.495,76"
20/12/2013,"9,9","0,037468","31.507,59"
23/12/2013,"9,9","0,037468","31.519,44"
24/12/2013,"9,9","0,037468","31.531,28"
26/12/2013,"9,9","0,037468","31.543,14"
27/12/2013,"9,9","0,037468","31.554,99"
30/12/2013,"9,9","0,037468","31.566,85"
31/12/2013,"9,9","0,037468","31.578,72"
02/01/2013,"9,9","0,037468","31.590,59"
03/01/2014,"9,9","0,037468","31.602,46"
06/01/2014,"9,9","0,037468","31.614,34"
07/01/2014,"9,9","0,037468","31.626,22"
08/01/2014,"9,9","0,037468","31.638,11"
09/01/2014,"9,9","0,037468","31.650,00"
10/01/2014,"9,9","0,037468","31.661,90"
13/01/2014,"9,9","0,037468","31.673,80"
14/01/2014,"9,9","0,037468","31.685,70"
15/01/2014,"9,9","0,037468","31.697,61"
16/01/2014,"10,4","0,03927","31.710,10"
17/01/2014,"10,4","0,03927","31.722,59"
20/01/2014,"10,4","0,03927","31.735,09"
21/01/2014,"10,4","0,03927","31.747,59"
22/01/2014,"10,4","0,03927","31.760,09"
23/01/2014,"10,4","0,03927","31.772,61"
24/01/2014,"10,4","0,03927","31.785,12"
27/01/2014,"10,4","0,03927","31.797,64"
28/01/2014,"10,4","0,03927","31.810,17"
29/01/2014,"10,4","0,03927","31.822,70"
30/01/2014,"10,4","0,03927","31.835,24"
31/01/2014,"10,4","0,03927","31.847,78"
03/02/2014,"10,4","0,03927","31.860,32"
04/02/2014,"10,4","0,03927","31.872,87"
05/02/2014,"10,4","0,03927","31.885,43"
06/02/2014,"10,4","0,03927","31.897,99"
07/02/2014,"10,4","0,03927","31.910,56"
10/02/2014,"10,4","0,03927","31.923,13"
11/02/2014,"10,4","0,03927","31.935,70"
12/02/2014,"10,4","0,03927","31.948,28"
13/02/2014,"10,4","0,03927","31.960,87"
14/02/2014,"10,4","0,03927","31.973,46"
17/02/2014,"10,4","0,03927","31.986,05"
18/02/2014,"10,4","0,03927","31.998,65"
19/02/2014,"10,4","0,03927","32.011,26"
20/02/2014,"10,4","0,03927","32.023,87"
21/02/2014,"10,4","0,03927","32.036,48"
24/02/2014,"10,4","0,03927","32.049,10"
25/02/2014,"10,4","0,03927","32.061,73"
26/02/2014,"10,4","0,03927","32.074,36"
27/02/2014,"10,65","0,040168","32.087,28"
28/02/2014,"10,65","0,040168","32.100,21"
05/03/2014,"10,65","0,040168","32.113,15"
06/03/2014,"10,65","0,040168","32.126,09"
07/03/2014,"10,65","0,040168","32.139,03"
10/03/2014,"10,65","0,040168","32.151,98"
11/03/2014,"10,65","0,040168","32.164,94"
12/03/2014,"10,65","0,040168","32.177,90"
13/03/2014,"10,65","0,040168","32.190,86"
14/03/2014,"10,65","0,040168","32.203,83"
17/03/2014,"10,65","0,040168","32.216,81"
18/03/2014,"10,65","0,040168","32.229,79"
19/03/2014,"10,65","0,040168","32.242,77"
20/03/2014,"10,65","0,040168","32.255,77"
21/03/2014,"10,65","0,040168","32.268,76"
24/03/2014,"10,65","0,040168","32.281,76"
25/03/2014,"10,65","0,040168","32.294,77"
26/03/2014,"10,65","0,040168","32.307,78"
27/03/2014,"10,65","0,040168","32.320,80"
28/03/2014,"10,65","0,040168","32.333,82"
31/03/2014,"10,65","0,040168","32.346,85"
01/04/2014,"10,65","0,040168","32.359,89"
02/04/2014,"10,65","0,040168","32.372,92"
03/04/2014,"10,9","0,041063","32.386,26"
04/04/2014,"10,9","0,041063","32.399,60"
07/04/2014,"10,9","0,041063","32.412,94"
08/04/2014,"10,9","0,041063","32.426,29"
09/04/2014,"10,9","0,041063","32.439,65"
10/04/2014,"10,9","0,041063","32.453,01"
11/04/2014,"10,9","0,041063","32.466,38"
14/04/2014,"10,9","0,041063","32.479,75"
15/04/2014,"10,9","0,041063","32.493,13"
16/04/2014,"10,9","0,041063","32.506,51"
17/04/2014,"10,9","0,041063","32.519,90"
22/04/2014,"10,9","0,041063","32.533,30"
23/04/2014,"10,9","0,041063","32.546,70"
24/04/2014,"10,9","0,041063","32.560,10"
25/04/2014,"10,9","0,041063","32.573,52"
28/04/2014,"10,9","0,041063","32.586,93"
29/04/2014,"10,9","0,041063","32.600,35"
30/04/2014,"10,9","0,041063","32.613,78"
02/05/2014,"10,9","0,041063","32.627,22"
05/05/2014,"10,9","0,041063","32.640,65"
06/05/2014,"10,9","0,041063","32.654,10"
07/05/2014,"10,9","0,041063","32.667,55"
08/05/2014,"10,9","0,041063","32.681,00"
09/05/2014,"10,9","0,041063","32.694,46"
12/05/2014,"10,9","0,041063","32.707,93"
13/05/2014,"10,9","0,041063","32.721,40"
14/05/2014,"10,9","0,041063","32.734,88"
15/05/2014,"10,9","0,041063","32.748,36"
16/05/2014,"10,9","0,041063","32.761,85"
19/05/2014,"10,9","0,041063","32.775,35"
20/05/2014,"10,9","0,041063","32.788,85"
21/05/2014,"10,9","0,041063","32.802,35"
22/05/2014,"10,9","0,041063","32.815,86"
23/05/2014,"10,9","0,041063","32.829,38"
26/05/2014,"10,9","0,041063","32.842,90"
27/05/2014,"10,9","0,041063","32.856,43"
28/05/2014,"10,9","0,041063","32.869,96"
29/05/2014,"10,9","0,041063","32.883,50"
30/05/2014,"10,9","0,041063","32.897,04"
02/06/2014,"10,9","0,041063","32.910,59"
03/06/2014,"10,9","0,041063","32.924,15"
04/06/2014,"10,9","0,041063","32.937,71"
05/06/2014,"10,9","0,041063","32.951,27"
06/06/2014,"10,9","0,041063","32.964,85"
09/06/2014,"10,9","0,041063","32.978,42"
10/06/2014,"10,9","0,041063","32.992,01"
11/06/2014,"10,9","0,041063","33.005,59"
12/06/2014,"10,9","0,041063","33.019,19"
13/06/2014,"10,9","0,041063","33.032,79"
16/06/2014,"10,9","0,041063","33.046,39"
17/06/2014,"10,9","0,041063","33.060,00"
18/06/2014,"10,9","0,041063","33.073,62"
20/06/2014,"10,9","0,041063","33.087,24"
23/06/2014,"10,9","0,041063","33.100,87"
24/06/2014,"10,9","0,041063","33.114,50"
25/06/2014,"10,9","0,041063","33.128,14"
26/06/2014,"10,9","0,041063","33.141,79"
27/06/2014,"10,9","0,041063","33.155,44"
30/06/2014,"10,9","0,041063","33.169,09"
01/07/2014,"10,9","0,041063","33.182,75"
02/07/2014,"10,9","0,041063","33.196,42"
03/07/2014,"10,9","0,041063","33.210,09"
04/07/2014,"10,9","0,041063","33.223,77"
07/07/2014,"10,9","0,041063","33.237,46"
08/07/2014,"10,9","0,041063","33.251,14"
09/07/2014,"10,9","0,041063","33.264,84"
10/07/2014,"10,9","0,041063","33.278,54"
11/07/2014,"10,9","0,041063","33.292,25"
14/07/2014,"10,9","0,041063","33.305,96"
15/07/2014,"10,9","0,041063","33.319,68"
16/07/2014,"10,9","0,041063","33.333,40"
17/07/2014,"10,9","0,041063","33.347,13"
18/07/2014,"10,9","0,041063","33.360,86"
21/07/2014,"10,9","0,041063","33.374,60"
22/07/2014,"10,9","0,041063","33.388,35"
23/07/2014,"10,9","0,041063","33.402,10"
24/07/2014,"10,9","0,041063","33.415,86"
25/07/2014,"10,9","0,041063","33.429,62"
28/07/2014,"10,9","0,041063","33.443,39"
29/07/2014,"10,9","0,041063","33.457,16"
30/07/2014,"10,9","0,041063","33.470,94"
31/07/2014,"10,9","0,041063","33.484,73"
01/08/2014,"10,9","0,041063","33.498,52"
04/08/2014,"10,9","0,041063","33.512,31"
05/08/2014,"10,9","0,041063","33.526,12"
06/08/2014,"10,9","0,041063","33.539,92"
07/08/2014,"10,9","0,041063","33.553,74"
08/08/2014,"10,9","0,041063","33.567,56"
11/08/2014,"10,9","0,041063","33.581,38"
12/08/2014,"10,9","0,041063","33.595,21"
13/08/2014,"10,9","0,041063","33.609,05"
14/08/2014,"10,9","0,041063","33.622,89"
15/08/2014,"10,91","0,041099","33.636,75"
18/08/2014,"10,9","0,041063","33.650,60"
19/08/2014,"10,9","0,041063","33.664,46"
20/08/2014,"10,91","0,041099","33.678,34"
21/08/2014,"10,91","0,041099","33.692,22"
22/08/2014,"10,9","0,041063","33.706,10"
25/08/2014,"10,9","0,041063","33.719,98"
26/08/2014,"10,9","0,041063","33.733,87"
27/08/2014,"10,9","0,041063","33.747,76"
28/08/2014,"10,9","0,041063","33.761,66"
29/08/2014,"10,9","0,041063","33.775,56"
01/09/2014,"10,9","0,041063","33.789,47"
02/09/2014,"10,9","0,041063","33.803,39"
03/09/2014,"10,9","0,041063","33.817,31"
04/09/2014,"10,9","0,041063","33.831,24"
05/09/2014,"10,9","0,041063","33.845,17"
08/09/2014,"10,9","0,041063","33.859,11"
09/09/2014,"10,9","0,041063","33.873,06"
10/09/2014,"10,9","0,041063","33.887,01"
11/09/2014,"10,9","0,041063","33.900,96"
12/09/2014,"10,9","0,041063","33.914,92"
15/09/2014,"10,9","0,041063","33.928,89"
16/09/2014,"10,9","0,041063","33.942,86"
17/09/2014,"10,9","0,041063","33.956,84"
18/09/2014,"10,9","0,041063","33.970,83"
19/09/2014,"10,9","0,041063","33.984,82"
22/09/2014,"10,9","0,041063","33.998,82"
23/09/2014,"10,9","0,041063","34.012,82"
24/09/2014,"10,9","0,041063","34.026,83"
25/09/2014,"10,9","0,041063","34.040,84"
26/09/2014,"10,9","0,041063","34.054,86"
29/09/2014,"10,9","0,041063","34.068,88"
30/09/2014,"10,9","0,041063","34.082,91"
01/10/2014,"10,9","0,041063","34.096,95"
02/10/2014,"10,9","0,041063","34.110,99"
03/10/2014,"10,9","0,041063","34.125,04"
06/10/2014,"10,9","0,041063","34.139,09"
07/10/2014,"10,9","0,041063","34.153,15"
08/10/2014,"10,9","0,041063","34.167,22"
09/10/2014,"10,9","0,041063","34.181,29"
10/10/2014,"10,9","0,041063","34.195,37"
13/10/2014,"10,9","0,041063","34.209,45"
14/10/2014,"10,9","0,041063","34.223,54"
15/10/2014,"10,9","0,041063","34.237,63"
16/10/2014,"10,9","0,041063","34.251,73"
17/10/2014,"10,9","0,041063","34.265,84"
20/10/2014,"10,9","0,041063","34.279,95"
21/10/2014,"10,9","0,041063","34.294,07"
22/10/2014,"10,9","0,041063","34.308,19"
23/10/2014,"10,9","0,041063","34.322,32"
24/10/2014,"10,9","0,041063","34.336,46"
27/10/2014,"10,9","0,041063","34.350,60"
28/10/2014,"10,9","0,041063","34.364,74"
29/10/2014,"10,9","0,041063","34.378,89"
30/10/2014,"11,15","0,041957","34.393,36"
31/10/2014,"11,15","0,041957","34.407,83"
03/11/2014,"11,15","0,041957","34.422,31"
04/11/2014,"11,15","0,041957","34.436,80"
05/11/2014,"11,15","0,041957","34.451,29"
06/11/2014,"11,15","0,041957","34.465,78"
07/11/2014,"11,15","0,041957","34.480,29"
10/11/2014,"11,15","0,041957","34.494,80"
11/11/2014,"11,15","0,041957","34.509,31"
12/11/2014,"11,15","0,041957","34.523,83"
13/11/2014,"11,15","0,041957","34.538,36"
14/11/2014,"11,15","0,041957","34.552,89"
17/11/2014,"11,15","0,041957","34.567,43"
18/11/2014,"11,15","0,041957","34.581,98"
19/11/2014,"11,15","0,041957","34.596,53"
20/11/2014,"11,15","0,041957","34.611,09"
21/11/2014,"11,15","0,041957","34.625,65"
24/11/2014,"11,15","0,041957","34.640,22"
25/11/2014,"11,15","0,041957","34.654,79"
26/11/2014,"11,15","0,041957","34.669,38"
27/11/2014,"11,15","0,041957","34.683,96"
28/11/2014,"11,15","0,041957","34.698,56"
01/12/2014,"11,15","0,041957","34.713,16"
02/12/2014,"11,15","0,041957","34.727,77"
03/12/2014,"11,15","0,041957","34.742,38"
04/12/2014,"11,65","0,043739","34.757,62"
05/12/2014,"11,65","0,043739","34.772,87"
08/12/2014,"11,65","0,043739","34.788,12"
09/12/2014,"11,65","0,043739","34.803,38"
10/12/2014,"11,65","0,043739","34.818,64"
11/12/2014,"11,65","0,043739","34.833,92"
12/12/2014,"11,65","0,043739","34.849,20"
15/12/2014,"11,65","0,043739","34.864,48"
16/12/2014,"11,65","0,043739","34.879,78"
17/12/2014,"11,65","0,043739","34.895,08"
18/12/2014,"11,65","0,043739","34.910,38"
19/12/2014,"11,65","0,043739","34.925,70"
22/12/2014,"11,65","0,043739","34.941,02"
23/12/2014,"11,65","0,043739","34.956,34"
24/12/2014,"11,65","0,043739","34.971,68"
26/12/2014,"11,65","0,043739","34.987,02"
29/12/2014,"11,65","0,043739","35.002,36"
30/12/2014,"11,65","0,043739","35.017,72"
31/12/2014,"11,65","0,043739","35.033,08"
02/01/2014,"11,65","0,043739","35.048,44"
05/01/2015,"11,65","0,043739","35.063,82"
06/01/2015,"11,65","0,043739","35.079,20"
07/01/2015,"11,65","0,043739","35.094,58"
08/01/2015,"11,65","0,043739","35.109,98"
09/01/2015,"11,65","0,043739","35.125,38"
12/01/2015,"11,65","0,043739","35.140,79"
13/01/2015,"11,65","0,043739","35.156,20"
14/01/2015,"11,65","0,043739","35.171,62"
15/01/2015,"11,65","0,043739","35.187,05"
16/01/2015,"11,65","0,043739","35.202,48"
19/01/2015,"11,65","0,043739","35.217,92"
20/01/2015,"11,65","0,043739","35.233,37"
21/01/2015,"11,65","0,043739","35.248,82"
22/01/2015,"12,15","0,045513","35.264,91"
23/01/2015,"12,15","0,045513","35.281,01"
26/01/2015,"12,15","0,045513","35.297,11"
27/01/2015,"12,15","0,045513","35.313,22"
28/01/2015,"12,15","0,045513","35.329,34"
29/01/2015,"12,15","0,045513","35.345,46"
30/01/2015,"12,15","0,045513","35.361,60"
02/02/2015,"12,15","0,045513","35.377,74"
03/02/2015,"12,15","0,045513","35.393,88"
04/02/2015,"12,15","0,045513","35.410,04"
05/02/2015,"12,15","0,045513","35.426,20"
06/02/2015,"12,15","0,045513","35.442,37"
09/02/2015,"12,15","0,045513","35.458,54"
10/02/2015,"12,15","0,045513","35.474,73"
11/02/2015,"12,15","0,045513","35.490,92"
12/02/2015,"12,15","0,045513","35.507,12"
13/02/2015,"12,15","0,045513","35.523,32"
18/02/2015,"12,15","0,045513","35.539,54"
19/02/2015,"12,15","0,045513","35.555,76"
20/02/2015,"12,15","0,045513","35.571,99"
23/02/2015,"12,15","0,045513","35.588,22"
24/02/2015,"12,15","0,045513","35.604,46"
25/02/2015,"12,15","0,045513","35.620,71"
26/02/2015,"12,15","0,045513","35.636,97"
27/02/2015,"12,15","0,045513","35.653,24"
02/03/2015,"12,15","0,045513","35.669,51"
03/03/2015,"12,15","0,045513","35.685,79"
04/03/2015,"12,15","0,045513","35.702,08"
05/03/2015,"12,65","0,047279","35.719,00"
06/03/2015,"12,65","0,047279","35.735,94"
09/03/2015,"12,65","0,047279","35.752,88"
10/03/2015,"12,65","0,047279","35.769,83"
11/03/2015,"12,65","0,047279","35.786,79"
12/03/2015,"12,65","0,047279","35.803,76"
13/03/2015,"12,65","0,047279","35.820,73"
16/03/2015,"12,65","0,047279","35.837,72"
17/03/2015,"12,65","0,047279","35.854,71"
18/03/2015,"12,65","0,047279","35.871,71"
19/03/2015,"12,65","0,047279","35.888,71"
20/03/2015,"12,65","0,047279","35.905,73"
23/03/2015,"12,65","0,047279","35.922,75"
24/03/2015,"12,65","0,047279","35.939,78"
25/03/2015,"12,65","0,047279","35.956,82"
26/03/2015,"12,65","0,047279","35.973,87"
27/03/2015,"12,65","0,047279","35.990,92"
30/03/2015,"12,65","0,047279","36.007,99"
31/03/2015,"12,65","0,047279","36.025,06"
01/04/2015,"12,65","0,047279","36.042,14"
02/04/2015,"12,65","0,047279","36.059,23"
06/04/2015,"12,65","0,047279","36.076,32"
07/04/2015,"12,65","0,047279","36.093,43"
08/04/2015,"12,65","0,047279","36.110,54"
09/04/2015,"12,65","0,047279","36.127,66"
10/04/2015,"12,65","0,047279","36.144,79"
13/04/2015,"12,65","0,047279","36.161,92"
14/04/2015,"12,65","0,047279","36.179,07"
15/04/2015,"12,65","0,047279","36.196,22"
16/04/2015,"12,65","0,047279","36.213,38"
17/04/2015,"12,65","0,047279","36.230,55"
20/04/2015,"12,65","0,047279","36.247,72"
22/04/2015,"12,65","0,047279","36.264,91"
23/04/2015,"12,65","0,047279","36.282,10"
24/04/2015,"12,65","0,047279","36.299,30"
27/04/2015,"12,66","0,047314","36.316,52"
28/04/2015,"12,67","0,04735","36.333,77"
29/04/2015,"12,67","0,04735","36.351,02"
30/04/2015,"13,15","0,049037","36.368,89"
04/05/2015,"13,15","0,049037","36.386,78"
05/05/2015,"13,15","0,049037","36.404,67"
06/05/2015,"13,15","0,049037","36.422,57"
07/05/2015,"13,15","0,049037","36.440,48"
08/05/2015,"13,15","0,049037","36.458,40"
11/05/2015,"13,15","0,049037","36.476,33"
12/05/2015,"13,15","0,049037","36.494,26"
13/05/2015,"13,15","0,049037","36.512,21"
14/05/2015,"13,15","0,049037","36.530,16"
15/05/2015,"13,15","0,049037","36.548,12"
18/05/2015,"13,15","0,049037","36.566,09"
19/05/2015,"13,15","0,049037","36.584,07"
20/05/2015,"13,15","0,049037","36.602,06"
21/05/2015,"13,15","0,049037","36.620,06"
22/05/2015,"13,15","0,049037","36.638,07"
25/05/2015,"13,15","0,049037","36.656,08"
26/05/2015,"13,15","0,049037","36.674,10"
27/05/2015,"13,15","0,049037","36.692,14"
28/05/2015,"13,15","0,049037","36.710,18"
29/05/2015,"13,15","0,049037","36.728,23"
01/06/2015,"13,15","0,049037","36.746,29"
02/06/2015,"13,15","0,049037","36.764,36"
03/06/2015,"13,15","0,049037","36.782,44"
05/06/2015,"13,65","0,050788","36.801,17"
08/06/2015,"13,65","0,050788","36.819,91"
09/06/2015,"13,65","0,050788","36.838,66"
10/06/2015,"13,65","0,050788","36.857,42"
11/06/2015,"13,65","0,050788","36.876,19"
12/06/2015,"13,65","0,050788","36.894,97"
15/06/2015,"13,65","0,050788","36.913,76"
16/06/2015,"13,65","0,050788","36.932,56"
17/06/2015,"13,65","0,050788","36.951,36"
18/06/2015,"13,65","0,050788","36.970,18"
19/06/2015,"13,65","0,050788","36.989,01"
22/06/2015,"13,65","0,050788","37.007,85"
23/06/2015,"13,65","0,050788","37.026,69"
24/06/2015,"13,65","0,050788","37.045,55"
25/06/2015,"13,65","0,050788","37.064,41"
26/06/2015,"13,65","0,050788","37.083,29"
29/06/2015,"13,65","0,050788","37.102,17"
30/06/2015,"13,65","0,050788","37.121,07"
01/07/2015,"13,65","0,050788","37.139,97"
02/07/2015,"13,65","0,050788","37.158,89"
03/07/2015,"13,65","0,050788","37.177,81"
06/07/2015,"13,65","0,050788","37.196,74"
07/07/2015,"13,65","0,050788","37.215,68"
08/07/2015,"13,65","0,050788","37.234,64"
09/07/2015,"13,65","0,050788","37.253,60"
10/07/2015,"13,65","0,050788","37.272,57"
13/07/2015,"13,65","0,050788","37.291,55"
14/07/2015,"13,65","0,050788","37.310,54"
15/07/2015,"13,65","0,050788","37.329,54"
16/07/2015,"13,65","0,050788","37.348,55"
17/07/2015,"13,65","0,050788","37.367,57"
20/07/2015,"13,65","0,050788","37.386,60"
21/07/2015,"13,65","0,050788","37.405,64"
22/07/2015,"13,65","0,050788","37.424,68"
23/07/2015,"13,65","0,050788","37.443,74"
24/07/2015,"13,65","0,050788","37.462,81"
27/07/2015,"13,65","0,050788","37.481,89"
28/07/2015,"13,65","0,050788","37.500,97"
29/07/2015,"13,65","0,050788","37.520,07"
30/07/2015,"14,15","0,052531","37.539,83"
31/07/2015,"14,15","0,052531","37.559,61"
03/08/2015,"14,15","0,052531","37.579,39"
04/08/2015,"14,15","0,052531","37.599,18"
05/08/2015,"14,15","0,052531","37.618,99"
06/08/2015,"14,15","0,052531","37.638,80"
07/08/2015,"14,15","0,052531","37.658,62"
10/08/2015,"14,15","0,052531","37.678,46"
11/08/2015,"14,15","0,052531","37.698,31"
12/08/2015,"14,15","0,052531","37.718,16"
13/08/2015,"14,15","0,052531","37.738,03"
14/08/2015,"14,15","0,052531","37.757,90"
17/08/2015,"14,15","0,052531","37.777,79"
18/08/2015,"14,15","0,052531","37.797,69"
19/08/2015,"14,15","0,052531","37.817,60"
20/08/2015,"14,15","0,052531","37.837,52"
21/08/2015,"14,15","0,052531","37.857,44"
24/08/2015,"14,15","0,052531","37.877,38"
25/08/2015,"14,15","0,052531","37.897,33"
26/08/2015,"14,15","0,052531","37.917,29"
27/08/2015,"14,15","0,052531","37.937,26"
28/08/2015,"14,15","0,052531","37.957,25"
31/08/2015,"14,15","0,052531","37.977,24"
01/09/2015,"14,15","0,052531","37.997,24"
02/09/2015,"14,15","0,052531","38.017,25"
03/09/2015,"14,15","0,052531","38.037,28"
04/09/2015,"14,15","0,052531","38.057,31"
08/09/2015,"14,15","0,052531","38.077,35"
09/09/2015,"14,15","0,052531","38.097,41"
10/09/2015,"14,15","0,052531","38.117,48"
11/09/2015,"14,15","0,052531","38.137,55"
14/09/2015,"14,15","0,052531","38.157,64"
15/09/2015,"14,15","0,052531","38.177,74"
16/09/2015,"14,15","0,052531","38.197,84"
17/09/2015,"14,15","0,052531","38.217,96"
18/09/2015,"14,15","0,052531","38.238,09"
21/09/2015,"14,15","0,052531","38.258,23"
22/09/2015,"14,15","0,052531","38.278,38"
23/09/2015,"14,15","0,052531","38.298,54"
24/09/2015,"14,15","0,052531","38.318,71"
25/09/2015,"14,15","0,052531","38.338,89"
28/09/2015,"14,15","0,052531","38.359,08"
29/09/2015,"14,15","0,052531","38.379,29"
30/09/2015,"14,15","0,052531","38.399,50"
01/10/2015,"14,15","0,052531","38.419,73"
02/10/2015,"14,15","0,052531","38.439,96"
05/10/2015,"14,15","0,052531","38.460,21"
06/10/2015,"14,15","0,052531","38.480,46"
07/10/2015,"14,15","0,052531","38.500,73"
08/10/2015,"14,15","0,052531","38.521,01"
09/10/2015,"14,15","0,052531","38.541,29"
13/10/2015,"14,15","0,052531","38.561,59"
14/10/2015,"14,15","0,052531","38.581,90"
15/10/2015,"14,15","0,052531","38.602,22"
16/10/2015,"14,15","0,052531","38.622,55"
19/10/2015,"14,15","0,052531","38.642,89"
20/10/2015,"14,15","0,052531","38.663,25"
21/10/2015,"14,15","0,052531","38.683,61"
22/10/2015,"14,15","0,052531","38.703,98"
23/10/2015,"14,15","0,052531","38.724,37"
26/10/2015,"14,15","0,052531","38.744,76"
27/10/2015,"14,15","0,052531","38.765,17"
28/10/2015,"14,15","0,052531","38.785,58"
29/10/2015,"14,15","0,052531","38.806,01"
30/10/2015,"14,15","0,052531","38.826,45"
03/11/2015,"14,15","0,052531","38.846,90"
04/11/2015,"14,15","0,052531","38.867,36"
05/11/2015,"14,15","0,052531","38.887,83"
06/11/2015,"14,15","0,052531","38.908,31"
09/11/2015,"14,15","0,052531","38.928,80"
10/11/2015,"14,15","0,052531","38.949,30"
11/11/2015,"14,15","0,052531","38.969,81"
12/11/2015,"14,15","0,052531","38.990,34"
13/11/2015,"14,15","0,052531","39.010,87"
16/11/2015,"14,15","0,052531","39.031,42"
17/11/2015,"14,15","0,052531","39.051,97"
18/11/2015,"14,15","0,052531","39.072,54"
19/11/2015,"14,15","0,052531","39.093,12"
20/11/2015,"14,15","0,052531","39.113,71"
23/11/2015,"14,15","0,052531","39.134,30"
24/11/2015,"14,15","0,052531","39.154,91"
25/11/2015,"14,15","0,052531","39.175,54"
26/11/2015,"14,15","0,052531","39.196,17"
27/11/2015,"14,15","0,052531","39.216,81"
30/11/2015,"14,15","0,052531","39.237,46"
01/12/2015,"14,15","0,052531","39.258,13"
02/12/2015,"14,15","0,052531","39.278,80"
03/12/2015,"14,15","0,052531","39.299,49"
04/12/2015,"14,15","0,052531","39.320,19"
07/12/2015,"14,15","0,052531","39.340,89"
08/12/2015,"14,15","0,052531","39.361,61"
09/12/2015,"14,15","0,052531","39.382,34"
10/12/2015,"14,15","0,052531","39.403,08"
11/12/2015,"14,15","0,052531","39.423,83"
14/12/2015,"14,15","0,052531","39.444,60"
15/12/2015,"14,15","0,052531","39.465,37"
16/12/2015,"14,15","0,052531","39.486,15"
17/12/2015,"14,15","0,052531","39.506,95"
18/12/2015,"14,15","0,052531","39.527,75"
21/12/2015,"14,15","0,052531","39.548,57"
22/12/2015,"14,15","0,052531","39.569,40"
23/12/2015,"14,15","0,052531","39.590,24"
24/12/2015,"14,15","0,052531","39.611,09"
28/12/2015,"14,15","0,052531","39.631,95"
29/12/2015,"14,15","0,052531","39.652,82"
30/12/2015,"14,15","0,052531","39.673,70"
31/12/2015,"14,15","0,052531","39.694,60"
02/01/2015,"14,15","0,052531","39.715,50"
05/01/2016,"14,15","0,052531","39.736,42"
06/01/2016,"14,15","0,052531","39.757,34"
07/01/2016,"14,15","0,052531","39.778,28"
08/01/2016,"14,15","0,052531","39.799,23"
11/01/2016,"14,15","0,052531","39.820,19"
12/01/2016,"14,15","0,052531","39.841,16"
13/01/2016,"14,15","0,052531","39.862,14"
14/01/2016,"14,15","0,052531","39.883,13"
15/01/2016,"14,15","0,052531","39.904,14"
18/01/2016,"14,15","0,052531","39.925,15"
19/01/2016,"14,15","0,052531","39.946,18"
20/01/2016,"14,15","0,052531","39.967,21"
21/01/2016,"14,15","0,052531","39.988,26"
22/01/2016,"14,15","0,052531","40.009,32"
25/01/2016,"14,15","0,052531","40.030,39"
26/01/2016,"14,15","0,052531","40.051,47"
27/01/2016,"14,15","0,052531","40.072,56"
28/01/2016,"14,15","0,052531","40.093,67"
29/01/2016,"14,15","0,052531","40.114,78"
01/02/2016,"14,15","0,052531","40.135,90"
02/02/2016,"14,15","0,052531","40.157,04"
03/02/2016,"14,15","0,052531","40.178,19"
04/02/2016,"14,15","0,052531","40.199,35"
05/02/2016,"14,15","0,052531","40.220,52"
10/02/2016,"14,15","0,052531","40.241,70"
11/02/2016,"14,15","0,052531","40.262,89"
12/02/2016,"14,15","0,052531","40.284,09"
15/02/2016,"14,15","0,052531","40.305,31"
16/02/2016,"14,15","0,052531","40.326,53"
17/02/2016,"14,15","0,052531","40.347,77"
18/02/2016,"14,15","0,052531","40.369,02"
19/02/2016,"14,15","0,052531","40.390,27"
22/02/2016,"14,15","0,052531","40.411,54"
23/02/2016,"14,15","0,052531","40.432,83"
24/02/2016,"14,15","0,052531","40.454,12"
25/02/2016,"14,15","0,052531","40.475,42"
26/02/2016,"14,15","0,052531","40.496,74"
29/02/2016,"14,15","0,052531","40.518,06"
01/03/2016,"14,15","0,052531","40.539,40"
02/03/2016,"14,15","0,052531","40.560,75"
03/03/2016,"14,15","0,052531","40.582,11"
04/03/2016,"14,15","0,052531","40.603,48"
07/03/2016,"14,15","0,052531","40.624,86"
08/03/2016,"14,15","0,052531","40.646,25"
09/03/2016,"14,15","0,052531","40.667,66"
10/03/2016,"14,15","0,052531","40.689,07"
11/03/2016,"14,15","0,052531","40.710,50"
14/03/2016,"14,15","0,052531","40.731,94"
15/03/2016,"14,15","0,052531","40.753,39"
16/03/2016,"14,15","0,052531","40.774,85"
17/03/2016,"14,15","0,052531","40.796,32"
18/03/2016,"14,15","0,052531","40.817,80"
21/03/2016,"14,15","0,052531","40.839,30"
22/03/2016,"14,15","0,052531","40.860,80"
23/03/2016,"14,15","0,052531","40.882,32"
24/03/2016,"14,15","0,052531","40.903,85"
28/03/2016,"14,15","0,052531","40.925,39"
29/03/2016,"14,15","0,052531","40.946,94"
30/03/2016,"14,15","0,052531","40.968,50"
31/03/2016,"14,15","0,052531","40.990,08"
01/04/2016,"14,15","0,052531","41.011,66"
04/04/2016,"14,15","0,052531","41.033,26"
05/04/2016,"14,15","0,052531","41.054,86"
06/04/2016,"14,15","0,052531","41.076,48"
07/04/2016,"14,15","0,052531","41.098,11"
08/04/2016,"14,15","0,052531","41.119,76"
11/04/2016,"14,15","0,052531","41.141,41"
12/04/2016,"14,15","0,052531","41.163,07"
13/04/2016,"14,15","0,052531","41.184,75"
14/04/2016,"14,15","0,052531","41.206,44"
15/04/2016,"14,15","0,052531","41.228,14"
18/04/2016,"14,15","0,052531","41.249,85"
19/04/2016,"14,15","0,052531","41.271,57"
20/04/2016,"14,15","0,052531","41.293,30"
22/04/2016,"14,15","0,052531","41.315,04"
25/04/2016,"14,15","0,052531","41.336,80"
26/04/2016,"14,15","0,052531","41.358,57"
27/04/2016,"14,15","0,052531","41.380,35"
28/04/2016,"14,15","0,052531","41.402,14"
29/04/2016,"14,15","0,052531","41.423,94"
02/05/2016,"14,15","0,052531","41.445,75"
03/05/2016,"14,15","0,052531","41.467,57"
04/05/2016,"14,15","0,052531","41.489,41"
05/05/2016,"14,15","0,052531","41.511,26"
06/05/2016,"14,15","0,052531","41.533,12"
09/05/2016,"14,15","0,052531","41.554,99"
10/05/2016,"14,15","0,052531","41.576,87"
11/05/2016,"14,15","0,052531","41.598,76"
12/05/2016,"14,15","0,052531","41.620,67"
13/05/2016,"14,15","0,052531","41.642,58"
16/05/2016,"14,15","0,052531","41.664,51"
17/05/2016,"14,15","0,052531","41.686,45"
18/05/2016,"14,15","0,052531","41.708,40"
19/05/2016,"14,15","0,052531","41.730,36"
20/05/2016,"14,15","0,052531","41.752,34"
23/05/2016,"14,15","0,052531","41.774,32"
24/05/2016,"14,15","0,052531","41.796,32"
25/05/2016,"14,15","0,052531","41.818,33"
27/05/2016,"14,15","0,052531","41.840,35"
30/05/2016,"14,15","0,052531","41.862,38"
31/05/2016,"14,15","0,052531","41.884,42"
01/06/2016,"14,15","0,052531","41.906,48"
02/06/2016,"14,15","0,052531","41.928,54"
03/06/2016,"14,15","0,052531","41.950,62"
06/06/2016,"14,15","0,052531","41.972,71"
07/06/2016,"14,15","0,052531","41.994,81"
08/06/2016,"14,15","0,052531","42.016,93"
09/06/2016,"14,15","0,052531","42.039,05"
10/06/2016,"14,15","0,052531","42.061,19"
13/06/2016,"14,15","0,052531","42.083,33"
14/06/2016,"14,15","0,052531","42.105,49"
15/06/2016,"14,15","0,052531","42.127,66"
16/06/2016,"14,15","0,052531","42.149,85"
17/06/2016,"14,15","0,052531","42.172,04"
20/06/2016,"14,15","0,052531","42.194,25"
21/06/2016,"14,15","0,052531","42.216,47"
22/06/2016,"14,15","0,052531","42.238,69"
23/06/2016,"14,15","0,052531","42.260,94"
24/06/2016,"14,15","0,052531","42.283,19"
27/06/2016,"14,15","0,052531","42.305,45"
28/06/2016,"14,15","0,052531","42.327,73"
29/06/2016,"14,15","0,052531","42.350,02"
30/06/2016,"14,15","0,052531","42.372,32"
01/07/2016,"14,15","0,052531","42.394,63"
04/07/2016,"14,15","0,052531","42.416,95"
05/07/2016,"14,15","0,052531","42.439,28"
06/07/2016,"14,15","0,052531","42.461,63"
07/07/2016,"14,15","0,052531","42.483,99"
08/07/2016,"14,15","0,052531","42.506,36"
11/07/2016,"14,15","0,052531","42.528,74"
12/07/2016,"14,15","0,052531","42.551,13"
13/07/2016,"14,15","0,052531","42.573,54"
14/07/2016,"14,15","0,052531","42.595,96"
15/07/2016,"14,15","0,052531","42.618,38"
18/07/2016,"14,15","0,052531","42.640,82"
19/07/2016,"14,15","0,052531","42.663,28"
20/07/2016,"14,15","0,052531","42.685,74"
21/07/2016,"14,15","0,052531","42.708,22"
22/07/2016,"14,15","0,052531","42.730,70"
25/07/2016,"14,15","0,052531","42.753,20"
26/07/2016,"14,15","0,052531","42.775,71"
27/07/2016,"14,15","0,052531","42.798,24"
28/07/2016,"14,15","0,052531","42.820,77"
29/07/2016,"14,15","0,052531","42.843,32"
01/08/2016,"14,15","0,052531","42.865,88"
02/08/2016,"14,15","0,052531","42.888,45"
03/08/2016,"14,15","0,052531","42.911,03"
04/08/2016,"14,15","0,052531","42.933,62"
05/08/2016,"14,15","0,052531","42.956,23"
08/08/2016,"14,15","0,052531","42.978,85"
09/08/2016,"14,15","0,052531","43.001,48"
10/08/2016,"14,15","0,052531","43.024,12"
11/08/2016,"14,15","0,052531","43.046,77"
12/08/2016,"14,15","0,052531","43.069,44"
15/08/2016,"14,15","0,052531","43.092,12"
16/08/2016,"14,15","0,052531","43.114,81"
17/08/2016,"14,15","0,052531","43.137,51"
18/08/2016,"14,15","0,052531","43.160,22"
19/08/2016,"14,15","0,052531","43.182,94"
22/08/2016,"14,15","0,052531","43.205,68"
23/08/2016,"14,15","0,052531","43.228,43"
24/08/2016,"14,15","0,052531","43.251,19"
25/08/2016,"14,15","0,052531","43.273,96"
26/08/2016,"14,15","0,052531","43.296,75"
29/08/2016,"14,15","0,052531","43.319,55"
30/08/2016,"14,15","0,052531","43.342,35"
31/08/2016,"14,15","0,052531","43.365,17"
01/09/2016,"14,15","0,052531","43.388,01"
02/09/2016,"14,15","0,052531","43.410,85"
05/09/2016,"14,15","0,052531","43.433,71"
06/09/2016,"14,15","0,052531","43.456,58"
08/09/2016,"14,15","0,052531","43.479,46"
09/09/2016,"14,15","0,052531","43.502,35"
12/09/2016,"14,15","0,052531","43.525,26"
13/09/2016,"14,15","0,052531","43.548,17"
14/09/2016,"14,15","0,052531","43.571,10"
15/09/2016,"14,15","0,052531","43.594,04"
16/09/2016,"14,15","0,052531","43.617,00"
19/09/2016,"14,15","0,052531","43.639,96"
20/09/2016,"14,15","0,052531","43.662,94"
21/09/2016,"14,15","0,052531","43.685,93"
22/09/2016,"14,15","0,052531","43.708,93"
23/09/2016,"14,15","0,052531","43.731,94"
26/09/2016,"14,15","0,052531","43.754,97"
27/09/2016,"14,15","0,052531","43.778,00"
28/09/2016,"14,15","0,052531","43.801,05"
29/09/2016,"14,15","0,052531","43.824,11"
30/09/2016,"14,15","0,052531","43.847,19"
03/10/2016,"14,15","0,052531","43.870,27"
04/10/2016,"14,15","0,052531","43.893,37"
05/10/2016,"14,15","0,052531","43.916,48"
06/10/2016,"14,15","0,052531","43.939,60"
07/10/2016,"14,15","0,052531","43.962,74"
10/10/2016,"14,15","0,052531","43.985,89"
11/10/2016,"14,15","0,052531","44.009,04"
13/10/2016,"14,15","0,052531","44.032,22"
14/10/2016,"14,15","0,052531","44.055,40"
17/10/2016,"14,15","0,052531","44.078,59"
18/10/2016,"14,15","0,052531","44.101,80"
19/10/2016,"14,15","0,052531","44.125,02"
20/10/2016,"13,9","0,05166","44.147,87"
21/10/2016,"13,9","0,05166","44.170,73"
24/10/2016,"13,9","0,05166","44.193,60"
25/10/2016,"13,9","0,05166","44.216,48"
26/10/2016,"13,9","0,05166","44.239,37"
27/10/2016,"13,9","0,05166","44.262,28"
28/10/2016,"13,9","0,05166","44.285,20"
31/10/2016,"13,9","0,05166","44.308,13"
01/11/2016,"13,9","0,05166","44.331,07"
03/11/2016,"13,9","0,05166","44.354,02"
04/11/2016,"13,9","0,05166","44.376,98"
07/11/2016,"13,9","0,05166","44.399,96"
08/11/2016,"13,9","0,05166","44.422,95"
09/11/2016,"13,9","0,05166","44.445,95"
10/11/2016,"13,9","0,05166","44.468,96"
11/11/2016,"13,9","0,05166","44.491,99"
14/11/2016,"13,9","0,05166","44.515,02"
16/11/2016,"13,9","0,05166","44.538,07"
17/11/2016,"13,9","0,05166","44.561,13"
18/11/2016,"13,9","0,05166","44.584,20"
21/11/2016,"13,9","0,05166","44.607,29"
22/11/2016,"13,9","0,05166","44.630,38"
23/11/2016,"13,9","0,05166","44.653,49"
24/11/2016,"13,9","0,05166","44.676,61"
25/11/2016,"13,9","0,05166","44.699,74"
28/11/2016,"13,9","0,05166","44.722,89"
29/11/2016,"13,9","0,05166","44.746,04"
30/11/2016,"13,9","0,05166","44.769,21"
01/12/2016,"13,65","0,050788","44.792,00"
02/12/2016,"13,65","0,050788","44.814,80"
05/12/2016,"13,65","0,050788","44.837,61"
06/12/2016,"13,65","0,050788","44.860,43"
07/12/2016,"13,65","0,050788","44.883,27"
08/12/2016,"13,65","0,050788","44.906,11"
09/12/2016,"13,65","0,050788","44.928,97"
12/12/2016,"13,65","0,050788","44.951,84"
13/12/2016,"13,65","0,050788","44.974,72"
14/12/2016,"13,65","0,050788","44.997,61"
15/12/2016,"13,65","0,050788","45.020,52"
16/12/2016,"13,65","0,050788","45.043,43"
19/12/2016,"13,65","0,050788","45.066,36"
20/12/2016,"13,65","0,050788","45.089,30"
21/12/2016,"13,65","0,050788","45.112,25"
22/12/2016,"13,65","0,050788","45.135,21"
23/12/2016,"13,65","0,050788","45.158,19"
26/12/2016,"13,65","0,050788","45.181,17"
27/12/2016,"13,65","0,050788","45.204,17"
28/12/2016,"13,65","0,050788","45.227,18"
29/12/2016,"13,65","0,050788","45.250,20"
30/12/2016,"13,65","0,050788","45.273,23"
04/01/2016,"13,65","0,050788","45.296,28"
03/01/2017,"13,65","0,050788","45.319,33"
04/01/2017,"13,65","0,050788","45.342,40"
05/01/2017,"13,65","0,050788","45.365,48"
06/01/2017,"13,65","0,050788","45.388,57"
09/01/2017,"13,65","0,050788","45.411,67"
10/01/2017,"13,65","0,050788","45.434,79"
11/01/2017,"13,65","0,050788","45.457,91"
12/01/2017,"12,9","0,048159","45.479,85"
13/01/2017,"12,9","0,048159","45.501,80"
16/01/2017,"12,9","0,048159","45.523,76"
17/01/2017,"12,9","0,048159","45.545,74"
18/01/2017,"12,9","0,048159","45.567,72"
19/01/2017,"12,9","0,048159","45.589,71"
20/01/2017,"12,9","0,048159","45.611,72"
23/01/2017,"12,9","0,048159","45.633,73"
24/01/2017,"12,9","0,048159","45.655,76"
25/01/2017,"12,9","0,048159","45.677,79"
26/01/2017,"12,9","0,048159","45.699,84"
27/01/2017,"12,9","0,048159","45.721,89"
30/01/2017,"12,9","0,048159","45.743,96"
31/01/2017,"12,9","0,048159","45.766,04"
01/02/2017,"12,9","0,048159","45.788,13"
02/02/2017,"12,9","0,048159","45.810,23"
03/02/2017,"12,9","0,048159","45.832,34"
06/02/2017,"12,9","0,048159","45.854,46"
07/02/2017,"12,9","0,048159","45.876,59"
08/02/2017,"12,9","0,048159","45.898,73"
09/02/2017,"12,9","0,048159","45.920,88"
10/02/2017,"12,9","0,048159","45.943,05"
13/02/2017,"12,9","0,048159","45.965,22"
14/02/2017,"12,9","0,048159","45.987,40"
15/02/2017,"12,9","0,048159","46.009,60"
16/02/2017,"12,9","0,048159","46.031,81"
17/02/2017,"12,9","0,048159","46.054,02"
20/02/2017,"12,9","0,048159","46.076,25"
21/02/2017,"12,9","0,048159","46.098,49"
22/02/2017,"12,9","0,048159","46.120,74"
23/02/2017,"12,15","0,045513","46.141,77"
24/02/2017,"12,15","0,045513","46.162,82"
01/03/2017,"12,15","0,045513","46.183,87"
02/03/2017,"12,15","0,045513","46.204,94"
03/03/2017,"12,15","0,045513","46.226,01"
06/03/2017,"12,15","0,045513","46.247,10"
07/03/2017,"12,15","0,045513","46.268,19"
08/03/2017,"12,15","0,045513","46.289,30"
09/03/2017,"12,15","0,045513","46.310,41"
10/03/2017,"12,15","0,045513","46.331,53"
13/03/2017,"12,15","0,045513","46.352,66"
14/03/2017,"12,15","0,045513","46.373,81"
15/03/2017,"12,15","0,045513","46.394,96"
16/03/2017,"12,15","0,045513","46.416,12"
17/03/2017,"12,15","0,045513","46.437,29"
20/03/2017,"12,15","0,045513","46.458,47"
21/03/2017,"12,15","0,045513","46.479,66"
22/03/2017,"12,15","0,045513","46.500,86"
23/03/2017,"12,15","0,045513","46.522,07"
24/03/2017,"12,15","0,045513","46.543,29"
27/03/2017,"12,15","0,045513","46.564,52"
28/03/2017,"12,15","0,045513","46.585,76"
29/03/2017,"12,15","0,045513","46.607,00"
30/03/2017,"12,15","0,045513","46.628,26"
31/03/2017,"12,15","0,045513","46.649,53"
03/04/2017,"12,15","0,045513","46.670,81"
04/04/2017,"12,15","0,045513","46.692,09"
05/04/2017,"12,15","0,045513","46.713,39"
06/04/2017,"12,15","0,045513","46.734,70"
07/04/2017,"12,15","0,045513","46.756,01"
10/04/2017,"12,15","0,045513","46.777,34"
11/04/2017,"12,15","0,045513","46.798,67"
12/04/2017,"12,15","0,045513","46.820,02"
13/04/2017,"11,15","0,041957","46.839,70"
17/04/2017,"11,15","0,041957","46.859,40"
18/04/2017,"11,15","0,041957","46.879,10"
19/04/2017,"11,15","0,041957","46.898,81"
20/04/2017,"11,15","0,041957","46.918,53"
24/04/2017,"11,15","0,041957","46.938,26"
25/04/2017,"11,15","0,041957","46.958,00"
26/04/2017,"11,15","0,041957","46.977,74"
27/04/2017,"11,15","0,041957","46.997,49"
28/04/2017,"11,15","0,041957","47.017,25"
02/05/2017,"11,15","0,041957","47.037,02"
03/05/2017,"11,15","0,041957","47.056,80"
04/05/2017,"11,15","0,041957","47.076,58"
05/05/2017,"11,15","0,041957","47.096,38"
08/05/2017,"11,15","0,041957","47.116,18"
09/05/2017,"11,15","0,041957","47.135,99"
10/05/2017,"11,15","0,041957","47.155,81"
11/05/2017,"11,15","0,041957","47.175,64"
12/05/2017,"11,15","0,041957","47.195,47"
15/05/2017,"11,15","0,041957","47.215,32"
16/05/2017,"11,15","0,041957","47.235,17"
17/05/2017,"11,15","0,041957","47.255,03"
18/05/2017,"11,15","0,041957","47.274,90"
19/05/2017,"11,15","0,041957","47.294,77"
22/05/2017,"11,15","0,041957","47.314,66"
23/05/2017,"11,15","0,041957","47.334,55"
24/05/2017,"11,15","0,041957","47.354,46"
25/05/2017,"11,15","0,041957","47.374,37"
26/05/2017,"11,15","0,041957","47.394,28"
29/05/2017,"11,15","0,041957","47.414,21"
30/05/2017,"11,15","0,041957","47.434,15"
31/05/2017,"11,15","0,041957","47.454,09"
01/06/2017,"10,15","0,03837","47.472,34"
02/06/2017,"10,15","0,03837","47.490,59"
05/06/2017,"10,15","0,03837","47.508,85"
06/06/2017,"10,15","0,03837","47.527,12"
07/06/2017,"10,15","0,03837","47.545,39"
08/06/2017,"10,15","0,03837","47.563,68"
09/06/2017,"10,15","0,03837","47.581,96"
12/06/2017,"10,15","0,03837","47.600,26"
13/06/2017,"10,15","0,03837","47.618,56"
14/06/2017,"10,15","0,03837","47.636,87"
16/06/2017,"10,15","0,03837","47.655,19"
19/06/2017,"10,15","0,03837","47.673,51"
20/06/2017,"10,15","0,03837","47.691,84"
21/06/2017,"10,15","0,03837","47.710,18"
22/06/2017,"10,15","0,03837","47.728,53"
23/06/2017,"10,15","0,03837","47.746,88"
26/06/2017,"10,15","0,03837","47.765,24"
27/06/2017,"10,15","0,03837","47.783,60"
28/06/2017,"10,15","0,03837","47.801,97"
29/06/2017,"10,15","0,03837","47.820,35"
30/06/2017,"10,15","0,03837","47.838,74"
03/07/2017,"10,15","0,03837","47.857,14"
04/07/2017,"10,15","0,03837","47.875,54"
05/07/2017,"10,15","0,03837","47.893,95"
06/07/2017,"10,15","0,03837","47.912,36"
07/07/2017,"10,15","0,03837","47.930,78"
10/07/2017,"10,15","0,03837","47.949,21"
11/07/2017,"10,15","0,03837","47.967,65"
12/07/2017,"10,15","0,03837","47.986,09"
13/07/2017,"10,15","0,03837","48.004,54"
14/07/2017,"10,15","0,03837","48.023,00"
17/07/2017,"10,15","0,03837","48.041,47"
18/07/2017,"10,15","0,03837","48.059,94"
19/07/2017,"10,15","0,03837","48.078,42"
20/07/2017,"10,15","0,03837","48.096,90"
21/07/2017,"10,15","0,03837","48.115,40"
24/07/2017,"10,15","0,03837","48.133,90"
25/07/2017,"10,15","0,03837","48.152,40"
26/07/2017,"10,15","0,03837","48.170,92"
27/07/2017,"9,15","0,034749","48.187,69"
28/07/2017,"9,15","0,034749","48.204,47"
31/07/2017,"9,15","0,034749","48.221,26"
01/08/2017,"9,15","0,034749","48.238,05"
02/08/2017,"9,15","0,034749","48.254,84"
03/08/2017,"9,15","0,034749","48.271,65"
04/08/2017,"9,15","0,034749","48.288,46"
07/08/2017,"9,15","0,034749","48.305,27"
08/08/2017,"9,15","0,034749","48.322,09"
09/08/2017,"9,15","0,034749","48.338,92"
10/08/2017,"9,15","0,034749","48.355,75"
11/08/2017,"9,15","0,034749","48.372,59"
14/08/2017,"9,15","0,034749","48.389,43"
15/08/2017,"9,15","0,034749","48.406,28"
16/08/2017,"9,15","0,034749","48.423,14"
17/08/2017,"9,15","0,034749","48.440,00"
18/08/2017,"9,15","0,034749","48.456,86"
21/08/2017,"9,15","0,034749","48.473,74"
22/08/2017,"9,15","0,034749","48.490,62"
23/08/2017,"9,15","0,034749","48.507,50"
24/08/2017,"9,15","0,034749","48.524,39"
25/08/2017,"9,15","0,034749","48.541,29"
28/08/2017,"9,15","0,034749","48.558,19"
29/08/2017,"9,15","0,034749","48.575,10"
30/08/2017,"9,15","0,034749","48.592,01"
31/08/2017,"9,15","0,034749","48.608,93"
01/09/2017,"9,15","0,034749","48.625,86"
04/09/2017,"9,15","0,034749","48.642,79"
05/09/2017,"9,15","0,034749","48.659,73"
06/09/2017,"9,15","0,034749","48.676,67"
08/09/2017,"8,15","0,031096","48.691,84"
11/09/2017,"8,15","0,031096","48.707,01"
12/09/2017,"8,15","0,031096","48.722,19"
13/09/2017,"8,15","0,031096","48.737,37"
14/09/2017,"8,15","0,031096","48.752,56"
15/09/2017,"8,15","0,031096","48.767,75"
18/09/2017,"8,15","0,031096","48.782,94"
19/09/2017,"8,15","0,031096","48.798,14"
20/09/2017,"8,15","0,031096","48.813,35"
21/09/2017,"8,15","0,031096","48.828,56"
22/09/2017,"8,15","0,031096","48.843,77"
25/09/2017,"8,15","0,031096","48.858,99"
26/09/2017,"8,15","0,031096","48.874,22"
27/09/2017,"8,15","0,031096","48.889,45"
28/09/2017,"8,15","0,031096","48.904,68"
29/09/2017,"8,15","0,031096","48.919,92"
02/10/2017,"8,15","0,031096","48.935,16"
03/10/2017,"8,15","0,031096","48.950,41"
04/10/2017,"8,15","0,031096","48.965,66"
05/10/2017,"8,15","0,031096","48.980,92"
06/10/2017,"8,15","0,031096","48.996,18"
09/10/2017,"8,15","0,031096","49.011,45"
10/10/2017,"8,15","0,031096","49.026,72"
11/10/2017,"8,15","0,031096","49.042,00"
13/10/2017,"8,15","0,031096","49.057,28"
16/10/2017,"8,15","0,031096","49.072,57"
17/10/2017,"8,15","0,031096","49.087,86"
18/10/2017,"8,15","0,031096","49.103,15"
19/10/2017,"8,15","0,031096","49.118,45"
20/10/2017,"8,15","0,031096","49.133,76"
23/10/2017,"8,15","0,031096","49.149,07"
24/10/2017,"8,15","0,031096","49.164,38"
25/10/2017,"8,15","0,031096","49.179,70"
26/10/2017,"7,4","0,028333","49.193,66"
27/10/2017,"7,4","0,028333","49.207,63"
30/10/2017,"7,4","0,028333","49.221,60"
31/10/2017,"7,4","0,028333","49.235,57"
01/11/2017,"7,4","0,028333","49.249,55"
03/11/2017,"7,4","0,028333","49.263,53"
06/11/2017,"7,4","0,028333","49.277,52"
07/11/2017,"7,4","0,028333","49.291,51"
08/11/2017,"7,4","0,028333","49.305,50"
09/11/2017,"7,4","0,028333","49.319,50"
10/11/2017,"7,4","0,028333","49.333,50"
13/11/2017,"7,4","0,028333","49.347,51"
14/11/2017,"7,4","0,028333","49.361,52"
16/11/2017,"7,4","0,028333","49.375,53"
17/11/2017,"7,4","0,028333","49.389,55"
20/11/2017,"7,4","0,028333","49.403,57"
21/11/2017,"7,4","0,028333","49.417,60"
22/11/2017,"7,4","0,028333","49.431,63"
23/11/2017,"7,4","0,028333","49.445,66"
24/11/2017,"7,4","0,028333","49.459,70"
27/11/2017,"7,4","0,028333","49.473,74"
28/11/2017,"7,4","0,028333","49.487,79"
29/11/2017,"7,4","0,028333","49.501,84"
30/11/2017,"7,4","0,028333","49.515,89"
01/12/2017,"7,4","0,028333","49.529,95"
04/12/2017,"7,4","0,028333","49.544,01"
05/12/2017,"7,4","0,028333","49.558,08"
06/12/2017,"7,4","0,028333","49.572,15"
07/12/2017,"6,9","0,026481","49.585,30"
08/12/2017,"6,9","0,026481","49.598,46"
11/12/2017,"6,9","0,026481","49.611,62"
12/12/2017,"6,9","0,026481","49.624,78"
13/12/2017,"6,9","0,026481","49.637,95"
14/12/2017,"6,9","0,026481","49.651,12"
15/12/2017,"6,9","0,026481","49.664,30"
18/12/2017,"6,9","0,026481","49.677,47"
19/12/2017,"6,9","0,026481","49.690,66"
20/12/2017,"6,9","0,026481","49.703,84"
21/12/2017,"6,9","0,026481","49.717,03"
22/12/2017,"6,9","0,026481","49.730,22"
26/12/2017,"6,9","0,026481","49.743,42"
27/12/2017,"6,9","0,026481","49.756,62"
28/12/2017,"6,9","0,026481","49.769,82"
29/12/2017,"6,9","0,026481","49.783,02"
02/01/2017,"6,9","0,026481","49.796,23"
03/01/2018,"6,9","0,026481","49.809,45"
04/01/2018,"6,9","0,026481","49.822,66"
05/01/2018,"6,9","0,026481","49.835,88"
08/01/2018,"6,9","0,026481","49.849,11"
09/01/2018,"6,9","0,026481","49.862,33"
10/01/2018,"6,9","0,026481","49.875,56"
11/01/2018,"6,9","0,026481","49.888,80"
12/01/2018,"6,9","0,026481","49.902,04"
15/01/2018,"6,9","0,026481","49.915,28"
16/01/2018,"6,9","0,026481","49.928,52"
17/01/2018,"6,9","0,026481","49.941,77"
18/01/2018,"6,9","0,026481","49.955,02"
19/01/2018,"6,9","0,026481","49.968,28"
22/01/2018,"6,9","0,026481","49.981,53"
23/01/2018,"6,9","0,026481","49.994,80"
24/01/2018,"6,9","0,026481","50.008,06"
25/01/2018,"6,9","0,026481","50.021,33"
26/01/2018,"6,9","0,026481","50.034,60"
29/01/2018,"6,9","0,026481","50.047,88"
30/01/2018,"6,9","0,026481","50.061,16"
31/01/2018,"6,9","0,026481","50.074,44"
01/02/2018,"6,9","0,026481","50.087,73"
02/02/2018,"6,9","0,026481","50.101,02"
05/02/2018,"6,9","0,026481","50.114,31"
06/02/2018,"6,9","0,026481","50.127,61"
07/02/2018,"6,9","0,026481","50.140,91"
08/02/2018,"6,65","0,025552","50.153,75"
09/02/2018,"6,65","0,025552","50.166,59"
14/02/2018,"6,65","0,025552","50.179,43"
15/02/2018,"6,65","0,025552","50.192,28"
16/02/2018,"6,65","0,025552","50.205,13"
19/02/2018,"6,65","0,025552","50.217,99"
20/02/2018,"6,65","0,025552","50.230,84"
21/02/2018,"6,65","0,025552","50.243,70"
22/02/2018,"6,65","0,025552","50.256,57"
23/02/2018,"6,65","0,025552","50.269,44"
26/02/2018,"6,65","0,025552","50.282,31"
27/02/2018,"6,65","0,025552","50.295,18"
28/02/2018,"6,65","0,025552","50.308,06"
01/03/2018,"6,65","0,025552","50.320,94"
02/03/2018,"6,65","0,025552","50.333,82"
05/03/2018,"6,65","0,025552","50.346,71"
06/03/2018,"6,65","0,025552","50.359,60"
07/03/2018,"6,65","0,025552","50.372,49"
08/03/2018,"6,65","0,025552","50.385,39"
09/03/2018,"6,65","0,025552","50.398,29"
12/03/2018,"6,65","0,025552","50.411,19"
13/03/2018,"6,65","0,025552","50.424,10"
14/03/2018,"6,65","0,025552","50.437,01"
15/03/2018,"6,65","0,025552","50.449,92"
16/03/2018,"6,65","0,025552","50.462,84"
19/03/2018,"6,65","0,025552","50.475,76"
20/03/2018,"6,65","0,025552","50.488,68"
21/03/2018,"6,65","0,025552","50.501,61"
22/03/2018,"6,4","0,02462","50.514,06"
23/03/2018,"6,4","0,02462","50.526,53"
26/03/2018,"6,4","0,02462","50.538,99"
27/03/2018,"6,4","0,02462","50.551,46"
28/03/2018,"6,4","0,02462","50.563,93"
29/03/2018,"6,4","0,02462","50.576,40"
02/04/2018,"6,4","0,02462","50.588,88"
03/04/2018,"6,4","0,02462","50.601,36"
04/04/2018,"6,4","0,02462","50.613,84"
05/04/2018,"6,4","0,02462","50.626,33"
06/04/2018,"6,4","0,02462","50.638,81"
09/04/2018,"6,4","0,02462","50.651,31"
10/04/2018,"6,4","0,02462","50.663,80"
11/04/2018,"6,4","0,02462","50.676,30"
12/04/2018,"6,4","0,02462","50.688,80"
13/04/2018,"6,4","0,02462","50.701,30"
16/04/2018,"6,4","0,02462","50.713,81"
17/04/2018,"6,4","0,02462","50.726,32"
18/04/2018,"6,4","0,02462","50.738,84"
19/04/2018,"6,4","0,02462","50.751,35"
20/04/2018,"6,4","0,02462","50.763,87"
23/04/2018,"6,4","0,02462","50.776,39"
24/04/2018,"6,4","0,02462","50.788,92"
25/04/2018,"6,4","0,02462","50.801,45"
26/04/2018,"6,4","0,02462","50.813,98"
27/04/2018,"6,4","0,02462","50.826,52"
30/04/2018,"6,4","0,02462","50.839,05"
02/05/2018,"6,4","0,02462","50.851,60"
03/05/2018,"6,4","0,02462","50.864,14"
04/05/2018,"6,4","0,02462","50.876,69"
07/05/2018,"6,4","0,02462","50.889,24"
08/05/2018,"6,4","0,02462","50.901,79"
09/05/2018,"6,4","0,02462","50.914,35"
10/05/2018,"6,4","0,02462","50.926,91"
11/05/2018,"6,4","0,02462","50.939,47"
14/05/2018,"6,4","0,02462","50.952,04"
15/05/2018,"6,4","0,02462","50.964,61"
16/05/2018,"6,4","0,02462","50.977,18"
17/05/2018,"6,4","0,02462","50.989,75"
18/05/2018,"6,4","0,02462","51.002,33"
21/05/2018,"6,4","0,02462","51.014,91"
22/05/2018,"6,4","0,02462","51.027,50"
23/05/2018,"6,4","0,02462","51.040,08"
24/05/2018,"6,4","0,02462","51.052,68"
25/05/2018,"6,4","0,02462","51.065,27"
28/05/2018,"6,4","0,02462","51.077,87"
29/05/2018,"6,4","0,02462","51.090,47"
30/05/2018,"6,4","0,02462","51.103,07"
01/06/2018,"6,4","0,02462","51.115,67"
04/06/2018,"6,4","0,02462","51.128,28"
05/06/2018,"6,4","0,02462","51.140,90"
06/06/2018,"6,4","0,02462","51.153,51"
07/06/2018,"6,4","0,02462","51.166,13"
08/06/2018,"6,4","0,02462","51.178,75"
11/06/2018,"6,4","0,02462","51.191,38"
12/06/2018,"6,4","0,02462","51.204,01"
13/06/2018,"6,4","0,02462","51.216,64"
14/06/2018,"6,4","0,02462","51.229,27"
15/06/2018,"6,4","0,02462","51.241,91"
18/06/2018,"6,4","0,02462","51.254,55"
19/06/2018,"6,4","0,02462","51.267,19"
20/06/2018,"6,4","0,02462","51.279,84"
21/06/2018,"6,4","0,02462","51.292,49"
22/06/2018,"6,4","0,02462","51.305,14"
25/06/2018,"6,4","0,02462","51.317,80"
26/06/2018,"6,4","0,02462","51.330,46"
27/06/2018,"6,4","0,02462","51.343,12"
28/06/2018,"6,4","0,02462","51.355,78"
29/06/2018,"6,4","0,02462","51.368,45"
02/07/2018,"6,4","0,02462","51.381,12"
03/07/2018,"6,4","0,02462","51.393,80"
04/07/2018,"6,4","0,02462","51.406,48"
05/07/2018,"6,4","0,02462","51.419,16"
06/07/2018,"6,4","0,02462","51.431,84"
09/07/2018,"6,4","0,02462","51.444,53"
10/07/2018,"6,4","0,02462","51.457,22"
11/07/2018,"6,4","0,02462","51.469,91"
12/07/2018,"6,4","0,02462","51.482,61"
13/07/2018,"6,4","0,02462","51.495,31"
16/07/2018,"6,4","0,02462","51.508,01"
17/07/2018,"6,4","0,02462","51.520,72"
18/07/2018,"6,4","0,02462","51.533,43"
19/07/2018,"6,4","0,02462","51.546,14"
20/07/2018,"6,4","0,02462","51.558,85"
23/07/2018,"6,4","0,02462","51.571,57"
24/07/2018,"6,4","0,02462","51.584,29"
25/07/2018,"6,4","0,02462","51.597,02"
26/07/2018,"6,4","0,02462","51.609,75"
27/07/2018,"6,4","0,02462","51.622,48"
30/07/2018,"6,4","0,02462","51.635,21"
31/07/2018,"6,4","0,02462","51.647,95"
01/08/2018,"6,4","0,02462","51.660,69"
02/08/2018,"6,4","0,02462","51.673,43"
03/08/2018,"6,4","0,02462","51.686,18"
06/08/2018,"6,4","0,02462","51.698,93"
07/08/2018,"6,4","0,02462","51.711,68"
08/08/2018,"6,4","0,02462","51.724,44"
09/08/2018,"6,4","0,02462","51.737,20"
10/08/2018,"6,4","0,02462","51.749,96"
13/08/2018,"6,4","0,02462","51.762,72"
14/08/2018,"6,4","0,02462","51.775,49"
15/08/2018,"6,4","0,02462","51.788,26"
16/08/2018,"6,4","0,02462","51.801,04"
17/08/2018,"6,4","0,02462","51.813,82"
20/08/2018,"6,4","0,02462","51.826,60"
21/08/2018,"6,4","0,02462","51.839,38"
22/08/2018,"6,4","0,02462","51.852,17"
23/08/2018,"6,4","0,02462","51.864,96"
24/08/2018,"6,4","0,02462","51.877,75"
27/08/2018,"6,4","0,02462","51.890,55"
28/08/2018,"6,4","0,02462","51.903,35"
29/08/2018,"6,4","0,02462","51.916,15"
30/08/2018,"6,4","0,02462","51.928,96"
31/08/2018,"6,4","0,02462","51.941,77"
03/09/2018,"6,4","0,02462","51.954,58"
04/09/2018,"6,4","0,02462","51.967,40"
05/09/2018,"6,4","0,02462","51.980,22"
06/09/2018,"6,4","0,02462","51.993,04"
10/09/2018,"6,4","0,02462","52.005,87"
11/09/2018,"6,4","0,02462","52.018,69"
12/09/2018,"6,4","0,02462","52.031,53"
13/09/2018,"6,4","0,02462","52.044,36"
14/09/2018,"6,4","0,02462","52.057,20"
17/09/2018,"6,4","0,02462","52.070,04"
18/09/2018,"6,4","0,02462","52.082,88"
19/09/2018,"6,4","0,02462","52.095,73"
20/09/2018,"6,4","0,02462","52.108,58"
21/09/2018,"6,4","0,02462","52.121,44"
24/09/2018,"6,4","0,02462","52.134,29"
25/09/2018,"6,4","0,02462","52.147,15"
26/09/2018,"6,4","0,02462","52.160,02"
27/09/2018,"6,4","0,02462","52.172,88"
28/09/2018,"6,4","0,02462","52.185,75"
01/10/2018,"6,4","0,02462","52.198,62"
02/10/2018,"6,4","0,02462","52.211,50"
03/10/2018,"6,4","0,02462","52.224,38"
04/10/2018,"6,4","0,02462","52.237,26"
05/10/2018,"6,4","0,02462","52.250,15"
08/10/2018,"6,4","0,02462","52.263,04"
09/10/2018,"6,4","0,02462","52.275,93"
10/10/2018,"6,4","0,02462","52.288,82"
11/10/2018,"6,4","0,02462","52.301,72"
15/10/2018,"6,4","0,02462","52.314,62"
16/10/2018,"6,4","0,02462","52.327,53"
17/10/2018,"6,4","0,02462","52.340,43"
18/10/2018,"6,4","0,02462","52.353,34"
19/10/2018,"6,4","0,02462","52.366,26"
22/10/2018,"6,4","0,02462","52.379,18"
23/10/2018,"6,4","0,02462","52.392,10"
24/10/2018,"6,4","0,02462","52.405,02"
25/10/2018,"6,4","0,02462","52.417,95"
26/10/2018,"6,4","0,02462","52.430,88"
29/10/2018,"6,4","0,02462","52.443,81"
30/10/2018,"6,4","0,02462","52.456,75"
31/10/2018,"6,4","0,02462","52.469,69"
01/11/2018,"6,4","0,02462","52.482,63"
05/11/2018,"6,4","0,02462","52.495,57"
06/11/2018,"6,4","0,02462","52.508,52"
07/11/2018,"6,4","0,02462","52.521,47"
08/11/2018,"6,4","0,02462","52.534,43"
09/11/2018,"6,4","0,02462","52.547,39"
12/11/2018,"6,4","0,02462","52.560,35"
13/11/2018,"6,4","0,02462","52.573,32"
14/11/2018,"6,4","0,02462","52.586,28"
16/11/2018,"6,4","0,02462","52.599,26"
19/11/2018,"6,4","0,02462","52.612,23"
20/11/2018,"6,4","0,02462","52.625,21"
21/11/2018,"6,4","0,02462","52.638,19"
22/11/2018,"6,4","0,02462","52.651,17"
23/11/2018,"6,4","0,02462","52.664,16"
26/11/2018,"6,4","0,02462","52.677,15"
27/11/2018,"6,4","0,02462","52.690,14"
28/11/2018,"6,4","0,02462","52.703,14"
29/11/2018,"6,4","0,02462","52.716,14"
30/11/2018,"6,4","0,02462","52.729,14"
03/12/2018,"6,4","0,02462","52.742,15"
04/12/2018,"6,4","0,02462","52.755,16"
05/12/2018,"6,4","0,02462","52.768,17"
06/12/2018,"6,4","0,02462","52.781,19"
07/12/2018,"6,4","0,02462","52.794,21"
10/12/2018,"6,4","0,02462","52.807,23"
11/12/2018,"6,4","0,02462","52.820,26"
12/12/2018,"6,4","0,02462","52.833,29"
13/12/2018,"6,4","0,02462","52.846,32"
14/12/2018,"6,4","0,02462","52.859,35"
17/12/2018,"6,4","0,02462","52.872,39"
18/12/2018,"6,4","0,02462","52.885,43"
19/12/2018,"6,4","0,02462","52.898,48"
20/12/2018,"6,4","0,02462","52.911,53"
21/12/2018,"6,4","0,02462","52.924,58"
24/12/2018,"6,4","0,02462","52.937,63"
26/12/2018,"6,4","0,02462","52.950,69"
27/12/2018,"6,4","0,02462","52.963,75"
28/12/2018,"6,4","0,02462","52.976,82"
31/12/2018,"6,4","0,02462","52.989,88"
02/01/2018,"6,4","0,02462","53.002,96"
03/01/2019,"6,4","0,02462","53.016,03"
04/01/2019,"6,4","0,02462","53.029,11"
07/01/2019,"6,4","0,02462","53.042,19"
08/01/2019,"6,4","0,02462","53.055,27"
09/01/2019,"6,4","0,02462","53.068,36"
10/01/2019,"6,4","0,02462","53.081,45"
11/01/2019,"6,4","0,02462","53.094,54"
14/01/2019,"6,4","0,02462","53.107,64"
15/01/2019,"6,4","0,02462","53.120,74"
16/01/2019,"6,4","0,02462","53.133,84"
17/01/2019,"6,4","0,02462","53.146,95"
18/01/2019,"6,4","0,02462","53.160,06"
21/01/2019,"6,4","0,02462","53.173,17"
22/01/2019,"6,4","0,02462","53.186,28"
23/01/2019,"6,4","0,02462","53.199,40"
24/01/2019,"6,4","0,02462","53.212,53"
25/01/2019,"6,4","0,02462","53.225,65"
28/01/2019,"6,4","0,02462","53.238,78"
29/01/2019,"6,4","0,02462","53.251,91"
30/01/2019,"6,4","0,02462","53.265,05"
31/01/2019,"6,4","0,02462","53.278,19"
01/02/2019,"6,4","0,02462","53.291,33"
04/02/2019,"6,4","0,02462","53.304,47"
05/02/2019,"6,4","0,02462","53.317,62"
06/02/2019,"6,4","0,02462","53.330,77"
07/02/2019,"6,4","0,02462","53.343,93"
08/02/2019,"6,4","0,02462","53.357,08"
11/02/2019,"6,4","0,02462","53.370,25"
12/02/2019,"6,4","0,02462","53.383,41"
13/02/2019,"6,4","0,02462","53.396,58"
14/02/2019,"6,4","0,02462","53.409,75"
15/02/2019,"6,4","0,02462","53.422,92"
18/02/2019,"6,4","0,02462","53.436,10"
19/02/2019,"6,4","0,02462","53.449,28"
20/02/2019,"6,4","0,02462","53.462,46"
21/02/2019,"6,4","0,02462","53.475,65"
22/02/2019,"6,4","0,02462","53.488,84"
25/02/2019,"6,4","0,02462","53.502,03"
26/02/2019,"6,4","0,02462","53.515,23"
27/02/2019,"6,4","0,02462","53.528,43"
28/02/2019,"6,4","0,02462","53.541,64"
01/03/2019,"6,4","0,02462","53.554,84"
06/03/2019,"6,4","0,02462","53.568,05"
07/03/2019,"6,4","0,02462","53.581,26"
08/03/2019,"6,4","0,02462","53.594,48"
11/03/2019,"6,4","0,02462","53.607,70"
12/03/2019,"6,4","0,02462","53.620,92"
13/03/2019,"6,4","0,02462","53.634,15"
14/03/2019,"6,4","0,02462","53.647,38"
15/03/2019,"6,4","0,02462","53.660,61"
18/03/2019,"6,4","0,02462","53.673,85"
19/03/2019,"6,4","0,02462","53.687,09"
20/03/2019,"6,4","0,02462","53.700,33"
21/03/2019,"6,4","0,02462","53.713,57"
22/03/2019,"6,4","0,02462","53.726,82"
25/03/2019,"6,4","0,02462","53.740,08"
26/03/2019,"6,4","0,02462","53.753,33"
27/03/2019,"6,4","0,02462","53.766,59"
28/03/2019,"6,4","0,02462","53.779,85"
29/03/2019,"6,4","0,02462","53.793,12"
01/04/2019,"6,4","0,02462","53.806,39"
02/04/2019,"6,4","0,02462","53.819,66"
03/04/2019,"6,4","0,02462","53.832,93"
04/04/2019,"6,4","0,02462","53.846,21"
05/04/2019,"6,4","0,02462","53.859,49"
08/04/2019,"6,4","0,02462","53.872,78"
09/04/2019,"6,4","0,02462","53.886,06"
10/04/2019,"6,4","0,02462","53.899,36"
11/04/2019,"6,4","0,02462","53.912,65"
12/04/2019,"6,4","0,02462","53.925,95"
15/04/2019,"6,4","0,02462","53.939,25"
16/04/2019,"6,4","0,02462","53.952,55"
17/04/2019,"6,4","0,02462","53.965,86"
18/04/2019,"6,4","0,02462","53.979,17"
22/04/2019,"6,4","0,02462","53.992,49"
23/04/2019,"6,4","0,02462","54.005,80"
24/04/2019,"6,4","0,02462","54.019,13"
25/04/2019,"6,4","0,02462","54.032,45"
26/04/2019,"6,4","0,02462","54.045,78"
29/04/2019,"6,4","0,02462","54.059,11"
30/04/2019,"6,4","0,02462","54.072,44"
02/05/2019,"6,4","0,02462","54.085,78"
03/05/2019,"6,4","0,02462","54.099,12"
06/05/2019,"6,4","0,02462","54.112,46"
07/05/2019,"6,4","0,02462","54.125,81"
08/05/2019,"6,4","0,02462","54.139,16"
09/05/2019,"6,4","0,02462","54.152,51"
10/05/2019,"6,4","0,02462","54.165,87"
13/05/2019,"6,4","0,02462","54.179,23"
14/05/2019,"6,4","0,02462","54.192,60"
15/05/2019,"6,4","0,02462","54.205,96"
16/05/2019,"6,4","0,02462","54.219,33"
17/05/2019,"6,4","0,02462","54.232,71"
20/05/2019,"6,4","0,02462","54.246,08"
21/05/2019,"6,4","0,02462","54.259,46"
22/05/2019,"6,4","0,02462","54.272,85"
23/05/2019,"6,4","0,02462","54.286,23"
24/05/2019,"6,4","0,02462","54.299,62"
27/05/2019,"6,4","0,02462","54.313,02"
28/05/2019,"6,4","0,02462","54.326,41"
29/05/2019,"6,4","0,02462","54.339,81"
30/05/2019,"6,4","0,02462","54.353,21"
31/05/2019,"6,4","0,02462","54.366,62"
03/06/2019,"6,4","0,02462","54.380,03"
04/06/2019,"6,4","0,02462","54.393,44"
05/06/2019,"6,4","0,02462","54.406,86"
06/06/2019,"6,4","0,02462","54.420,28"
07/06/2019,"6,4","0,02462","54.433,70"
10/06/2019,"6,4","0,02462","54.447,13"
11/06/2019,"6,4","0,02462","54.460,56"
12/06/2019,"6,4","0,02462","54.473,99"
13/06/2019,"6,4","0,02462","54.487,43"
14/06/2019,"6,4","0,02462","54.500,87"
17/06/2019,"6,4","0,02462","54.514,31"
18/06/2019,"6,4","0,02462","54.527,76"
19/06/2019,"6,4","0,02462","54.541,20"
21/06/2019,"6,4","0,02462","54.554,66"
24/06/2019,"6,4","0,02462","54.568,11"
25/06/2019,"6,4","0,02462","54.581,57"
26/06/2019,"6,4","0,02462","54.595,04"
27/06/2019,"6,4","0,02462","54.608,50"
28/06/2019,"6,4","0,02462","54.621,97"
01/07/2019,"6,4","0,02462","54.635,44"
02/07/2019,"6,4","0,02462","54.648,92"
03/07/2019,"6,4","0,02462","54.662,40"
04/07/2019,"6,4","0,02462","54.675,88"
05/07/2019,"6,4","0,02462","54.689,37"
08/07/2019,"6,4","0,02462","54.702,86"
09/07/2019,"6,4","0,02462","54.716,35"
10/07/2019,"6,4","0,02462","54.729,84"
11/07/2019,"6,4","0,02462","54.743,34"
12/07/2019,"6,4","0,02462","54.756,85"
15/07/2019,"6,4","0,02462","54.770,35"
16/07/2019,"6,4","0,02462","54.783,86"
17/07/2019,"6,4","0,02462","54.797,37"
18/07/2019,"6,4","0,02462","54.810,89"
19/07/2019,"6,4","0,02462","54.824,41"
22/07/2019,"6,4","0,02462","54.837,93"
23/07/2019,"6,4","0,02462","54.851,46"
24/07/2019,"6,4","0,02462","54.864,98"
25/07/2019,"6,4","0,02462","54.878,52"
26/07/2019,"6,4","0,02462","54.892,05"
29/07/2019,"6,4","0,02462","54.905,59"
30/07/2019,"6,4","0,02462","54.919,13"
31/07/2019,"6,4","0,02462","54.932,68"
01/08/2019,"5,9","0,022751","54.945,20"
02/08/2019,"5,9","0,022751","54.957,72"
05/08/2019,"5,9","0,022751","54.970,25"
06/08/2019,"5,9","0,022751","54.982,78"
07/08/2019,"5,9","0,022751","54.995,31"
08/08/2019,"5,9","0,022751","55.007,85"
09/08/2019,"5,9","0,022751","55.020,38"
12/08/2019,"5,9","0,022751","55.032,92"
13/08/2019,"5,9","0,022751","55.045,47"
14/08/2019,"5,9","0,022751","55.058,01"
15/08/2019,"5,9","0,022751","55.070,56"
16/08/2019,"5,9","0,022751","55.083,11"
19/08/2019,"5,9","0,022751","55.095,67"
20/08/2019,"5,9","0,022751","55.108,23"
21/08/2019,"5,9","0,022751","55.120,79"
22/08/2019,"5,9","0,022751","55.133,35"
23/08/2019,"5,9","0,022751","55.145,92"
26/08/2019,"5,9","0,022751","55.158,48"
27/08/2019,"5,9","0,022751","55.171,06"
28/08/2019,"5,9","0,022751","55.183,63"
29/08/2019,"5,9","0,022751","55.196,21"
30/08/2019,"5,9","0,022751","55.208,79"
02/09/2019,"5,9","0,022751","55.221,37"
03/09/2019,"5,9","0,022751","55.233,96"
04/09/2019,"5,9","0,022751","55.246,55"
05/09/2019,"5,9","0,022751","55.259,14"
06/09/2019,"5,9","0,022751","55.271,73"
09/09/2019,"5,9","0,022751","55.284,33"
10/09/2019,"5,9","0,022751","55.296,93"
11/09/2019,"5,9","0,022751","55.309,54"
12/09/2019,"5,9","0,022751","55.322,14"
13/09/2019,"5,9","0,022751","55.334,75"
16/09/2019,"5,9","0,022751","55.347,36"
17/09/2019,"5,9","0,022751","55.359,98"
18/09/2019,"5,9","0,022751","55.372,60"
19/09/2019,"5,4","0,020872","55.384,17"
20/09/2019,"5,4","0,020872","55.395,75"
23/09/2019,"5,4","0,020872","55.407,34"
24/09/2019,"5,4","0,020872","55.418,92"
25/09/2019,"5,4","0,020872","55.430,51"
26/09/2019,"5,4","0,020872","55.442,10"
27/09/2019,"5,4","0,020872","55.453,69"
30/09/2019,"5,4","0,020872","55.465,29"
01/10/2019,"5,4","0,020872","55.476,89"
02/10/2019,"5,4","0,020872","55.488,49"
03/10/2019,"5,4","0,020872","55.500,09"
04/10/2019,"5,4","0,020872","55.511,69"
07/10/2019,"5,4","0,020872","55.523,30"
08/10/2019,"5,4","0,020872","55.534,91"
09/10/2019,"5,4","0,020872","55.546,52"
10/10/2019,"5,4","0,020872","55.558,14"
11/10/2019,"5,4","0,020872","55.569,76"
14/10/2019,"5,4","0,020872","55.581,37"
15/10/2019,"5,4","0,020872","55.593,00"
16/10/2019,"5,4","0,020872","55.604,62"
17/10/2019,"5,4","0,020872","55.616,25"
18/10/2019,"5,4","0,020872","55.627,88"
21/10/2019,"5,4","0,020872","55.639,51"
22/10/2019,"5,4","0,020872","55.651,14"
23/10/2019,"5,4","0,020872","55.662,78"
24/10/2019,"5,4","0,020872","55.674,42"
25/10/2019,"5,4","0,020872","55.686,06"
28/10/2019,"5,4","0,020872","55.697,70"
29/10/2019,"5,4","0,020872","55.709,35"
30/10/2019,"5,4","0,020872","55.721,00"
31/10/2019,"4,9","0,018985","55.731,59"
01/11/2019,"4,9","0,018985","55.742,19"
04/11/2019,"4,9","0,018985","55.752,80"
05/11/2019,"4,9","0,018985","55.763,40"
06/11/2019,"4,9","0,018985","55.774,00"
07/11/2019,"4,9","0,018985","55.784,61"
08/11/2019,"4,9","0,018985","55.795,22"
11/11/2019,"4,9","0,018985","55.805,83"
12/11/2019,"4,9","0,018985","55.816,45"
13/11/2019,"4,9","0,018985","55.827,06"
14/11/2019,"4,9","0,018985","55.837,68"
18/11/2019,"4,9","0,018985","55.848,30"
19/11/2019,"4,9","0,018985","55.858,92"
20/11/2019,"4,9","0,018985","55.869,55"
21/11/2019,"4,9","0,018985","55.880,17"
22/11/2019,"4,9","0,018985","55.890,80"
25/11/2019,"4,9","0,018985","55.901,43"
26/11/2019,"4,9","0,018985","55.912,06"
27/11/2019,"4,9","0,018985","55.922,70"
28/11/2019,"4,9","0,018985","55.933,33"
29/11/2019,"4,9","0,018985","55.943,97"
02/12/2019,"4,9","0,018985","55.954,61"
03/12/2019,"4,9","0,018985","55.965,25"
04/12/2019,"4,9","0,018985","55.975,90"
05/12/2019,"4,9","0,018985","55.986,54"
06/12/2019,"4,9","0,018985","55.997,19"
09/12/2019,"4,9","0,018985","56.007,84"
10/12/2019,"4,9","0,018985","56.018,49"
11/12/2019,"4,9","0,018985","56.029,15"
12/12/2019,"4,4","0,017089","56.038,74"
13/12/2019,"4,4","0,017089","56.048,33"
16/12/2019,"4,4","0,017089","56.057,93"
17/12/2019,"4,4","0,017089","56.067,52"
18/12/2019,"4,4","0,017089","56.077,12"
19/12/2019,"4,4","0,017089","56.086,72"
20/12/2019,"4,4","0,017089","56.096,32"
23/12/2019,"4,4","0,017089","56.105,93"
24/12/2019,"4,4","0,017089","56.115,53"
26/12/2019,"4,4","0,017089","56.125,14"
27/12/2019,"4,4","0,017089","56.134,75"
30/12/2019,"4,4","0,017089","56.144,36"
31/12/2019,"4,4","0,017089","56.153,97"
02/01/2019,"4,4","0,017089","56.163,58"
03/01/2020,"4,4","0,017089","56.173,20"
06/01/2020,"4,4","0,017089","56.182,81"
07/01/2020,"4,4","0,017089","56.192,43"
08/01/2020,"4,4","0,017089","56.202,05"
09/01/2020,"4,4","0,017089","56.211,67"
10/01/2020,"4,4","0,017089","56.221,30"
13/01/2020,"4,4","0,017089","56.230,92"
14/01/2020,"4,4","0,017089","56.240,55"
15/01/2020,"4,4","0,017089","56.250,17"
16/01/2020,"4,4","0,017089","56.259,80"
17/01/2020,"4,4","0,017089","56.269,44"
20/01/2020,"4,4","0,017089","56.279,07"
21/01/2020,"4,4","0,017089","56.288,70"
22/01/2020,"4,4","0,017089","56.298,34"
23/01/2020,"4,4","0,017089","56.307,98"
24/01/2020,"4,4","0,017089","56.317,62"
27/01/2020,"4,4","0,017089","56.327,26"
28/01/2020,"4,4","0,017089","56.336,90"
29/01/2020,"4,4","0,017089","56.346,55"
30/01/2020,"4,4","0,017089","56.356,19"
31/01/2020,"4,4","0,017089","56.365,84"
03/02/2020,"4,4","0,017089","56.375,49"
04/02/2020,"4,4","0,017089","56.385,14"
05/02/2020,"4,4","0,017089","56.394,79"
06/02/2020,"4,15","0,016137","56.403,91"
07/02/2020,"4,15","0,016137","56.413,03"
10/02/2020,"4,15","0,016137","56.422,15"
11/02/2020,"4,15","0,016137","56.431,27"
12/02/2020,"4,15","0,016137","56.440,39"
13/02/2020,"4,15","0,016137","56.449,51"
14/02/2020,"4,15","0,016137","56.458,64"
17/02/2020,"4,15","0,016137","56.467,77"
18/02/2020,"4,15","0,016137","56.476,89"
19/02/2020,"4,15","0,016137","56.486,02"
20/02/2020,"4,15","0,016137","56.495,16"
21/02/2020,"4,15","0,016137","56.504,29"
26/02/2020,"4,15","0,016137","56.513,42"
27/02/2020,"4,15","0,016137","56.522,56"
28/02/2020,"4,15","0,016137","56.531,70"
02/03/2020,"4,15","0,016137","56.540,83"
03/03/2020,"4,15","0,016137","56.549,97"
04/03/2020,"4,15","0,016137","56.559,12"
05/03/2020,"4,15","0,016137","56.568,26"
06/03/2020,"4,15","0,016137","56.577,40"
09/03/2020,"4,15","0,016137","56.586,55"
10/03/2020,"4,15","0,016137","56.595,70"
11/03/2020,"4,15","0,016137","56.604,85"
12/03/2020,"4,15","0,016137","56.614,00"
13/03/2020,"4,15","0,016137","56.623,15"
16/03/2020,"4,15","0,016137","56.632,30"
17/03/2020,"4,15","0,016137","56.641,46"
18/03/2020,"4,15","0,016137","56.650,61"
19/03/2020,"3,65","0,014227","56.658,69"
20/03/2020,"3,65","0,014227","56.666,76"
23/03/2020,"3,65","0,014227","56.674,84"
24/03/2020,"3,65","0,014227","56.682,92"
25/03/2020,"3,65","0,014227","56.690,99"
26/03/2020,"3,65","0,014227","56.699,07"
27/03/2020,"3,65","0,014227","56.707,16"
30/03/2020,"3,65","0,014227","56.715,24"
31/03/2020,"3,65","0,014227","56.723,32"
01/04/2020,"3,65","0,014227","56.731,40"
02/04/2020,"3,65","0,014227","56.739,49"
03/04/2020,"3,65","0,014227","56.747,58"
06/04/2020,"3,65","0,014227","56.755,66"
07/04/2020,"3,65","0,014227","56.763,75"
08/04/2020,"3,65","0,014227","56.771,84"
09/04/2020,"3,65","0,014227","56.779,93"
13/04/2020,"3,65","0,014227","56.788,03"
14/04/2020,"3,65","0,014227","56.796,12"
15/04/2020,"3,65","0,014227","56.804,21"
16/04/2020,"3,65","0,014227","56.812,31"
17/04/2020,"3,65","0,014227","56.820,41"
20/04/2020,"3,65","0,014227","56.828,51"
22/04/2020,"3,65","0,014227","56.836,60"
23/04/2020,"3,65","0,014227","56.844,70"
24/04/2020,"3,65","0,014227","56.852,81"
27/04/2020,"3,65","0,014227","56.860,91"
28/04/2020,"3,65","0,014227","56.869,01"
29/04/2020,"3,65","0,014227","56.877,12"
30/04/2020,"3,65","0,014227","56.885,22"
04/05/2020,"3,65","0,014227","56.893,33"
05/05/2020,"3,65","0,014227","56.901,44"
06/05/2020,"3,65","0,014227","56.909,55"
07/05/2020,"2,9","0,011345","56.916,02"
08/05/2020,"2,9","0,011345","56.922,49"
11/05/2020,"2,9","0,011345","56.928,95"
12/05/2020,"2,9","0,011345","56.935,42"
13/05/2020,"2,9","0,011345","56.941,90"
14/05/2020,"2,9","0,011345","56.948,37"
15/05/2020,"2,9","0,011345","56.954,84"
18/05/2020,"2,9","0,011345","56.961,31"
19/05/2020,"2,9","0,011345","56.967,79"
20/05/2020,"2,9","0,011345","56.974,26"
21/05/2020,"2,9","0,011345","56.980,73"
22/05/2020,"2,9","0,011345","56.987,21"
25/05/2020,"2,9","0,011345","56.993,69"
26/05/2020,"2,9","0,011345","57.000,16"
27/05/2020,"2,9","0,011345","57.006,64"
28/05/2020,"2,9","0,011345","57.013,12"
29/05/2020,"2,9","0,011345","57.019,60"
01/06/2020,"2,9","0,011345","57.026,08"
02/06/2020,"2,9","0,011345","57.032,56"
03/06/2020,"2,9","0,011345","57.039,04"
04/06/2020,"2,9","0,011345","57.045,53"
05/06/2020,"2,9","0,011345","57.052,01"
08/06/2020,"2,9","0,011345","57.058,49"
09/06/2020,"2,9","0,011345","57.064,98"
10/06/2020,"2,9","0,011345","57.071,46"
12/06/2020,"2,9","0,011345","57.077,95"
15/06/2020,"2,9","0,011345","57.084,44"
16/06/2020,"2,9","0,011345","57.090,92"
17/06/2020,"2,9","0,011345","57.097,41"
18/06/2020,"2,15","0,008442","57.102,24"
19/06/2020,"2,15","0,008442","57.107,07"
22/06/2020,"2,15","0,008442","57.111,90"
23/06/2020,"2,15","0,008442","57.116,73"
24/06/2020,"2,15","0,008442","57.121,56"
25/06/2020,"2,15","0,008442","57.126,39"
26/06/2020,"2,15","0,008442","57.131,22"
29/06/2020,"2,15","0,008442","57.136,05"
30/06/2020,"2,15","0,008442","57.140,88"
01/07/2020,"2,15","0,008442","57.145,72"
02/07/2020,"2,15","0,008442","57.150,55"
03/07/2020,"2,15","0,008442","57.155,38"
06/07/2020,"2,15","0,008442","57.160,22"
07/07/2020,"2,15","0,008442","57.165,05"
08/07/2020,"2,15","0,008442","57.169,88"
09/07/2020,"2,15","0,008442","57.174,72"
10/07/2020,"2,15","0,008442","57.179,55"
13/07/2020,"2,15","0,008442","57.184,39"
14/07/2020,"2,15","0,008442","57.189,22"
15/07/2020,"2,15","0,008442","57.194,06"
16/07/2020,"2,15","0,008442","57.198,90"
17/07/2020,"2,15","0,008442","57.203,74"
20/07/2020,"2,15","0,008442","57.208,57"
21/07/2020,"2,15","0,008442","57.213,41"
22/07/2020,"2,15","0,008442","57.218,25"
23/07/2020,"2,15","0,008442","57.223,09"
24/07/2020,"2,15","0,008442","57.227,93"
27/07/2020,"2,15","0,008442","57.232,77"
28/07/2020,"2,15","0,008442","57.237,61"
29/07/2020,"2,15","0,008442","57.242,45"
30/07/2020,"2,15","0,008442","57.247,29"
31/07/2020,"2,15","0,008442","57.252,13"
03/08/2020,"2,15","0,008442","57.256,97"
04/08/2020,"2,15","0,008442","57.261,81"
05/08/2020,"2,15","0,008442","57.266,66"
06/08/2020,"1,9","0,007469","57.270,94"
07/08/2020,"1,9","0,007469","57.275,23"
10/08/2020,"1,9","0,007469","57.279,51"
11/08/2020,"1,9","0,007469","57.283,80"
12/08/2020,"1,9","0,007469","57.288,08"
13/08/2020,"1,9","0,007469","57.292,37"
14/08/2020,"1,9","0,007469","57.296,66"
17/08/2020,"1,9","0,007469","57.300,94"
18/08/2020,"1,9","0,007469","57.305,23"
19/08/2020,"1,9","0,007469","57.309,52"
20/08/2020,"1,9","0,007469","57.313,81"
21/08/2020,"1,9","0,007469","57.318,09"
24/08/2020,"1,9","0,007469","57.322,38"
25/08/2020,"1,9","0,007469","57.326,67"
26/08/2020,"1,9","0,007469","57.330,96"
27/08/2020,"1,9","0,007469","57.335,25"
28/08/2020,"1,9","0,007469","57.339,54"
31/08/2020,"1,9","0,007469","57.343,83"
01/09/2020,"1,9","0,007469","57.348,12"
02/09/2020,"1,9","0,007469","57.352,41"
03/09/2020,"1,9","0,007469","57.356,70"
04/09/2020,"1,9","0,007469","57.360,99"
08/09/2020,"1,9","0,007469","57.365,29"
09/09/2020,"1,9","0,007469","57.369,58"
10/09/2020,"1,9","0,007469","57.373,87"
11/09/2020,"1,9","0,007469","57.378,16"
14/09/2020,"1,9","0,007469","57.382,46"
15/09/2020,"1,9","0,007469","57.386,75"
16/09/2020,"1,9","0,007469","57.391,04"
17/09/2020,"1,9","0,007469","57.395,34"
18/09/2020,"1,9","0,007469","57.399,63"
21/09/2020,"1,9","0,007469","57.403,93"
22/09/2020,"1,9","0,007469","57.408,22"
23/09/2020,"1,9","0,007469","57.412,52"
24/09/2020,"1,9","0,007469","57.416,81"
25/09/2020,"1,9","0,007469","57.421,11"
28/09/2020,"1,9","0,007469","57.425,40"
29/09/2020,"1,9","0,007469","57.429,70"
30/09/2020,"1,9","0,007469","57.434,00"
01/10/2020,"1,9","0,007469","57.438,29"
02/10/2020,"1,9","0,007469","57.442,59"
05/10/2020,"1,9","0,007469","57.446,89"
06/10/2020,"1,9","0,007469","57.451,19"
07/10/2020,"1,9","0,007469","57.455,49"
08/10/2020,"1,9","0,007469","57.459,79"
09/10/2020,"1,9","0,007469","57.464,08"
13/10/2020,"1,9","0,007469","57.468,38"
14/10/2020,"1,9","0,007469","57.472,68"
15/10/2020,"1,9","0,007469","57.476,98"
16/10/2020,"1,9","0,007469","57.481,28"
19/10/2020,"1,9","0,007469","57.485,58"
20/10/2020,"1,9","0,007469","57.489,89"
21/10/2020,"1,9","0,007469","57.494,19"
22/10/2020,"1,9","0,007469","57.498,49"
23/10/2020,"1,9","0,007469","57.502,79"
26/10/2020,"1,9","0,007469","57.507,09"
27/10/2020,"1,9","0,007469","57.511,40"
28/10/2020,"1,9","0,007469","57.515,70"
29/10/2020,"1,9","0,007469","57.520,00"
30/10/2020,"1,9","0,007469","57.524,31"
03/11/2020,"1,9","0,007469","57.528,61"
04/11/2020,"1,9","0,007469","57.532,91"
05/11/2020,"1,9","0,007469","57.537,22"
06/11/2020,"1,9","0,007469","57.541,52"
09/11/2020,"1,9","0,007469","57.545,83"
10/11/2020,"1,9","0,007469","57.550,13"
11/11/2020,"1,9","0,007469","57.554,44"
12/11/2020,"1,9","0,007469","57.558,75"
13/11/2020,"1,9","0,007469","57.563,05"
16/11/2020,"1,9","0,007469","57.567,36"
17/11/2020,"1,9","0,007469","57.571,67"
18/11/2020,"1,9","0,007469","57.575,97"
19/11/2020,"1,9","0,007469","57.580,28"
20/11/2020,"1,9","0,007469","57.584,59"
23/11/2020,"1,9","0,007469","57.588,90"
24/11/2020,"1,9","0,007469","57.593,21"
25/11/2020,"1,9","0,007469","57.597,52"
26/11/2020,"1,9","0,007469","57.601,83"
27/11/2020,"1,9","0,007469","57.606,14"
30/11/2020,"1,9","0,007469","57.610,45"
01/12/2020,"1,9","0,007469","57.614,76"
02/12/2020,"1,9","0,007469","57.619,07"
03/12/2020,"1,9","0,007469","57.623,38"
04/12/2020,"1,9","0,007469","57.627,69"
07/12/2020,"1,9","0,007469","57.632,00"
08/12/2020,"1,9","0,007469","57.636,31"
09/12/2020,"1,9","0,007469","57.640,63"
10/12/2020,"1,9","0,007469","57.644,94"
11/12/2020,"1,9","0,007469","57.649,25"
14/12/2020,"1,9","0,007469","57.653,56"
15/12/2020,"1,9","0,007469","57.657,88"
16/12/2020,"1,9","0,007469","57.662,19"
17/12/2020,"1,9","0,007469","57.666,51"
18/12/2020,"1,9","0,007469","57.670,82"
21/12/2020,"1,9","0,007469","57.675,14"
22/12/2020,"1,9","0,007469","57.679,45"
23/12/2020,"1,9","0,007469","57.683,77"
24/12/2020,"1,9","0,007469","57.688,08"
28/12/2020,"1,9","0,007469","57.692,40"
29/12/2020,"1,9","0,007469","57.696,72"
30/12/2020,"1,9","0,007469","57.701,03"
31/12/2020,"1,9","0,007469","57.705,35"
02/01/2020,"1,9","0,007469","57.709,67"
05/01/2021,"1,9","0,007469","57.713,98"
06/01/2021,"1,9","0,007469","57.718,30"
07/01/2021,"1,9","0,007469","57.722,62"
08/01/2021,"1,9","0,007469","57.726,94"
11/01/2021,"1,9","0,007469","57.731,26"
12/01/2021,"1,9","0,007469","57.735,58"
13/01/2021,"1,9","0,007469","57.739,90"
14/01/2021,"1,9","0,007469","57.744,22"
15/01/2021,"1,9","0,007469","57.748,54"
18/01/2021,"1,9","0,007469","57.752,86"
19/01/2021,"1,9","0,007469","57.757,18"
20/01/2021,"1,9","0,007469","57.761,50"
21/01/2021,"1,9","0,007469","57.765,82"
22/01/2021,"1,9","0,007469","57.770,15"
25/01/2021,"1,9","0,007469","57.774,47"
26/01/2021,"1,9","0,007469","57.778,79"
27/01/2021,"1,9","0,007469","57.783,11"
28/01/2021,"1,9","0,007469","57.787,44"
29/01/2021,"1,9","0,007469","57.791,76"
01/02/2021,"1,9","0,007469","57.796,08"
02/02/2021,"1,9","0,007469","57.800,41"
03/02/2021,"1,9","0,007469","57.804,73"
04/02/2021,"1,9","0,007469","57.809,06"
05/02/2021,"1,9","0,007469","57.813,38"
08/02/2021,"1,9","0,007469","57.817,71"
09/02/2021,"1,9","0,007469","57.822,03"
10/02/2021,"1,9","0,007469","57.826,36"
11/02/2021,"1,9","0,007469","57.830,69"
12/02/2021,"1,9","0,007469","57.835,01"
17/02/2021,"1,9","0,007469","57.839,34"
18/02/2021,"1,9","0,007469","57.843,67"
19/02/2021,"1,9","0,007469","57.848,00"
22/02/2021,"1,9","0,007469","57.852,32"
23/02/2021,"1,9","0,007469","57.856,65"
24/02/2021,"1,9","0,007469","57.860,98"
25/02/2021,"1,9","0,007469","57.865,31"
26/02/2021,"1,9","0,007469","57.869,64"
01/03/2021,"1,9","0,007469","57.873,97"
02/03/2021,"1,9","0,007469","57.878,30"
03/03/2021,"1,9","0,007469","57.882,63"
04/03/2021,"1,9","0,007469","57.886,96"
05/03/2021,"1,9","0,007469","57.891,29"
08/03/2021,"1,9","0,007469","57.895,62"
09/03/2021,"1,9","0,007469","57.899,96"
10/03/2021,"1,9","0,007469","57.904,29"
11/03/2021,"1,9","0,007469","57.908,62"
12/03/2021,"1,9","0,007469","57.912,95"
15/03/2021,"1,9","0,007469","57.917,29"
16/03/2021,"1,9","0,007469","57.921,62"
17/03/2021,"1,9","0,007469","57.925,95"
18/03/2021,"2,65","0,010379","57.931,97"
19/03/2021,"2,65","0,010379","57.938,00"
22/03/2021,"2,65","0,010379","57.944,02"
23/03/2021,"2,65","0,010379","57.950,05"
24/03/2021,"2,65","0,010379","57.956,07"
25/03/2021,"2,65","0,010379","57.962,10"
26/03/2021,"2,65","0,010379","57.968,12"
29/03/2021,"2,65","0,010379","57.974,15"
30/03/2021,"2,65","0,010379","57.980,18"
31/03/2021,"2,65","0,010379","57.986,21"
01/04/2021,"2,65","0,010379","57.992,23"
05/04/2021,"2,65","0,010379","57.998,26"
06/04/2021,"2,65","0,010379","58.004,29"
07/04/2021,"2,65","0,010379","58.010,32"
08/04/2021,"2,65","0,010379","58.016,36"
09/04/2021,"2,65","0,010379","58.022,39"
12/04/2021,"2,65","0,010379","58.028,42"
13/04/2021,"2,65","0,010379","58.034,45"
14/04/2021,"2,65","0,010379","58.040,49"
15/04/2021,"2,65","0,010379","58.046,52"
16/04/2021,"2,65","0,010379","58.052,56"
19/04/2021,"2,65","0,010379","58.058,59"
20/04/2021,"2,65","0,010379","58.064,63"
22/04/2021,"2,65","0,010379","58.070,67"
23/04/2021,"2,65","0,010379","58.076,70"
26/04/2021,"2,65","0,010379","58.082,74"
27/04/2021,"2,65","0,010379","58.088,78"
28/04/2021,"2,65","0,010379","58.094,82"
29/04/2021,"2,65","0,010379","58.100,86"
30/04/2021,"2,65","0,010379","58.106,90"
03/05/2021,"2,65","0,010379","58.112,94"
04/05/2021,"2,65","0,010379","58.118,98"
05/05/2021,"2,65","0,010379","58.125,03"
06/05/2021,"3,4","0,013269","58.132,75"
07/05/2021,"3,4","0,013269","58.140,48"
10/05/2021,"3,4","0,013269","58.148,21"
11/05/2021,"3,4","0,013269","58.155,94"
12/05/2021,"3,4","0,013269","58.163,67"
13/05/2021,"3,4","0,013269","58.171,40"
14/05/2021,"3,4","0,013269","58.179,13"
17/05/2021,"3,4","0,013269","58.186,86"
18/05/2021,"3,4","0,013269","58.194,60"
19/05/2021,"3,4","0,013269","58.202,33"
20/05/2021,"3,4","0,013269","58.210,07"
21/05/2021,"3,4","0,013269","58.217,80"
24/05/2021,"3,4","0,013269","58.225,54"
25/05/2021,"3,4","0,013269","58.233,28"
26/05/2021,"3,4","0,013269","58.241,02"
27/05/2021,"3,4","0,013269","58.248,76"
28/05/2021,"3,4","0,013269","58.256,51"
31/05/2021,"3,4","0,013269","58.264,25"
01/06/2021,"3,4","0,013269","58.271,99"
02/06/2021,"3,4","0,013269","58.279,74"
04/06/2021,"3,4","0,013269","58.287,48"
07/06/2021,"3,4","0,013269","58.295,23"
08/06/2021,"3,4","0,013269","58.302,98"
09/06/2021,"3,4","0,013269","58.310,73"
10/06/2021,"3,4","0,013269","58.318,48"
11/06/2021,"3,4","0,013269","58.326,23"
14/06/2021,"3,4","0,013269","58.333,98"
15/06/2021,"3,4","0,013269","58.341,74"
16/06/2021,"3,4","0,013269","58.349,49"
17/06/2021,"4,15","0,016137","58.358,92"
18/06/2021,"4,15","0,016137","58.368,36"
21/06/2021,"4,15","0,016137","58.377,79"
22/06/2021,"4,15","0,016137","58.387,23"
23/06/2021,"4,15","0,016137","58.396,67"
24/06/2021,"4,15","0,016137","58.406,11"
25/06/2021,"4,15","0,016137","58.415,55"
28/06/2021,"4,15","0,016137","58.424,99"
29/06/2021,"4,15","0,016137","58.434,44"
30/06/2021,"4,15","0,016137","58.443,88"
01/07/2021,"4,15","0,016137","58.453,33"
02/07/2021,"4,15","0,016137","58.462,78"
05/07/2021,"4,15","0,016137","58.472,23"
06/07/2021,"4,15","0,016137","58.481,68"
07/07/2021,"4,15","0,016137","58.491,13"
08/07/2021,"4,15","0,016137","58.500,59"
09/07/2021,"4,15","0,016137","58.510,04"
12/07/2021,"4,15","0,016137","58.519,50"
13/07/2021,"4,15","0,016137","58.528,96"
14/07/2021,"4,15","0,016137","58.538,42"
15/07/2021,"4,15","0,016137","58.547,88"
16/07/2021,"4,15","0,016137","58.557,35"
19/07/2021,"4,15","0,016137","58.566,81"
20/07/2021,"4,15","0,016137","58.576,28"
21/07/2021,"4,15","0,016137","58.585,75"
22/07/2021,"4,15","0,016137","58.595,22"
23/07/2021,"4,15","0,016137","58.604,69"
26/07/2021,"4,15","0,016137","58.614,16"
27/07/2021,"4,15","0,016137","58.623,64"
28/07/2021,"4,15","0,016137","58.633,12"
29/07/2021,"4,15","0,016137","58.642,59"
30/07/2021,"4,15","0,016137","58.652,07"
02/08/2021,"4,15","0,016137","58.661,55"
03/08/2021,"4,15","0,016137","58.671,04"
04/08/2021,"4,15","0,016137","58.680,52"
05/08/2021,"5,15","0,01993","58.692,23"
06/08/2021,"5,15","0,01993","58.703,95"
09/08/2021,"5,15","0,01993","58.715,67"
10/08/2021,"5,15","0,01993","58.727,39"
11/08/2021,"5,15","0,01993","58.739,12"
12/08/2021,"5,15","0,01993","58.750,84"
13/08/2021,"5,15","0,01993","58.762,57"
16/08/2021,"5,15","0,01993","58.774,31"
17/08/2021,"5,15","0,01993","58.786,04"
18/08/2021,"5,15","0,01993","58.797,77"
19/08/2021,"5,15","0,01993","58.809,51"
20/08/2021,"5,15","0,01993","58.821,25"
23/08/2021,"5,15","0,01993","58.833,00"
24/08/2021,"5,15","0,01993","58.844,74"
25/08/2021,"5,15","0,01993","58.856,49"
26/08/2021,"5,15","0,01993","58.868,24"
27/08/2021,"5,15","0,01993","58.879,99"
30/08/2021,"5,15","0,01993","58.891,75"
31/08/2021,"5,15","0,01993","58.903,50"
01/09/2021,"5,15","0,01993","58.915,26"
02/09/2021,"5,15","0,01993","58.927,03"
03/09/2021,"5,15","0,01993","58.938,79"
06/09/2021,"5,15","0,01993","58.950,56"
08/09/2021,"5,15","0,01993","58.962,32"
09/09/2021,"5,15","0,01993","58.974,10"
10/09/2021,"5,15","0,01993","58.985,87"
13/09/2021,"5,15","0,01993","58.997,64"
14/09/2021,"5,15","0,01993","59.009,42"
15/09/2021,"5,15","0,01993","59.021,20"
16/09/2021,"5,15","0,01993","59.032,99"
17/09/2021,"5,15","0,01993","59.044,77"
20/09/2021,"5,15","0,01993","59.056,56"
21/09/2021,"5,15","0,01993","59.068,35"
22/09/2021,"5,15","0,01993","59.080,14"
23/09/2021,"6,15","0,023687","59.094,16"
24/09/2021,"6,15","0,023687","59.108,18"
27/09/2021,"6,15","0,023687","59.122,21"
28/09/2021,"6,15","0,023687","59.136,23"
29/09/2021,"6,15","0,023687","59.150,26"
30/09/2021,"6,15","0,023687","59.164,30"
01/10/2021,"6,15","0,023687","59.178,34"
04/10/2021,"6,15","0,023687","59.192,38"
05/10/2021,"6,15","0,023687","59.206,42"
06/10/2021,"6,15","0,023687","59.220,47"
07/10/2021,"6,15","0,023687","59.234,52"
08/10/2021,"6,15","0,023687","59.248,58"
11/10/2021,"6,15","0,023687","59.262,63"
13/10/2021,"6,15","0,023687","59.276,70"
14/10/2021,"6,15","0,023687","59.290,76"
15/10/2021,"6,15","0,023687","59.304,83"
18/10/2021,"6,15","0,023687","59.318,90"
19/10/2021,"6,15","0,023687","59.332,97"
20/10/2021,"6,15","0,023687","59.347,05"
21/10/2021,"6,15","0,023687","59.361,13"
22/10/2021,"6,15","0,023687","59.375,22"
25/10/2021,"6,15","0,023687","59.389,31"
26/10/2021,"6,15","0,023687","59.403,40"
27/10/2021,"6,15","0,023687","59.417,49"
28/10/2021,"7,65","0,029256","59.434,90"
29/10/2021,"7,65","0,029256","59.452,32"
01/11/2021,"7,65","0,029256","59.469,74"
03/11/2021,"7,65","0,029256","59.487,17"
04/11/2021,"7,65","0,029256","59.504,60"
05/11/2021,"7,65","0,029256","59.522,04"
08/11/2021,"7,65","0,029256","59.539,49"
09/11/2021,"7,65","0,029256","59.556,93"
10/11/2021,"7,65","0,029256","59.574,39"
11/11/2021,"7,65","0,029256","59.591,84"
12/11/2021,"7,65","0,029256","59.609,31"
16/11/2021,"7,65","0,029256","59.626,78"
17/11/2021,"7,65","0,029256","59.644,25"
18/11/2021,"7,65","0,029256","59.661,73"
19/11/2021,"7,65","0,029256","59.679,21"
22/11/2021,"7,65","0,029256","59.696,70"
23/11/2021,"7,65","0,029256","59.714,20"
24/11/2021,"7,65","0,029256","59.731,70"
25/11/2021,"7,65","0,029256","59.749,20"
26/11/2021,"7,65","0,029256","59.766,71"
29/11/2021,"7,65","0,029256","59.784,22"
30/11/2021,"7,65","0,029256","59.801,74"
01/12/2021,"7,65","0,029256","59.819,27"
02/12/2021,"7,65","0,029256","59.836,80"
03/12/2021,"7,65","0,029256","59.854,33"
06/12/2021,"7,65","0,029256","59.871,87"
07/12/2021,"7,65","0,029256","59.889,42"
08/12/2021,"7,65","0,029256","59.906,97"
09/12/2021,"9,15","0,034749","59.927,82"
10/12/2021,"9,15","0,034749","59.948,68"
13/12/2021,"9,15","0,034749","59.969,55"
14/12/2021,"9,15","0,034749","59.990,42"
15/12/2021,"9,15","0,034749","60.011,30"
16/12/2021,"9,15","0,034749","60.032,19"
17/12/2021,"9,15","0,034749","60.053,08"
20/12/2021,"9,15","0,034749","60.073,99"
21/12/2021,"9,15","0,034749","60.094,90"
22/12/2021,"9,15","0,034749","60.115,81"
23/12/2021,"9,15","0,034749","60.136,74"
24/12/2021,"9,15","0,034749","60.157,67"
27/12/2021,"9,15","0,034749","60.178,61"
28/12/2021,"9,15","0,034749","60.199,56"
29/12/2021,"9,15","0,034749","60.220,51"
30/12/2021,"9,15","0,034749","60.241,47"
31/12/2021,"9,15","0,034749","60.262,44"
04/01/2021,"9,15","0,034749","60.283,41"
04/01/2022,"9,15","0,034749","60.304,40"
05/01/2022,"9,15","0,034749","60.325,39"
06/01/2022,"9,15","0,034749","60.346,38"
07/01/2022,"9,15","0,034749","60.367,39"
10/01/2022,"9,15","0,034749","60.388,40"
11/01/2022,"9,15","0,034749","60.409,42"
12/01/2022,"9,15","0,034749","60.430,45"
13/01/2022,"9,15","0,034749","60.451,48"
14/01/2022,"9,15","0,034749","60.472,52"
17/01/2022,"9,15","0,034749","60.493,57"
18/01/2022,"9,15","0,034749","60.514,62"
19/01/2022,"9,15","0,034749","60.535,69"
20/01/2022,"9,15","0,034749","60.556,76"
21/01/2022,"9,15","0,034749","60.577,83"
24/01/2022,"9,15","0,034749","60.598,92"
25/01/2022,"9,15","0,034749","60.620,01"
26/01/2022,"9,15","0,034749","60.641,11"
27/01/2022,"9,15","0,034749","60.662,22"
28/01/2022,"9,15","0,034749","60.683,33"
31/01/2022,"9,15","0,034749","60.704,45"
01/02/2022,"9,15","0,034749","60.725,58"
02/02/2022,"9,15","0,034749","60.746,72"
03/02/2022,"10,65","0,040168","60.771,16"
04/02/2022,"10,65","0,040168","60.795,61"
07/02/2022,"10,65","0,040168","60.820,07"
08/02/2022,"10,65","0,040168","60.844,54"
09/02/2022,"10,65","0,040168","60.869,02"
10/02/2022,"10,65","0,040168","60.893,51"
11/02/2022,"10,65","0,040168","60.918,01"
14/02/2022,"10,65","0,040168","60.942,52"
15/02/2022,"10,65","0,040168","60.967,04"
16/02/2022,"10,65","0,040168","60.991,57"
17/02/2022,"10,65","0,040168","61.016,11"
18/02/2022,"10,65","0,040168","61.040,66"
21/02/2022,"10,65","0,040168","61.065,22"
22/02/2022,"10,65","0,040168","61.089,79"
23/02/2022,"10,65","0,040168","61.114,37"
24/02/2022,"10,65","0,040168","61.138,95"
25/02/2022,"10,65","0,040168","61.163,55"
02/03/2022,"10,65","0,040168","61.188,16"
03/03/2022,"10,65","0,040168","61.212,78"
04/03/2022,"10,65","0,040168","61.237,41"
07/03/2022,"10,65","0,040168","61.262,05"
08/03/2022,"10,65","0,040168","61.286,69"
09/03/2022,"10,65","0,040168","61.311,35"
10/03/2022,"10,65","0,040168","61.336,02"
11/03/2022,"10,65","0,040168","61.360,70"
14/03/2022,"10,65","0,040168","61.385,38"
15/03/2022,"10,65","0,040168","61.410,08"
16/03/2022,"10,65","0,040168","61.434,79"
17/03/2022,"11,65","0,043739","61.461,70"
18/03/2022,"11,65","0,043739","61.488,63"
21/03/2022,"11,65","0,043739","61.515,57"
22/03/2022,"11,65","0,043739","61.542,52"
23/03/2022,"11,65","0,043739","61.569,48"
24/03/2022,"11,65","0,043739","61.596,45"
25/03/2022,"11,65","0,043739","61.623,44"
28/03/2022,"11,65","0,043739","61.650,44"
29/03/2022,"11,65","0,043739","61.677,45"
30/03/2022,"11,65","0,043739","61.704,47"
31/03/2022,"11,65","0,043739","61.731,50"
01/04/2022,"11,65","0,043739","61.758,54"
04/04/2022,"11,65","0,043739","61.785,60"
05/04/2022,"11,65","0,043739","61.812,67"
06/04/2022,"11,65","0,043739","61.839,75"
07/04/2022,"11,65","0,043739","61.866,84"
08/04/2022,"11,65","0,043739","61.893,94"
11/04/2022,"11,65","0,043739","61.921,06"
12/04/2022,"11,65","0,043739","61.948,19"
13/04/2022,"11,65","0,043739","61.975,33"
14/04/2022,"11,65","0,043739","62.002,48"
18/04/2022,"11,65","0,043739","62.029,64"
19/04/2022,"11,65","0,043739","62.056,81"
20/04/2022,"11,65","0,043739","62.084,00"
22/04/2022,"11,65","0,043739","62.111,20"
25/04/2022,"11,65","0,043739","62.138,41"
26/04/2022,"11,65","0,043739","62.165,63"
27/04/2022,"11,65","0,043739","62.192,87"
28/04/2022,"11,65","0,043739","62.220,11"
29/04/2022,"11,65","0,043739","62.247,37"
02/05/2022,"11,65","0,043739","62.274,64"
03/05/2022,"11,65","0,043739","62.301,92"
04/05/2022,"11,65","0,043739","62.329,22"
05/05/2022,"12,65","0,047279","62.358,73"
06/05/2022,"12,65","0,047279","62.388,26"
09/05/2022,"12,65","0,047279","62.417,81"
10/05/2022,"12,65","0,047279","62.447,37"
11/05/2022,"12,65","0,047279","62.476,94"
12/05/2022,"12,65","0,047279","62.506,52"
13/05/2022,"12,65","0,047279","62.536,12"
16/05/2022,"12,65","0,047279","62.565,74"
17/05/2022,"12,65","0,047279","62.595,36"
18/05/2022,"12,65","0,047279","62.625,01"
19/05/2022,"12,65","0,047279","62.654,66"
20/05/2022,"12,65","0,047279","62.684,33"
23/05/2022,"12,65","0,047279","62.714,02"
24/05/2022,"12,65","0,047279","62.743,71"
25/05/2022,"12,65","0,047279","62.773,42"
26/05/2022,"12,65","0,047279","62.803,15"
27/05/2022,"12,65","0,047279","62.832,89"
30/05/2022,"12,65","0,047279","62.862,64"
31/05/2022,"12,65","0,047279","62.892,41"
01/06/2022,"12,65","0,047279","62.922,20"
02/06/2022,"12,65","0,047279","62.951,99"
03/06/2022,"12,65","0,047279","62.981,80"
06/06/2022,"12,65","0,047279","63.011,63"
07/06/2022,"12,65","0,047279","63.041,46"
08/06/2022,"12,65","0,047279","63.071,32"
09/06/2022,"12,65","0,047279","63.101,18"
10/06/2022,"12,65","0,047279","63.131,07"
13/06/2022,"12,65","0,047279","63.160,96"
14/06/2022,"12,65","0,047279","63.190,87"
15/06/2022,"12,65","0,047279","63.220,79"
17/06/2022,"13,15","0,049037","63.251,84"
20/06/2022,"13,15","0,049037","63.282,91"
21/06/2022,"13,15","0,049037","63.313,99"
22/06/2022,"13,15","0,049037","63.345,09"
23/06/2022,"13,15","0,049037","63.376,20"
24/06/2022,"13,15","0,049037","63.407,32"
27/06/2022,"13,15","0,049037","63.438,47"
28/06/2022,"13,15","0,049037","63.469,62"
29/06/2022,"13,15","0,049037","63.500,80"
30/06/2022,"13,15","0,049037","63.531,98"
01/07/2022,"13,15","0,049037","63.563,19"
04/07/2022,"13,15","0,049037","63.594,41"
05/07/2022,"13,15","0,049037","63.625,64"
06/07/2022,"13,15","0,049037","63.656,89"
07/07/2022,"13,15","0,049037","63.688,15"
08/07/2022,"13,15","0,049037","63.719,43"
11/07/2022,"13,15","0,049037","63.750,73"
12/07/2022,"13,15","0,049037","63.782,04"
13/07/2022,"13,15","0,049037","63.813,37"
14/07/2022,"13,15","0,049037","63.844,71"
15/07/2022,"13,15","0,049037","63.876,06"
18/07/2022,"13,15","0,049037","63.907,43"
19/07/2022,"13,15","0,049037","63.938,82"
20/07/2022,"13,15","0,049037","63.970,22"
21/07/2022,"13,15","0,049037","64.001,64"
22/07/2022,"13,15","0,049037","64.033,08"
25/07/2022,"13,15","0,049037","64.064,53"
26/07/2022,"13,15","0,049037","64.095,99"
27/07/2022,"13,15","0,049037","64.127,47"
28/07/2022,"13,15","0,049037","64.158,96"
29/07/2022,"13,15","0,049037","64.190,48"
01/08/2022,"13,15","0,049037","64.222,00"
02/08/2022,"13,15","0,049037","64.253,54"
03/08/2022,"13,15","0,049037","64.285,10"
04/08/2022,"13,65","0,050788","64.317,80"
05/08/2022,"13,65","0,050788","64.350,52"
08/08/2022,"13,65","0,050788","64.383,25"
09/08/2022,"13,65","0,050788","64.416,00"
10/08/2022,"13,65","0,050788","64.448,77"
11/08/2022,"13,65","0,050788","64.481,55"
12/08/2022,"13,65","0,050788","64.514,35"
15/08/2022,"13,65","0,050788","64.547,16"
16/08/2022,"13,65","0,050788","64.580,00"
17/08/2022,"13,65","0,050788","64.612,85"
18/08/2022,"13,65","0,050788","64.645,71"
19/08/2022,"13,65","0,050788","64.678,60"
22/08/2022,"13,65","0,050788","64.711,50"
23/08/2022,"13,65","0,050788","64.744,41"
24/08/2022,"13,65","0,050788","64.777,35"
25/08/2022,"13,65","0,050788","64.810,30"
26/08/2022,"13,65","0,050788","64.843,26"
29/08/2022,"13,65","0,050788","64.876,25"
30/08/2022,"13,65","0,050788","64.909,25"
31/08/2022,"13,65","0,050788","64.942,26"
01/09/2022,"13,65","0,050788","64.975,30"
02/09/2022,"13,65","0,050788","65.008,35"
05/09/2022,"13,65","0,050788","65.041,41"
06/09/2022,"13,65","0,050788","65.074,50"
08/09/2022,"13,65","0,050788","65.107,60"
09/09/2022,"13,65","0,050788","65.140,72"
12/09/2022,"13,65","0,050788","65.173,85"
13/09/2022,"13,65","0,050788","65.207,00"
14/09/2022,"13,65","0,050788","65.240,17"
15/09/2022,"13,65","0,050788","65.273,36"
16/09/2022,"13,65","0,050788","65.306,56"
19/09/2022,"13,65","0,050788","65.339,78"
20/09/2022,"13,65","0,050788","65.373,01"
21/09/2022,"13,65","0,050788","65.406,26"
22/09/2022,"13,65","0,050788","65.439,53"
23/09/2022,"13,65","0,050788","65.472,82"
26/09/2022,"13,65","0,050788","65.506,12"
27/09/2022,"13,65","0,050788","65.539,44"
28/09/2022,"13,65","0,050788","65.572,78"
29/09/2022,"13,65","0,050788","65.606,13"
30/09/2022,"13,65","0,050788","65.639,50"
03/10/2022,"13,65","0,050788","65.672,89"
04/10/2022,"13,65","0,050788","65.706,30"
05/10/2022,"13,65","0,050788","65.739,72"
06/10/2022,"13,65","0,050788","65.773,16"
07/10/2022,"13,65","0,050788","65.806,61"
10/10/2022,"13,65","0,050788","65.840,09"
11/10/2022,"13,65","0,050788","65.873,58"
13/10/2022,"13,65","0,050788","65.907,08"
14/10/2022,"13,65","0,050788","65.940,61"
17/10/2022,"13,65","0,050788","65.974,15"
18/10/2022,"13,65","0,050788","66.007,70"
19/10/2022,"13,65","0,050788","66.041,28"
20/10/2022,"13,65","0,050788","66.074,87"
21/10/2022,"13,65","0,050788","66.108,48"
24/10/2022,"13,65","0,050788","66.142,11"
25/10/2022,"13,65","0,050788","66.175,75"
26/10/2022,"13,65","0,050788","66.209,41"
27/10/2022,"13,65","0,050788","66.243,09"
28/10/2022,"13,65","0,050788","66.276,78"
31/10/2022,"13,65","0,050788","66.310,49"
01/11/2022,"13,65","0,050788","66.344,22"
03/11/2022,"13,65","0,050788","66.377,97"
04/11/2022,"13,65","0,050788","66.411,73"
07/11/2022,"13,65","0,050788","66.445,51"
08/11/2022,"13,65","0,050788","66.479,31"
09/11/2022,"13,65","0,050788","66.513,12"
10/11/2022,"13,65","0,050788","66.546,95"
11/11/2022,"13,65","0,050788","66.580,80"
14/11/2022,"13,65","0,050788","66.614,67"
16/11/2022,"13,65","0,050788","66.648,55"
17/11/2022,"13,65","0,050788","66.682,45"
18/11/2022,"13,65","0,050788","66.716,37"
21/11/2022,"13,65","0,050788","66.750,30"
22/11/2022,"13,65","0,050788","66.784,25"
23/11/2022,"13,65","0,050788","66.818,22"
24/11/2022,"13,65","0,050788","66.852,21"
25/11/2022,"13,65","0,050788","66.886,21"
28/11/2022,"13,65","0,050788","66.920,23"
29/11/2022,"13,65","0,050788","66.954,27"
30/11/2022,"13,65","0,050788","66.988,33"
01/12/2022,"13,65","0,050788","67.022,40"
02/12/2022,"13,65","0,050788","67.056,49"
05/12/2022,"13,65","0,050788","67.090,60"
06/12/2022,"13,65","0,050788","67.124,72"
07/12/2022,"13,65","0,050788","67.158,87"
08/12/2022,"13,65","0,050788","67.193,02"
09/12/2022,"13,65","0,050788","67.227,20"
12/12/2022,"13,65","0,050788","67.261,40"
13/12/2022,"13,65","0,050788","67.295,61"
14/12/2022,"13,65","0,050788","67.329,84"
15/12/2022,"13,65","0,050788","67.364,08"
16/12/2022,"13,65","0,050788","67.398,35"
19/12/2022,"13,65","0,050788","67.432,63"
20/12/2022,"13,65","0,050788","67.466,93"
21/12/2022,"13,65","0,050788","67.501,24"
22/12/2022,"13,65","0,050788","67.535,57"
23/12/2022,"13,65","0,050788","67.569,93"
26/12/2022,"13,65","0,050788","67.604,29"
27/12/2022,"13,65","0,050788","67.638,68"
28/12/2022,"13,65","0,050788","67.673,08"
29/12/2022,"13,65","0,050788","67.707,50"
30/12/2022,"13,65","0,050788","67.741,94"
03/01/2022,"13,65","0,050788","67.776,40"
03/01/2023,"13,65","0,050788","67.810,87"
04/01/2023,"13,65","0,050788","67.845,36"
05/01/2023,"13,65","0,050788","67.879,87"
06/01/2023,"13,65","0,050788","67.914,39"
09/01/2023,"13,65","0,050788","67.948,94"
10/01/2023,"13,65","0,050788","67.983,50"
11/01/2023,"13,65","0,050788","68.018,08"
12/01/2023,"13,65","0,050788","68.052,67"
13/01/2023,"13,65","0,050788","68.087,29"
16/01/2023,"13,65","0,050788","68.121,92"
17/01/2023,"13,65","0,050788","68.156,56"
18/01/2023,"13,65","0,050788","68.191,23"
19/01/2023,"13,65","0,050788","68.225,91"
20/01/2023,"13,65","0,050788","68.260,62"
23/01/2023,"13,65","0,050788","68.295,34"
24/01/2023,"13,65","0,050788","68.330,07"
25/01/2023,"13,65","0,050788","68.364,83"
26/01/2023,"13,65","0,050788","68.399,60"
27/01/2023,"13,65","0,050788","68.434,39"
30/01/2023,"13,65","0,050788","68.469,19"
31/01/2023,"13,65","0,050788","68.504,02"
01/02/2023,"13,65","0,050788","68.538,86"
02/02/2023,"13,65","0,050788","68.573,72"
03/02/2023,"13,65","0,050788","68.608,60"
06/02/2023,"13,65","0,050788","68.643,50"
07/02/2023,"13,65","0,050788","68.678,41"
08/02/2023,"13,65","0,050788","68.713,34"
09/02/2023,"13,65","0,050788","68.748,29"
10/02/2023,"13,65","0,050788","68.783,26"
13/02/2023,"13,65","0,050788","68.818,24"
14/02/2023,"13,65","0,050788","68.853,24"
15/02/2023,"13,65","0,050788","68.888,26"
16/02/2023,"13,65","0,050788","68.923,30"
17/02/2023,"13,65","0,050788","68.958,36"
22/02/2023,"13,65","0,050788","68.993,43"
23/02/2023,"13,65","0,050788","69.028,52"
24/02/2023,"13,65","0,050788","69.063,63"
27/02/2023,"13,65","0,050788","69.098,76"
28/02/2023,"13,65","0,050788","69.133,90"
01/03/2023,"13,65","0,050788","69.169,06"
02/03/2023,"13,65","0,050788","69.204,24"
03/03/2023,"13,65","0,050788","69.239,44"
06/03/2023,"13,65","0,050788","69.274,66"
07/03/2023,"13,65","0,050788","69.309,89"
08/03/2023,"13,65","0,050788","69.345,14"
09/03/2023,"13,65","0,050788","69.380,41"
10/03/2023,"13,65","0,050788","69.415,70"
13/03/2023,"13,65","0,050788","69.451,01"
14/03/2023,"13,65","0,050788","69.486,33"
15/03/2023,"13,65","0,050788","69.521,67"
16/03/2023,"13,65","0,050788","69.557,03"
17/03/2023,"13,65","0,050788","69.592,41"
20/03/2023,"13,65","0,050788","69.627,81"
21/03/2023,"13,65","0,050788","69.663,22"
22/03/2023,"13,65","0,050788","69.698,65"
23/03/2023,"13,65","0,050788","69.734,10"
24/03/2023,"13,65","0,050788","69.769,57"
27/03/2023,"13,65","0,050788","69.805,05"
28/03/2023,"13,65","0,050788","69.840,56"
29/03/2023,"13,65","0,050788","69.876,08"
30/03/2023,"13,65","0,050788","69.911,62"
31/03/2023,"13,65","0,050788","69.947,17"
03/04/2023,"13,65","0,050788","69.982,75"
04/04/2023,"13,65","0,050788","70.018,34"
05/04/2023,"13,65","0,050788","70.053,95"
06/04/2023,"13,65","0,050788","70.089,58"
10/04/2023,"13,65","0,050788","70.125,23"
11/04/2023,"13,65","0,050788","70.160,90"
12/04/2023,"13,65","0,050788","70.196,58"
13/04/2023,"13,65","0,050788","70.232,28"
14/04/2023,"13,65","0,050788","70.268,00"
17/04/2023,"13,65","0,050788","70.303,74"
18/04/2023,"13,65","0,050788","70.339,50"
19/04/2023,"13,65","0,050788","70.375,27"
20/04/2023,"13,65","0,050788","70.411,07"
24/04/2023,"13,65","0,050788","70.446,88"
25/04/2023,"13,65","0,050788","70.482,71"
26/04/2023,"13,65","0,050788","70.518,56"
27/04/2023,"13,65","0,050788","70.554,42"
28/04/2023,"13,65","0,050788","70.590,31"
02/05/2023,"13,65","0,050788","70.626,21"
03/05/2023,"13,65","0,050788","70.662,13"
04/05/2023,"13,65","0,050788","70.698,07"
05/05/2023,"13,65","0,050788","70.734,02"
08/05/2023,"13,65","0,050788","70.770,00"
09/05/2023,"13,65","0,050788","70.805,99"
10/05/2023,"13,65","0,050788","70.842,00"
11/05/2023,"13,65","0,050788","70.878,03"
12/05/2023,"13,65","0,050788","70.914,08"
15/05/2023,"13,65","0,050788","70.950,15"
16/05/2023,"13,65","0,050788","70.986,23"
17/05/2023,"13,65","0,050788","71.022,34"
18/05/2023,"13,65","0,050788","71.058,46"
19/05/2023,"13,65","0,050788","71.094,60"
22/05/2023,"13,65","0,050788","71.130,76"
23/05/2023,"13,65","0,050788","71.166,93"
24/05/2023,"13,65","0,050788","71.203,13"
25/05/2023,"13,65","0,050788","71.239,34"
26/05/2023,"13,65","0,050788","71.275,57"
29/05/2023,"13,65","0,050788","71.311,82"
30/05/2023,"13,65","0,050788","71.348,09"
31/05/2023,"13,65","0,050788","71.384,38"
01/06/2023,"13,65","0,050788","71.420,69"
02/06/2023,"13,65","0,050788","71.457,01"
05/06/2023,"13,65","0,050788","71.493,35"
06/06/2023,"13,65","0,050788","71.529,71"
07/06/2023,"13,65","0,050788","71.566,09"
09/06/2023,"13,65","0,050788","71.602,49"
12/06/2023,"13,65","0,050788","71.638,91"
13/06/2023,"13,65","0,050788","71.675,34"
14/06/2023,"13,65","0,050788","71.711,79"
15/06/2023,"13,65","0,050788","71.748,27"
16/06/2023,"13,65","0,050788","71.784,76"
19/06/2023,"13,65","0,050788","71.821,26"
20/06/2023,"13,65","0,050788","71.857,79"
21/06/2023,"13,65","0,050788","71.894,34"
22/06/2023,"13,65","0,050788","71.930,90"
23/06/2023,"13,65","0,050788","71.967,49"
26/06/2023,"13,65","0,050788","72.004,09"
27/06/2023,"13,65","0,050788","72.040,71"
28/06/2023,"13,65","0,050788","72.077,35"
29/06/2023,"13,65","0,050788","72.114,00"
30/06/2023,"13,65","0,050788","72.150,68"
03/07/2023,"13,65","0,050788","72.187,37"
04/07/2023,"13,65","0,050788","72.224,09"
05/07/2023,"13,65","0,050788","72.260,82"
06/07/2023,"13,65","0,050788","72.297,57"
07/07/2023,"13,65","0,050788","72.334,34"
10/07/2023,"13,65","0,050788","72.371,13"
11/07/2023,"13,65","0,050788","72.407,93"
12/07/2023,"13,65","0,050788","72.444,76"
13/07/2023,"13,65","0,050788","72.481,60"
14/07/2023,"13,65","0,050788","72.518,47"
17/07/2023,"13,65","0,050788","72.555,35"
18/07/2023,"13,65","0,050788","72.592,25"
19/07/2023,"13,65","0,050788","72.629,17"
20/07/2023,"13,65","0,050788","72.666,10"
21/07/2023,"13,65","0,050788","72.703,06"
24/07/2023,"13,65","0,050788","72.740,04"
25/07/2023,"13,65","0,050788","72.777,03"
26/07/2023,"13,65","0,050788","72.814,04"
27/07/2023,"13,65","0,050788","72.851,07"
28/07/2023,"13,65","0,050788","72.888,13"
31/07/2023,"13,65","0,050788","72.925,19"
01/08/2023,"13,65","0,050788","72.962,28"
02/08/2023,"13,65","0,050788","72.999,39"
03/08/2023,"13,15","0,049037","73.035,24"
04/08/2023,"13,15","0,049037","73.071,10"
07/08/2023,"13,15","0,049037","73.106,98"
08/08/2023,"13,15","0,049037","73.142,88"
09/08/2023,"13,15","0,049037","73.178,79"
10/08/2023,"13,15","0,049037","73.214,73"
11/08/2023,"13,15","0,049037","73.250,68"
14/08/2023,"13,15","0,049037","73.286,65"
15/08/2023,"13,15","0,049037","73.322,63"
16/08/2023,"13,15","0,049037","73.358,64"
17/08/2023,"13,15","0,049037","73.394,66"
18/08/2023,"13,15","0,049037","73.430,70"
21/08/2023,"13,15","0,049037","73.466,76"
22/08/2023,"13,15","0,049037","73.502,83"
23/08/2023,"13,15","0,049037","73.538,93"
24/08/2023,"13,15","0,049037","73.575,04"
25/08/2023,"13,15","0,049037","73.611,16"
28/08/2023,"13,15","0,049037","73.647,31"
29/08/2023,"13,15","0,049037","73.683,47"
30/08/2023,"13,15","0,049037","73.719,65"
31/08/2023,"13,15","0,049037","73.755,85"
01/09/2023,"13,15","0,049037","73.792,07"
04/09/2023,"13,15","0,049037","73.828,30"
05/09/2023,"13,15","0,049037","73.864,56"
06/09/2023,"13,15","0,049037","73.900,83"
08/09/2023,"13,15","0,049037","73.937,11"
11/09/2023,"13,15","0,049037","73.973,42"
12/09/2023,"13,15","0,049037","74.009,74"
13/09/2023,"13,15","0,049037","74.046,08"
14/09/2023,"13,15","0,049037","74.082,44"
15/09/2023,"13,15","0,049037","74.118,82"
18/09/2023,"13,15","0,049037","74.155,21"
19/09/2023,"13,15","0,049037","74.191,63"
20/09/2023,"13,15","0,049037","74.228,06"
21/09/2023,"12,65","0,047279","74.263,20"
22/09/2023,"12,65","0,047279","74.298,36"
25/09/2023,"12,65","0,047279","74.333,53"
26/09/2023,"12,65","0,047279","74.368,72"
27/09/2023,"12,65","0,047279","74.403,93"
28/09/2023,"12,65","0,047279","74.439,16"
29/09/2023,"12,65","0,047279","74.474,40"
02/10/2023,"12,65","0,047279","74.509,66"
03/10/2023,"12,65","0,047279","74.544,93"
04/10/2023,"12,65","0,047279","74.580,22"
05/10/2023,"12,65","0,047279","74.615,53"
06/10/2023,"12,65","0,047279","74.650,85"
09/10/2023,"12,65","0,047279","74.686,20"
10/10/2023,"12,65","0,047279","74.721,55"
11/10/2023,"12,65","0,047279","74.756,93"
13/10/2023,"12,65","0,047279","74.792,32"
16/10/2023,"12,65","0,047279","74.827,73"
17/10/2023,"12,65","0,047279","74.863,15"
18/10/2023,"12,65","0,047279","74.898,60"
19/10/2023,"12,65","0,047279","74.934,05"
20/10/2023,"12,65","0,047279","74.969,53"
23/10/2023,"12,65","0,047279","75.005,02"
24/10/2023,"12,65","0,047279","75.040,53"
25/10/2023,"12,65","0,047279","75.076,06"
26/10/2023,"12,65","0,047279","75.111,60"
27/10/2023,"12,65","0,047279","75.147,16"
30/10/2023,"12,65","0,047279","75.182,73"
31/10/2023,"12,65","0,047279","75.218,33"
01/11/2023,"12,65","0,047279","75.253,94"
03/11/2023,"12,15","0,045513","75.288,23"
06/11/2023,"12,15","0,045513","75.322,54"
07/11/2023,"12,15","0,045513","75.356,87"
08/11/2023,"12,15","0,045513","75.391,21"
09/11/2023,"12,15","0,045513","75.425,57"
10/11/2023,"12,15","0,045513","75.459,95"
13/11/2023,"12,15","0,045513","75.494,34"
14/11/2023,"12,15","0,045513","75.528,74"
16/11/2023,"12,15","0,045513","75.563,16"
17/11/2023,"12,15","0,045513","75.597,60"
20/11/2023,"12,15","0,045513","75.632,05"
21/11/2023,"12,15","0,045513","75.666,52"
22/11/2023,"12,15","0,045513","75.701,00"
23/11/2023,"12,15","0,045513","75.735,50"
24/11/2023,"12,15","0,045513","75.770,02"
27/11/2023,"12,15","0,045513","75.804,55"
28/11/2023,"12,15","0,045513","75.839,09"
29/11/2023,"12,15","0,045513","75.873,66"
30/11/2023,"12,15","0,045513","75.908,23"
01/12/2023,"12,15","0,045513","75.942,83"
04/12/2023,"12,15","0,045513","75.977,44"
05/12/2023,"12,15","0,045513","76.012,06"
06/12/2023,"12,15","0,045513","76.046,70"
07/12/2023,"12,15","0,045513","76.081,36"
08/12/2023,"12,15","0,045513","76.116,03"
11/12/2023,"12,15","0,045513","76.150,72"
12/12/2023,"12,15","0,045513","76.185,42"
13/12/2023,"12,15","0,045513","76.220,14"
14/12/2023,"11,65","0,043739","76.253,53"
15/12/2023,"11,65","0,043739","76.286,92"
18/12/2023,"11,65","0,043739","76.320,33"
19/12/2023,"11,65","0,043739","76.353,76"
20/12/2023,"11,65","0,043739","76.387,20"
21/12/2023,"11,65","0,043739","76.420,65"
22/12/2023,"11,65","0,043739","76.454,12"
26/12/2023,"11,65","0,043739","76.487,61"
27/12/2023,"11,65","0,043739","76.521,11"
28/12/2023,"11,65","0,043739","76.554,62"
29/12/2023,"11,65","0,043739","76.588,15"
02/01/2023,"11,65","0,043739","76.621,69"
03/01/2024,"11,65","0,043739","76.655,25"
04/01/2024,"11,65","0,043739","76.688,82"
05/01/2024,"11,65","0,043739","76.722,41"
08/01/2024,"11,65","0,043739","76.756,01"
09/01/2024,"11,65","0,043739","76.789,62"
10/01/2024,"11,65","0,043739","76.823,25"
11/01/2024,"11,65","0,043739","76.856,90"
12/01/2024,"11,65","0,043739","76.890,56"
15/01/2024,"11,65","0,043739","76.924,23"
16/01/2024,"11,65","0,043739","76.957,92"
17/01/2024,"11,65","0,043739","76.991,63"
18/01/2024,"11,65","0,043739","77.025,35"
19/01/2024,"11,65","0,043739","77.059,08"
22/01/2024,"11,65","0,043739","77.092,83"
23/01/2024,"11,65","0,043739","77.126,59"
24/01/2024,"11,65","0,043739","77.160,37"
25/01/2024,"11,65","0,043739","77.194,16"
26/01/2024,"11,65","0,043739","77.227,97"
29/01/2024,"11,65","0,043739","77.261,79"
30/01/2024,"11,65","0,043739","77.295,63"
31/01/2024,"11,65","0,043739","77.329,48"
01/02/2024,"11,15","0,041957","77.361,97"
02/02/2024,"11,15","0,041957","77.394,47"
05/02/2024,"11,15","0,041957","77.426,99"
06/02/2024,"11,15","0,041957","77.459,51"
07/02/2024,"11,15","0,041957","77.492,06"
08/02/2024,"11,15","0,041957","77.524,61"
09/02/2024,"11,15","0,041957","77.557,18"
14/02/2024,"11,15","0,041957","77.589,76"
15/02/2024,"11,15","0,041957","77.622,36"
16/02/2024,"11,15","0,041957","77.654,97"
19/02/2024,"11,15","0,041957","77.687,59"
20/02/2024,"11,15","0,041957","77.720,23"
21/02/2024,"11,15","0,041957","77.752,88"
22/02/2024,"11,15","0,041957","77.785,55"
23/02/2024,"11,15","0,041957","77.818,22"
26/02/2024,"11,15","0,041957","77.850,92"
27/02/2024,"11,15","0,041957","77.883,62"
28/02/2024,"11,15","0,041957","77.916,34"
29/02/2024,"11,15","0,041957","77.949,07"
01/03/2024,"11,15","0,041957","77.981,82"
04/03/2024,"11,15","0,041957","78.014,58"
05/03/2024,"11,15","0,041957","78.047,36"
06/03/2024,"11,15","0,041957","78.080,15"
07/03/2024,"11,15","0,041957","78.112,95"
08/03/2024,"11,15","0,041957","78.145,76"
11/03/2024,"11,15","0,041957","78.178,59"
12/03/2024,"11,15","0,041957","78.211,44"
13/03/2024,"11,15","0,041957","78.244,29"
14/03/2024,"11,15","0,041957","78.277,16"
15/03/2024,"11,15","0,041957","78.310,05"
18/03/2024,"11,15","0,041957","78.342,95"
19/03/2024,"11,15","0,041957","78.375,86"
20/03/2024,"11,15","0,041957","78.408,79"
21/03/2024,"10,65","0,040168","78.440,32"
22/03/2024,"10,65","0,040168","78.471,87"
25/03/2024,"10,65","0,040168","78.503,43"
26/03/2024,"10,65","0,040168","78.535,00"
27/03/2024,"10,65","0,040168","78.566,59"
28/03/2024,"10,65","0,040168","78.598,19"
01/04/2024,"10,65","0,040168","78.629,80"
02/04/2024,"10,65","0,040168","78.661,42"
03/04/2024,"10,65","0,040168","78.693,06"
04/04/2024,"10,65","0,040168","78.724,71"
05/04/2024,"10,65","0,040168","78.756,37"
08/04/2024,"10,65","0,040168","78.788,05"
09/04/2024,"10,65","0,040168","78.819,74"
10/04/2024,"10,65","0,040168","78.851,44"
11/04/2024,"10,65","0,040168","78.883,15"
12/04/2024,"10,65","0,040168","78.914,88"
15/04/2024,"10,65","0,040168","78.946,61"
16/04/2024,"10,65","0,040168","78.978,37"
17/04/2024,"10,65","0,040168","79.010,13"
18/04/2024,"10,65","0,040168","79.041,91"
19/04/2024,"10,65","0,040168","79.073,70"
22/04/2024,"10,65","0,040168","79.105,50"
23/04/2024,"10,65","0,040168","79.137,31"
24/04/2024,"10,65","0,040168","79.169,14"
25/04/2024,"10,65","0,040168","79.200,98"
26/04/2024,"10,65","0,040168","79.232,84"
29/04/2024,"10,65","0,040168","79.264,70"
30/04/2024,"10,65","0,040168","79.296,58"
02/05/2024,"10,65","0,040168","79.328,47"
03/05/2024,"10,65","0,040168","79.360,38"
06/05/2024,"10,65","0,040168","79.392,30"
07/05/2024,"10,65","0,040168","79.424,23"
08/05/2024,"10,65","0,040168","79.456,17"
09/05/2024,"10,4","0,03927","79.487,41"
10/05/2024,"10,4","0,03927","79.518,67"
13/05/2024,"10,4","0,03927","79.549,93"
14/05/2024,"10,4","0,03927","79.581,21"
15/05/2024,"10,4","0,03927","79.612,50"
16/05/2024,"10,4","0,03927","79.643,80"
17/05/2024,"10,4","0,03927","79.675,12"
20/05/2024,"10,4","0,03927","79.706,45"
21/05/2024,"10,4","0,03927","79.737,79"
22/05/2024,"10,4","0,03927","79.769,14"
23/05/2024,"10,4","0,03927","79.800,50"
24/05/2024,"10,4","0,03927","79.831,88"
27/05/2024,"10,4","0,03927","79.863,27"
28/05/2024,"10,4","0,03927","79.894,67"
29/05/2024,"10,4","0,03927","79.926,09"
31/05/2024,"10,4","0,03927","79.957,51"
03/06/2024,"10,4","0,03927","79.988,95"
04/06/2024,"10,4","0,03927","80.020,40"
05/06/2024,"10,4","0,03927","80.051,87"
06/06/2024,"10,4","0,03927","80.083,34"
07/06/2024,"10,4","0,03927","80.114,83"
10/06/2024,"10,4","0,03927","80.146,33"
11/06/2024,"10,4","0,03927","80.177,84"
12/06/2024,"10,4","0,03927","80.209,37"
13/06/2024,"10,4","0,03927","80.240,90"
14/06/2024,"10,4","0,03927","80.272,45"
17/06/2024,"10,4","0,03927","80.304,02"
18/06/2024,"10,4","0,03927","80.335,59"
19/06/2024,"10,4","0,03927","80.367,18"
20/06/2024,"10,4","0,03927","80.398,78"
21/06/2024,"10,4","0,03927","80.430,39"
24/06/2024,"10,4","0,03927","80.462,01"
25/06/2024,"10,4","0,03927","80.493,65"
26/06/2024,"10,4","0,03927","80.525,30"
27/06/2024,"10,4","0,03927","80.556,96"
28/06/2024,"10,4","0,03927","80.588,64"
01/07/2024,"10,4","0,03927","80.620,32"
02/07/2024,"10,4","0,03927","80.652,02"
03/07/2024,"10,4","0,03927","80.683,73"
04/07/2024,"10,4","0,03927","80.715,46"
05/07/2024,"10,4","0,03927","80.747,19"
08/07/2024,"10,4","0,03927","80.778,94"
09/07/2024,"10,4","0,03927","80.810,70"
10/07/2024,"10,4","0,03927","80.842,48"
11/07/2024,"10,4","0,03927","80.874,26"
12/07/2024,"10,4","0,03927","80.906,06"
15/07/2024,"10,4","0,03927","80.937,87"
16/07/2024,"10,4","0,03927","80.969,69"
17/07/2024,"10,4","0,03927","81.001,53"
18/07/2024,"10,4","0,03927","81.033,38"
19/07/2024,"10,4","0,03927","81.065,24"
22/07/2024,"10,4","0,03927","81.097,11"
23/07/2024,"10,4","0,03927","81.129,00"
24/07/2024,"10,4","0,03927","81.160,90"
25/07/2024,"10,4","0,03927","81.192,81"
26/07/2024,"10,4","0,03927","81.224,73"
29/07/2024,"10,4","0,03927","81.256,67"
30/07/2024,"10,4","0,03927","81.288,62"
31/07/2024,"10,4","0,03927","81.320,58"
01/08/2024,"10,4","0,03927","81.352,55"
02/08/2024,"10,4","0,03927","81.384,54"
05/08/2024,"10,4","0,03927","81.416,54"
06/08/2024,"10,4","0,03927","81.448,55"
07/08/2024,"10,4","0,03927","81.480,57"
08/08/2024,"10,4","0,03927","81.512,61"
09/08/2024,"10,4","0,03927","81.544,66"
12/08/2024,"10,4","0,03927","81.576,72"
13/08/2024,"10,4","0,03927","81.608,80"
14/08/2024,"10,4","0,03927","81.640,88"
15/08/2024,"10,4","0,03927","81.672,98"
16/08/2024,"10,4","0,03927","81.705,10"
19/08/2024,"10,4","0,03927","81.737,22"
20/08/2024,"10,4","0,03927","81.769,36"
21/08/2024,"10,4","0,03927","81.801,51"
22/08/2024,"10,4","0,03927","81.833,67"
23/08/2024,"10,4","0,03927","81.865,85"
26/08/2024,"10,4","0,03927","81.898,03"
27/08/2024,"10,4","0,03927","81.930,24"
28/08/2024,"10,4","0,03927","81.962,45"
29/08/2024,"10,4","0,03927","81.994,67"
30/08/2024,"10,4","0,03927","82.026,91"
02/09/2024,"10,4","0,03927","82.059,16"
03/09/2024,"10,4","0,03927","82.091,43"
04/09/2024,"10,4","0,03927","82.123,70"
05/09/2024,"10,4","0,03927","82.155,99"
06/09/2024,"10,4","0,03927","82.188,30"
09/09/2024,"10,4","0,03927","82.220,61"
10/09/2024,"10,4","0,03927","82.252,94"
11/09/2024,"10,4","0,03927","82.285,28"
12/09/2024,"10,4","0,03927","82.317,63"
13/09/2024,"10,4","0,03927","82.350,00"
16/09/2024,"10,4","0,03927","82.382,37"
17/09/2024,"10,4","0,03927","82.414,76"
18/09/2024,"10,4","0,03927","82.447,17"
19/09/2024,"10,65","0,040168","82.480,33"
20/09/2024,"10,65","0,040168","82.513,50"
23/09/2024,"10,65","0,040168","82.546,68"
24/09/2024,"10,65","0,040168","82.579,88"
25/09/2024,"10,65","0,040168","82.613,09"
26/09/2024,"10,65","0,040168","82.646,31"
27/09/2024,"10,65","0,040168","82.679,55"
30/09/2024,"10,65","0,040168","82.712,80"
01/10/2024,"10,65","0,040168","82.746,07"
02/10/2024,"10,65","0,040168","82.779,34"
03/10/2024,"10,65","0,040168","82.812,63"
04/10/2024,"10,65","0,040168","82.845,94"
07/10/2024,"10,65","0,040168","82.879,26"
08/10/2024,"10,65","0,040168","82.912,59"
09/10/2024,"10,65","0,040168","82.945,93"
10/10/2024,"10,65","0,040168","82.979,29"
11/10/2024,"10,65","0,040168","83.012,66"
14/10/2024,"10,65","0,040168","83.046,05"
15/10/2024,"10,65","0,040168","83.079,44"
16/10/2024,"10,65","0,040168","83.112,86"
17/10/2024,"10,65","0,040168","83.146,28"
18/10/2024,"10,65","0,040168","83.179,72"
21/10/2024,"10,65","0,040168","83.213,17"
22/10/2024,"10,65","0,040168","83.246,64"
23/10/2024,"10,65","0,040168","83.280,12"
24/10/2024,"10,65","0,040168","83.313,61"
25/10/2024,"10,65","0,040168","83.347,11"
28/10/2024,"10,65","0,040168","83.380,63"
29/10/2024,"10,65","0,040168","83.414,16"
30/10/2024,"10,65","0,040168","83.447,71"
31/10/2024,"10,65","0,040168","83.481,27"
01/11/2024,"10,65","0,040168","83.514,84"
04/11/2024,"10,65","0,040168","83.548,43"
05/11/2024,"10,65","0,040168","83.582,03"
06/11/2024,"10,65","0,040168","83.615,64"
07/11/2024,"11,15","0,041957","83.650,77"
08/11/2024,"11,15","0,041957","83.685,91"
11/11/2024,"11,15","0,041957","83.721,06"
12/11/2024,"11,15","0,041957","83.756,23"
13/11/2024,"11,15","0,041957","83.791,41"
14/11/2024,"11,15","0,041957","83.826,61"
18/11/2024,"11,15","0,041957","83.861,82"
19/11/2024,"11,15","0,041957","83.897,05"
21/11/2024,"11,15","0,041957","83.932,29"
22/11/2024,"11,15","0,041957","83.967,55"
25/11/2024,"11,15","0,041957","84.002,82"
26/11/2024,"11,15","0,041957","84.038,11"
27/11/2024,"11,15","0,041957","84.073,41"
28/11/2024,"11,15","0,041957","84.108,73"
29/11/2024,"11,15","0,041957","84.144,06"
02/12/2024,"11,15","0,041957","84.179,41"
03/12/2024,"11,15","0,041957","84.214,77"
04/12/2024,"11,15","0,041957","84.250,14"
05/12/2024,"11,15","0,041957","84.285,54"
06/12/2024,"11,15","0,041957","84.320,94"
09/12/2024,"11,15","0,041957","84.356,36"
10/12/2024,"11,15","0,041957","84.391,80"
11/12/2024,"11,15","0,041957","84.427,25"
12/12/2024,"12,15","0,045513","84.465,72"
13/12/2024,"12,15","0,045513","84.504,21"
16/12/2024,"12,15","0,045513","84.542,71"
17/12/2024,"12,15","0,045513","84.581,24"
18/12/2024,"12,15","0,045513","84.619,78"
19/12/2024,"12,15","0,045513","84.658,34"
20/12/2024,"12,15","0,045513","84.696,91"
23/12/2024,"12,15","0,045513","84.735,50"
24/12/2024,"12,15","0,045513","84.774,12"
26/12/2024,"12,15","0,045513","84.812,74"
27/12/2024,"12,15","0,045513","84.851,39"
30/12/2024,"12,15","0,045513","84.890,06"
31/12/2024,"12,15","0,045513","84.928,74"